replicate,n_unique_samples,n_oob_samples,shap_signed__Hematotoxicity,shap_signed__Immunotoxicity,shap_signed__Oxidative_Stress,shap_signed__Metabolism_Energy,shap_signed__Morphological_Development,shap_signed__Cardiovascular_Angiogenesis,shap_signed__Apoptosis_Proliferation,shap_signed__Behavior_Neuro,shap_signed__Endocrine_Thyroid,shap_signed__General_Fitness,shap_signed__Endocrine_Reproductive,shap_signed__Effect Measurement_LOO,shap_signed__SMR_VSA1,shap_signed__VSA_EState5,shap_signed__MolLogP,shap_signed__Chi1v,shap_signed__VSA_EState2,shap_signed__SlogP_VSA3,shap_signed__Chi4v,shap_signed__AvgIpc,shap_signed__NumValenceElectrons,shap_signed__Chi0,shap_signed__SMR_VSA5,shap_signed__Ipc,shap_signed__VSA_EState7,shap_signed__Kappa2,shap_signed__Chi4n,shap_signed__VSA_EState9,shap_signed__Chi1,shap_signed__SlogP_VSA2,shap_abs__Hematotoxicity,shap_abs__Immunotoxicity,shap_abs__Oxidative_Stress,shap_abs__Metabolism_Energy,shap_abs__Morphological_Development,shap_abs__Cardiovascular_Angiogenesis,shap_abs__Apoptosis_Proliferation,shap_abs__Behavior_Neuro,shap_abs__Endocrine_Thyroid,shap_abs__General_Fitness,shap_abs__Endocrine_Reproductive,shap_abs__Effect Measurement_LOO,shap_abs__SMR_VSA1,shap_abs__VSA_EState5,shap_abs__MolLogP,shap_abs__Chi1v,shap_abs__VSA_EState2,shap_abs__SlogP_VSA3,shap_abs__Chi4v,shap_abs__AvgIpc,shap_abs__NumValenceElectrons,shap_abs__Chi0,shap_abs__SMR_VSA5,shap_abs__Ipc,shap_abs__VSA_EState7,shap_abs__Kappa2,shap_abs__Chi4n,shap_abs__VSA_EState9,shap_abs__Chi1,shap_abs__SlogP_VSA2
0,174,89,9.751125912242108e-05,-0.0636167781369241,-0.0363089376450679,-0.0021619975247017,-0.0187622999010391,-0.045274930517094,-0.0013628674124178,0.0104344910664953,-0.0359676010758576,-0.0138278538576632,-0.0227817243794485,-0.4768321468055508,-0.0077260882449871,-0.0110317735965887,-0.0180241674755274,-0.0025548665480479,-0.0124071994705606,-0.0088839904054224,-0.0025382717872964,-0.0058797315680668,-0.0100429204060096,-0.0051250418053611,-0.005181118440918,-0.0081895105117596,-0.0043353222243661,-0.0057550909571298,0.0012871043566397,-0.0025698332673206,-0.0061032030860397,-0.0083603812368126,0.0003461535190066,0.338002222027592,0.1029988629605004,0.0069730025879671,0.087223038667261,0.2960215050733437,0.0168168106029118,0.1566560201379734,0.1457963052817805,0.1300084989989822,0.1425327953862805,1.339609136084028,0.0373888182442033,0.0813339410425003,0.0508110908223586,0.0280525739074026,0.0510150935958246,0.0826918086208829,0.0239676383854976,0.0380073516520687,0.0306326763264506,0.025502542754908,0.0271721488979554,0.0323025358997828,0.0518149861208197,0.0247039402430911,0.034277380292545,0.0144094344021355,0.0401189977196983,0.0478909629625603
1,163,100,-6.391977164521474e-05,-0.1575094746520061,-0.0074340967615858,-0.0228427884977151,-0.0174427334922094,-0.0376583901311768,-0.0109538830247932,-0.0327310254468178,0.0047969771900163,-0.0161009487917288,-0.0346099946837267,-0.4543982948771036,-0.0169660955365254,-0.0151822699740961,-0.0101338770751032,-0.0094582581505878,-0.0081875211445131,-0.0122031393992725,-0.0006707598318994,-0.0044676910587489,-0.0076095057808123,0.0010600052256445,-0.0099981650545071,-0.0135645518045181,-0.0211423369157781,-0.0071840301416052,0.0026551934404355,-0.004314264629794,-0.0029017502012428,-0.0089096678925069,0.0064221442986196,0.4972666304468011,0.226619599419322,0.0681738935093607,0.0893507447784279,0.1043913576637496,0.0383589346332943,0.2434888401284555,0.150632809848119,0.0951240567727353,0.1767293028440304,1.4089880322918038,0.0384394813789409,0.0752328679033843,0.0424211975035936,0.0317024533938976,0.0508088349177538,0.1070282061679125,0.0742590199183687,0.0368448881759386,0.0432769273303097,0.0242290060597443,0.0379606541140762,0.0363142444719273,0.0822987174355259,0.0373819437877227,0.0190203808515663,0.019692762405267,0.0248265916218725,0.0415868158544733
2,164,99,-0.0283309975444285,-0.1237803830706763,-0.0254727757067494,-0.000102272572964,-0.0058015269954133,-0.0377708661172967,-0.008358862059699,-0.0297977677353288,-0.0072362034730616,-0.0112199818097408,-0.0069832437916246,-0.3362671403774432,0.009651598348048,-0.0554347092012789,-0.0168318191592662,-0.0070773787497862,-0.0231737595225554,-0.0174069311793905,-0.0047970038871107,-0.0050823129613247,-0.0089947909290617,-0.00079867556417,-0.0062668662757902,-0.0170041473119265,-0.010709623679619,-0.0199795530747056,-0.0081398648038186,0.0027438128498714,-0.007206400914308,-0.0187339674638413,0.0591826589380809,0.4845332419596089,0.2387918263331217,0.0200546745463233,0.0267148714006775,0.0744575677049348,0.0379308027429224,0.223212489212867,0.1853594145024935,0.0428337323844583,0.1173980953836518,1.1234202611138386,0.0278732937149585,0.220624799018843,0.0516926850105463,0.0628948163178667,0.0883176047292899,0.1101033884457128,0.041963662836512,0.0463788537900466,0.0272499898830383,0.0141123958993523,0.025649769866426,0.0291710454076992,0.0555840776268432,0.0486984160084515,0.0447916760444777,0.0392987360448428,0.0296529160557602,0.0476530886166609
3,157,106,0.0023232363516261,-0.0924180430255291,-0.0048667817585715,0.0007472796123333,-0.0189370534502993,-0.0120478649629419,-0.0020752445706383,-0.0328129757223812,0.0098461533453778,-0.0215927884375883,-0.0246354276074808,-0.2018989539013662,-0.0008599400843108,-0.0184498301696327,-0.0071435004730056,-0.0099243999396923,0.0015158465120083,0.003240574464778,-0.0014622313046928,-0.0050301790921541,0.003140534442083,-0.0030209992658283,-0.0120205848858672,-0.0095275638011782,-0.0174022911327479,-0.0004332858334965,-0.0083305579150924,-0.0099221349649354,-0.0045724682430125,-7.314189037578234e-05,0.0275009085382155,0.3154424499862932,0.1030301517898406,0.0140737276808934,0.1320861475340156,0.1609054888826107,0.0152439334715119,0.1005061729805004,0.1336296160264481,0.0984400451206866,0.1416456041332359,1.188983924693606,0.0340895073614838,0.0598977536710649,0.0602766023401229,0.0747646800940353,0.0868439876147373,0.0690663359566715,0.0826418721367816,0.0592386657493119,0.0312600696921502,0.0344847103185985,0.0469284603634213,0.0347674266836193,0.0942094523429937,0.0235542763042058,0.0529811525564373,0.0379605952037625,0.0321156278223464,0.0561555765403625
4,156,107,0.0018354627860595,-0.0857471777395112,-0.005361967517533,0.007796623776997,-0.0072053349073886,-0.0232463173412865,-0.0015571417228215,-4.841213393365336e-06,-0.0343343325115972,-0.0112844320905755,0.0010089529068574,-0.2408617916126329,-0.0119660593089907,-0.0312203918668679,-0.0151136986933102,-0.0144457392745001,-0.0457559500396637,-0.0270421968408061,-0.0027809820320386,-0.0084067894227093,-0.0042415341739104,-0.0083338156099189,-0.0166758001208726,0.0006679967607463,-0.0235705179639488,-0.0115583322231006,-0.007968605989357,-0.0092069045763835,-0.0033490422711352,-0.0033327175513219,0.0066076245044283,0.3346988090885984,0.1822915262992137,0.0224478495619195,0.1319940250477879,0.1458711249318618,0.0144072479340594,0.2849266415111449,0.2282322372659286,0.0413744637039963,0.1171040380499133,1.2216422276896637,0.0325259530364235,0.064830431537305,0.0374050672967052,0.0381884736016157,0.1087874994069038,0.0854293099518439,0.0333915878987476,0.0259358760927846,0.021141050807581,0.0233658786748381,0.028593837317595,0.019444209849902,0.082166426794986,0.0256732823548368,0.0365522333347395,0.0330716982244082,0.0177711225628014,0.0412263070673027
5,169,94,-0.0092925045450825,-0.0519435492402342,0.0082523360531917,0.0066430777962454,-0.0213501129851074,-0.0010522113607802,-0.0006309358721841,0.0030465454874908,-0.0177986752560681,0.0203319019533896,-0.0271889883785954,-0.3799888830135044,-0.0172618981991029,-0.0370073369800908,-0.0079984433289168,-0.0138944451727186,-0.0377274756412646,-0.0056973307880649,-0.0237686263814493,-0.0173152835534401,-0.0022018796210412,-0.0080294340479738,-0.0065908251853105,-0.0119183613088026,-0.0193541265910203,-0.0157347588453344,-0.0038400482279108,-0.0073391152549543,-0.0047653351458423,-0.0122036496972795,0.0538202445339729,0.3546040782049566,0.1227632164071557,0.0317343396394014,0.0705348655287211,0.0791622630152909,0.0071335420340963,0.1578983523066039,0.1605995843000187,0.1440805639381008,0.208768992761814,1.2165621395427324,0.046024534139956,0.1129554975779889,0.0389525732265429,0.0396800591710392,0.1692517161639576,0.0779024778973154,0.0476155294168137,0.0542386794035502,0.0320990581255967,0.057025633242917,0.0450391681045656,0.0298428133105623,0.0864642317955628,0.0531850292583284,0.0326419203616249,0.0197772359543938,0.0363467428039655,0.0456699428744683
6,171,92,-0.0056345499480924,-0.0453126429819153,-0.0361366146825848,-0.0008087890292739,-0.0270074623704071,-0.0248869700200447,-0.0200595912446241,-0.0078849431877359,-0.0525691241761327,-0.0182312106285974,-0.0180709792164071,-0.3511614308809321,-0.0002316223073704,-0.026002680056384,-0.001064803273249,-0.0073245314622724,-0.0071181260674729,0.0038441952188404,-0.0089837519665969,0.0014994440161319,-0.0004055319708599,0.0005696716330022,-0.0094494014982275,-0.0030315856346832,-0.0246780036953894,-0.0147243957321118,0.0010380539404669,-0.0111402976820539,-0.0086488542988364,-0.0046533272199837,0.1252300511216151,0.3409569772001671,0.1272240217939383,0.0033186990307285,0.1056816893454387,0.0961831029157299,0.0662701999183005,0.1357071301329133,0.1930042217249281,0.1405403344141351,0.0490288603701739,1.3336822226996623,0.024260486238958,0.193808911827898,0.0368841486238925,0.0341210730177229,0.0879364267360401,0.080159222309234,0.0300660103783503,0.0177397560570938,0.0188467944220398,0.0201303696618637,0.0257083580965104,0.0273791049722347,0.1030244819840483,0.048599536354108,0.0214882429247362,0.0389180887366054,0.0229882164045224,0.0273197925522677
7,171,92,-0.029273562548778,-0.1328846109571521,-0.0062092298361719,0.0082248217601904,-0.0113027622021472,-0.0026372081836919,-0.009184528992321,0.0134530303250483,-0.0057913864679346,0.0291961273073359,0.0060866531893454,-0.4005622433731987,-0.0171539466286554,-0.0153195127913008,-0.0116121010115327,-0.0208619443406602,-0.0007050225264056,0.0004507306372104,0.0010713561159174,-0.0061735156404644,-0.0098786981668069,-0.0103274610399236,-0.0152974444351329,0.0012301836541505,-0.016823100722255,-0.0045700851259702,-0.0138267399112021,-0.0038387464594459,-0.011012625802147,-0.0104444051851178,0.0659447240976228,0.4249918076006069,0.0737110889084587,0.029752372086911,0.0681288075595331,0.0365930835239963,0.0552248067714185,0.2311899829373866,0.1663957122424612,0.1535309657743517,0.1042129308927582,1.2937384539145411,0.0515590045060011,0.0916109629532371,0.0914239528477634,0.0523526794909197,0.0382476557862248,0.0344577772274199,0.0292563750685938,0.0294712870921655,0.0274019790466027,0.0282018272383906,0.030435414564986,0.0445668844242932,0.065298709923817,0.0663389775277671,0.0517739212897414,0.0184595966095802,0.0488784814262153,0.049803152002271
8,165,98,0.009091759178032,-0.1363264990640755,0.0006529826339799,0.0155862326378686,0.0088000097304883,-0.0128562440352688,-0.0068316056186215,-0.0691046866439939,-0.012409005989044,0.0003505222630637,-0.0301705827755418,-0.3328365924517538,-0.0046030492128777,-0.0219908871187133,-0.014854521406555,-0.0041078369389037,0.0004733443675194,-0.014578041097017,-0.0015148204243971,-0.008347809290239,-0.0025025568156351,-0.0073491079245563,-0.0015792200843663,-0.0120225723456719,-0.0023582454037346,-0.0138380737891063,-0.0058226296586568,-0.0040811988272652,-0.005989573669157,-0.0070670929451431,0.0221740911048857,0.3742207582464394,0.0545501608245311,0.0303848866542199,0.08216783492951,0.0578702328355333,0.0287098899892011,0.3340335045454094,0.1805141500781351,0.1361162212432814,0.1708080435250312,1.2865768279610257,0.026022533296932,0.140789184569114,0.0773060718626682,0.0374500128498564,0.040457903498201,0.0526564843335637,0.0219140385082114,0.0414719816507008,0.0210791845575782,0.0357330789202148,0.0133541330034874,0.0336202966595876,0.1003297915503352,0.0343978227851229,0.0397304153932698,0.0290471656315311,0.0268566707307216,0.0264512888871937
9,177,86,-0.0005574875801087,0.0076593715283526,-0.0190262489648432,-0.0012989171037828,-0.0112913901252126,-0.0009618960241349,0.0039574819802505,-0.022492359702487,-0.0308559165641881,-0.0380868702587793,-0.0418313504128498,-0.2275218076613814,-0.0025153246343734,-0.0200728461618605,-0.0028613159485941,-0.0177134495985949,-0.0089624959315099,-0.0024269939916983,-0.0052175710950184,-0.0045178149639702,-0.008856257226649,-0.0057093793372665,0.0026783457313811,-0.005719469086601,-0.008458455580357,-0.0050864299325074,-0.0012946940583839,-0.00913684566931,-0.00438855901154,-0.0016554352550425,0.0054772035335002,0.2932457250273694,0.2231519207822988,0.00498093352507,0.0594027101490619,0.1812341277918705,0.0320379981537106,0.1808014635559474,0.1681583835988229,0.0935305696850631,0.2054215087151444,0.9910674230864364,0.0612923384614311,0.1371517669430007,0.0700535979761104,0.1028693140954149,0.0557416947272661,0.064730645546588,0.0308204398967894,0.050314184899885,0.0311359860969085,0.041822339242197,0.0257643905970666,0.0532023114195111,0.0486603161459012,0.0824991471457737,0.0403533825510155,0.0434084764099132,0.0422530965107821,0.0327770468718921
10,161,102,-0.000850648151658,-0.0422867006926042,-0.0361768921130774,-0.0015872872180475,-0.0158799979420777,-0.0117328123560227,3.9711180840492544e-05,-0.0333952815178314,-0.0145015308409316,-0.0325758422008398,-0.0116136212992117,-0.3148116063540938,-0.0014203597529807,-0.0079735202022029,-0.0139667955393295,0.0057607188794343,-0.0024451973849023,-0.0234964961634968,-0.0011590257545331,-0.0094293326105357,-0.0086840152582352,0.0021898158943516,-0.0062936571690874,-0.0033517321374487,-0.0138905443255757,-0.0059214120054954,-0.0095649396385152,-0.0039383897195069,0.0007187251696555,-0.0012264051467224,0.00509166395978,0.271707780224616,0.1598182121036651,0.0142861029025722,0.093696323803113,0.0715826953552257,0.0076316751723563,0.2174700367328275,0.1480755211906881,0.117939220501469,0.0946225766150673,1.245626086746917,0.0396530890626148,0.1126805798108508,0.0443589054205157,0.0483579508905892,0.0355406472427563,0.0879931265953186,0.0250646172612671,0.0437164893458112,0.0346193389407717,0.0383837988317367,0.0546189461435541,0.033881255154931,0.0977519803667354,0.0516050741655215,0.0307758246606467,0.0165554825814883,0.0342596291900249,0.0456110155789433
11,171,92,0.0003782087165824,-0.0939093692744384,-0.0471872649387279,-0.0067771695381127,-0.0018540917076714,-0.0611362591111135,0.0015932148653044,-0.0357366582671196,-0.0221529741971669,-0.0038066352983653,-0.020915577021489,-0.4214877362229149,0.0040446781726083,-0.0138319220585702,-0.0075250361205163,0.002754621441934,-0.0049627577447304,0.0067489568963646,0.0030590733020699,-0.0024364615225233,-0.0051765790781517,-0.0041211032083692,-0.0037372533796308,-0.0041766198410468,0.0038719262948441,0.0097344096475349,-0.0017609407689806,-0.0002985152919206,-0.0027086604143017,-0.0035166694505624,0.005537210552575,0.4669998890346504,0.1488321761712663,0.0181856930587627,0.0502778116477187,0.4045231742168718,0.0110050003689752,0.1987509849621266,0.1102393773702664,0.0668423159906915,0.06855200921114,1.198702364995724,0.0243302339723389,0.1881259082289442,0.0429118330703625,0.0366486642024435,0.0653673806695637,0.1196943687956038,0.0407246162988518,0.0288435728335158,0.0263927154009486,0.0229346921886786,0.0348152027562794,0.0390312394900633,0.0603719297722485,0.0540928473538097,0.0303898865224372,0.0124467947113302,0.0219692902176348,0.0445223300916561
12,174,89,0.0005808984428004,-0.1204373470299449,-0.0258424940872593,-0.0063131059194724,-0.0129277107906731,-0.0539253196673605,-0.0014324604031146,-0.0296274222185419,-0.018175043621242,-0.0089670993494354,-0.0149787327400412,-0.4124959618813406,-0.0131126695947814,-0.0225945583222513,-0.0068284923443319,-0.0179826860290934,-0.044281738764238,-0.0086166922495762,-0.0002113284887966,-0.0008881195738289,-0.0044953357034841,-0.0053535987815138,-0.0079798851729548,-0.0047861912030299,-0.0088500917783216,-0.0068162864153462,-0.0102115375215492,0.0039006517385085,-0.002818407283468,-0.0040150020560292,0.021471543766961,0.4293619502825582,0.1352748067800191,0.0340998504727115,0.1035458631437625,0.5797323733814467,0.0200985092792283,0.1618664242715668,0.1735912291776108,0.1652102328662231,0.1030925070654884,1.2787074501587694,0.0369504381962632,0.107157367535462,0.0434713331081636,0.0619006878649176,0.1399493175022347,0.0575229919660914,0.0274987214456136,0.0210155773543821,0.0233387079289723,0.019697239626474,0.0174485258409917,0.0284126484217375,0.0410392873341303,0.0426461988250189,0.026931290792333,0.0315981880280495,0.0252719306807623,0.0295759476625385
13,171,92,0.0002669092590402,-0.0103769954115298,-0.0336006256027674,-0.000322775737901,0.0016674722916805,-0.0129412179570556,-0.0042816881916268,-0.0425104575192344,-0.0438332539332622,0.0195760695726115,0.0010324279476385,-0.3822872690947811,-0.0151931450768504,-0.0648368265106695,-0.014062030994345,-0.0113966637789772,-0.0443985324452182,-0.0107297420640897,-0.0078910005114819,-0.0166554641273073,-0.0158079044667356,-0.0029831947577264,-0.0131033698528786,-0.0212103087711399,-0.0114372154259732,-0.0157698430617873,-0.0109077752743661,-0.0016296004619624,-0.0108668324741004,-0.0109435806865258,0.0014950150066975,0.3189254912605911,0.2534189190780051,0.0122991880218613,0.1387067750307723,0.1425819707351287,0.0233120482738629,0.1465054018913207,0.1824475959396951,0.1573618182156772,0.0551053195457139,1.418163279152341,0.0588610479428604,0.1143944805337998,0.0436589352016414,0.0592304543420681,0.1214442147656177,0.0866582945256894,0.0418184288208328,0.0443163207325606,0.0431146068725186,0.0290817893066698,0.0303854055563754,0.0479576783042238,0.0755104000586877,0.033351640209674,0.0236664208237267,0.021372133284359,0.0290277038831096,0.0562280285480492
14,168,95,-0.0158916040980729,-0.0904578150178377,-0.0216433569789383,-0.0006985919230586,-0.0625075093644841,-0.0008128303281912,-0.0155794027713049,-0.0228275678745468,-0.1004213969060077,0.0425358393556234,-0.0069162620364343,-0.2628686458789307,-0.0064195034623234,-0.0169306557747201,-0.0085760938532802,-0.002703424047145,-0.0092856427786804,-0.0144218554684644,-0.0068460448221749,-0.0022061456391274,-0.0075908945231183,-0.0101517214210467,-0.0091057807533219,-0.0048686228396994,-0.0220788968314199,-0.0008143096034055,-0.0041865019307373,-0.0002354179662414,-0.0005321227848952,-0.0141078270310454,0.0617571145903143,0.3140033658473654,0.1105820519398441,0.0125479623738938,0.1799012328877373,0.1047009246018956,0.0785349598956937,0.1724426422744666,0.2574528747598461,0.2170699415686757,0.1840822068529366,1.1633002799351286,0.035051770172266,0.152864566975821,0.0572729362184547,0.0380819079492129,0.073461531401982,0.060183924779382,0.0358278380592401,0.0332863091852375,0.0368050596537478,0.0364634122140257,0.0395951565630645,0.0376715256790749,0.0731375414518475,0.0640537754326031,0.0408571877600484,0.0088736394037903,0.0197606247279663,0.0439343498074505
15,169,94,-0.0016445255795906,-0.0434765220975049,-0.0241074254316963,-0.0030601097350871,0.0218099389253553,-0.0188475526130662,-0.0081283790167244,-0.0110300235585195,-0.0022926134026624,0.0038159455969242,0.00462867943998,-0.2924540252128819,-0.0014612541874465,-0.0168891761627714,-0.0177726691760756,-0.0004265333326309,-0.0448874886969024,-0.0069420673288623,-0.0007548240244584,0.0056595518856976,0.0028299561370715,-7.145287736103527e-05,0.0017102958001951,0.0045816560405173,-0.0152335202136256,-0.004173644469269,-0.0102077066146626,-0.0012037199938255,0.0001691417133522,-0.0018320400665451,0.0070193848521486,0.2617614830844519,0.1288380037786965,0.0145722805424339,0.0993712458141692,0.0695534228182225,0.0367311906290805,0.1906828660966419,0.079064511964641,0.1244560609178501,0.1510724196490424,1.266167541566522,0.0480591602364581,0.0879642401058324,0.0505065135735902,0.0293073816255026,0.1793944888607453,0.0318231360303556,0.0337997807900215,0.0309320181000432,0.0350088718161211,0.0507602691341878,0.0490888282421028,0.0251747122749096,0.080122544548751,0.0442225690910013,0.0258188687346151,0.010597679575098,0.0282251890291729,0.0520721953406626
16,169,94,-0.0099902805674908,-0.0687808792233363,-0.0136807142901425,-0.0091031510088935,0.0063283383042665,-0.0066760542375255,-0.0172893358634206,-0.0203955443430704,0.0025441379492163,-0.0499849698846433,-0.021340374801895,-0.3460256096603507,-0.0117949643634668,-0.0124061215044102,-0.0107742728072389,-0.0115860430714425,-0.0350543465213644,-0.0057799775659074,-0.0012682227957542,-0.0096232684817542,-0.0033764088384819,-0.0123811930054033,-0.0080832538507976,-0.0051064113108086,-0.0163726106915414,-0.0125054563971,-0.0087023363712738,-0.0033384820349865,-0.0078255904256786,0.0003756813358349,0.089956902888005,0.324570800358368,0.1042761825837112,0.0332332846617334,0.0612824773027646,0.0343694943605711,0.0536606768383883,0.2394997128159178,0.0688649100141786,0.1045567141532613,0.1408316625068066,1.0826266268850913,0.0369831859414611,0.1076790859203119,0.0443958914837815,0.0331000329600516,0.0927391851373134,0.0743469954472831,0.0364188925389236,0.0278938141598006,0.0119913080813614,0.0241953354176745,0.0315104498953437,0.0276070636047178,0.0487162641631735,0.0426848918391688,0.0301703608452345,0.0161606013812221,0.0384002689599892,0.0534909469541474
17,171,92,-1.2548644869329312e-05,-0.0204887007399298,-0.0127283039238002,-0.0021666204438665,-0.0308746397699167,0.0014819618595633,-0.0020166205812638,-0.0365951291585912,0.0058229993231484,0.0149546868267176,-0.0206517454338862,-0.3322635690801113,-0.003075853631432,-0.01413442630958,-0.0043440688311179,-0.0040736234524274,-0.000660060281517,-0.0116073611942869,-0.0011520174162375,-0.0111380530452747,-0.0119697664418671,-0.0079784565042888,-0.0050399204367409,-0.0120549640507392,-0.0235225032953017,-0.0073124059645114,-0.002968511321979,-0.0093731117485645,0.0056958955712655,1.0204779905223108e-05,8.316674899510827e-05,0.2878970838676021,0.1777267948323965,0.0296648822677416,0.1137159524514289,0.1441520927992867,0.0110779639849015,0.2430841277968438,0.0768044569233937,0.2073724833426881,0.1681624802941217,1.2575734262826532,0.030988203860485,0.0769716617954406,0.0416467433674714,0.0592899119848262,0.0364372514517963,0.0782705445612235,0.0357807956544489,0.0447486248957096,0.0314039327668245,0.0248104086146819,0.0282503510206011,0.0324476842758407,0.1169654282153787,0.0277192924424037,0.0291829001642623,0.0269144525799699,0.0276977351368215,0.0344060048710139
18,158,105,0.0093541433577254,-0.0252504589368991,-0.0705468915914541,-0.006698237935222,-0.0277580323823388,-0.0010354090685109,-0.0089769186586742,-0.1300779586909555,-0.0731172384496028,-0.0147397313825832,0.0079433821481767,-0.3134855760101007,-0.0025599933783578,-0.0332244643368605,-0.0010692505940796,-0.0070797550918845,-0.0219480209536734,-0.036338637715677,0.0007303606914515,0.0008922945411438,-0.0064373956486251,-0.0089398799980816,-0.0169130672468603,6.243109190822403e-05,-0.0182432674485976,-0.0116379001991516,-0.0081673004252508,-0.0063644560641125,0.0007474561559272,-0.0032731429388869,0.1110799294675946,0.2856355135033891,0.151466344512832,0.0169770358393921,0.2614596888275057,0.0055572084081449,0.0666368354574794,0.2432803821092935,0.2355292232270392,0.1214439814378334,0.0888674858040625,1.1766853825501495,0.0303923169783204,0.1299493620858295,0.0713850680672483,0.0348097678597839,0.1006464076845776,0.0845790603691609,0.0287898907080856,0.0413445798478833,0.023051422352921,0.0394347065414242,0.0434978834108931,0.0259764915289673,0.0850123592705029,0.0536510487246463,0.0398850319165581,0.0347886743921041,0.029384338630304,0.0368968444032548
19,157,106,0.0124561705523118,-0.1272730917971949,-0.011609505236159,0.0054629515785876,0.0045506283495264,-0.0169802336507526,-0.0002825126798498,-0.0210204321373448,-0.0236593131183845,-0.0228598750413943,0.0042680196475472,-0.1635134860608459,-0.0092483567504047,-0.064119417206536,-0.0156917911930043,-0.0250862622739421,-0.0368608416854919,-0.0109924383055333,0.0017947430326521,0.0080718445923885,0.0014339784822392,-0.0051729638180744,-0.0092715342025643,-0.0037405764457499,-0.0130985307705224,-0.0058792497849155,-0.0103435425238778,0.0015423911368752,-0.0017294504223626,-0.007525168713477,0.107503774338164,0.4456220245953458,0.0735142612378043,0.0169799928723062,0.1086520557258078,0.0332433705264734,0.0088153494269436,0.1928060587453096,0.1422086594614787,0.0278934759637185,0.0892268621020356,1.0389575181860375,0.0278176017192569,0.1724649230474414,0.0674612494022843,0.1043150145205036,0.1235635631028458,0.0448586808423729,0.0284448644126449,0.0497575420046834,0.0388933638549631,0.0226605379965849,0.0278323407355034,0.0240026107984215,0.046314210127082,0.0355503122381198,0.0363348245991021,0.0291744323782856,0.0350613660812471,0.0425755021376954
20,170,93,-4.307824864633105e-05,-0.0421165379772389,-0.0277904320491454,-0.0101871873936235,-0.0541700416671504,-0.0042383495670154,-0.0188227594053375,0.0262122954292001,0.0380773492343294,-0.0093631347470947,-0.0237907457467855,-0.3709811260659382,-0.0040945598442322,0.0006183779195069,-0.00128821085664,0.0001286506343239,-0.0369689928170693,-0.0123034450761344,0.0061514493907854,-0.0072907832136462,-0.0082745971948787,-0.0033784124489999,-0.0021139504292558,-0.0031178542030123,-0.0115150085159192,-0.0039497655804214,0.0029215468267685,-0.0037004703103257,-0.0004382831865807,-0.0057075188123603,0.0009836398980861,0.3727205603923411,0.2145319767179579,0.0338174539158279,0.1636719719272346,0.0451108902052236,0.0503051970319914,0.2084467720780656,0.144266705264484,0.107588151819072,0.0819989088707964,1.4358535080502282,0.0299668628751787,0.1637729418063732,0.0427362279844236,0.0360034408963952,0.1383258812722107,0.0498808366678245,0.0633526987743622,0.0302726756816016,0.0244172691533441,0.0280575390389649,0.0259938640665299,0.0282638752318036,0.1302051778571596,0.0303651279852519,0.0329100239170492,0.0201185493490977,0.0195524103798357,0.0296248172059177
21,162,101,-7.583483263820645e-05,-0.1866389224428619,-0.0136058495301442,0.001255934293245,-0.0071334443933394,-0.0086112188094774,0.0048698218612299,0.0032424560994998,-0.0228316156848763,-0.0190045552420109,-0.0090624213481781,-0.2663935631533522,-0.013732013745058,-0.0193477226905247,-0.0152020617164828,-0.0092969901163771,-0.0641882302896629,-0.0031107459977781,-0.0007821223953882,-0.0135563813743331,-0.0119452030167466,-0.0185715517876591,-0.0033882594666473,-0.0073860251233885,-0.0145610901247463,-0.003308730561778,-0.0152897527778428,-0.0056634270748282,-0.0128087424948369,-0.0055771843095121,0.0005205529303575,0.5139530891104641,0.2277546316921452,0.0175466466837982,0.0230826045347726,0.0474150404221149,0.014695937181427,0.1391779970774669,0.2722687878444239,0.0821577057450712,0.1197577636871889,1.2906410321966095,0.0302329126099703,0.3408038080780133,0.0614493528457574,0.0345271082554769,0.1563898225843916,0.0455786068044692,0.0278137689691608,0.0417039737729683,0.0423665561034469,0.0580078448991425,0.0240973041750431,0.0395421407419028,0.0370517120872479,0.0501730466953934,0.0361891001538863,0.0200427734814538,0.0466455888327917,0.0510477120265383
22,171,92,0.0031823087489914,-0.0821691779204032,-0.0006059191583989,-0.0106810237288695,-0.0485327746408012,-0.0235005614437471,-0.0054627605843194,-0.038372869427457,-0.053752055033127,-0.015297260628826,-0.0035509979737325,-0.3101292472907996,-0.0044666150931326,-0.0699816722781364,-0.0127578812917201,-0.0072364352106577,-0.0413287773063049,-0.0052486634522485,-0.0009570208707518,-0.0076231259842417,-0.009668562973362,-0.0053927369021668,-0.0031914286376217,0.0002302858293398,-0.0184987089260606,-0.0077213017110901,-0.0245976555769253,-0.0041135358060776,-0.0078594061276722,-0.0100267910086795,0.0338507110611895,0.3259884576293667,0.1610906172190675,0.025132651628833,0.1508014886963553,0.154091763053407,0.0420194897676698,0.2099000546566269,0.2236266112216547,0.1115800126281715,0.1621379640698824,1.2076129617296407,0.0180775794489849,0.1422889386292831,0.0459575802374227,0.0408767908567755,0.1285337165957527,0.0732422791717856,0.0301611404057101,0.0302216408464748,0.0305024185072451,0.0253854327833883,0.022595631497689,0.0175586322258366,0.077507713324883,0.0194914434600175,0.0601743611146985,0.0185304848946706,0.032697459643594,0.053889793419638
23,169,94,0.0014988405739102,-0.0869778553758627,-0.0095278519566043,0.0071733394303329,-0.0083336956081539,-0.0033837732472361,-0.0023611121964885,-0.0561293474127134,0.0113618224299349,-0.0144337547299289,-0.0095749498789911,-0.5635552568062381,-0.0019442446384345,-0.0472999434870234,-0.028698160019437,-0.0074321733383812,-0.0184286206772561,0.007716123837612,0.000890404628104,-0.0053187806777729,0.0034995024389587,-0.0017133574237612,0.0011163451751587,0.0020567779592002,-0.004987220176865,-0.0068832512710649,-0.0193990822453927,-0.0044551610996169,-0.0035196104751459,-0.0039392219813809,0.0075959288230509,0.3782708564616814,0.096223188427083,0.0217609924755744,0.0615079639235268,0.0439234135346175,0.0488644553152478,0.6236965965780104,0.1323726299773204,0.1123631989316496,0.1085782143291089,1.6158963376140425,0.0200913163371051,0.1320039665017987,0.1148171010304088,0.0426359111680409,0.0454728863135427,0.0531894047311326,0.0292804333108032,0.0295906939183863,0.030671686440235,0.0231022038630132,0.0176645595249665,0.028287605536232,0.0244137153170506,0.0240259996592289,0.0478871743201858,0.0203077599791761,0.0435545057737877,0.032757275602843
24,167,96,0.0002310108607875,-0.0568135511866662,-0.0224582774480735,-0.0007873428101326,0.0135780720321014,-0.0206263678830459,-0.0003804242366517,-0.0039631168398217,-0.0201225921617813,-0.0006421317589201,-0.0328626587268352,-0.2822635282188583,-0.0096718667081383,-0.0288830826383637,-0.0059849689827293,-0.0022305703503906,-0.0099692344629172,-0.0088306668457412,-0.0064548752386918,-0.0009245038059783,-0.0036018612898282,-0.0146956735006685,-0.0206473380659283,-0.0076702491364912,-0.0180987616318743,-0.012573174286798,-0.0114613689785595,-0.0041248987477472,-0.0050035333888369,-0.0048387778984998,0.0051197689612592,0.3376070825790401,0.1234256964755524,0.0209418911148425,0.11729387532776,0.113471799594586,0.012541973353293,0.1872579501266272,0.1277141130596453,0.1190973809912104,0.1530600350590002,1.496107667992718,0.0323793588618195,0.089506618231832,0.0433289064395497,0.0225427153128323,0.0368918266020723,0.0560911103936569,0.0183196358587651,0.0202769278400649,0.0307009197919663,0.0312569685254176,0.0423947089191278,0.0309828829016008,0.0611421307419876,0.0381538067264152,0.0307447953731771,0.0103176481591184,0.0236690975947694,0.0260258092059766
25,162,101,-0.0156239748140521,-0.1991682838870422,-0.0310705420121231,-0.0070619314557075,-0.0109567762987129,-0.0196286529697412,-0.0008007233278484,-0.0039324656919244,-0.0245673353729842,-0.0070688671945927,-0.0195119162044179,-0.2767233169318784,-0.0132962554444206,-0.0282338844757817,-0.0251909530854297,-0.0099811494909143,-0.0684701696683917,-0.0224907384781785,-0.0164722922677586,-0.0137900764110599,-0.0046248181473139,-0.0134471622009349,-0.0108312159267129,-0.01149751710911,-0.0293591342171583,-0.0075303771415493,-0.012790161371979,-0.0178870111964975,-0.0047763169640057,-0.004584878666223,0.0396021609457845,0.4758985826722843,0.1228341549662357,0.0187915545393709,0.1002976689496245,0.2743050469186122,0.0181931275291696,0.1330907236684231,0.2202746472123411,0.1407256902912638,0.1234075705168238,1.1601795697470654,0.0532166877805496,0.1011898109350077,0.053998251236149,0.0432519683975593,0.1413965783038783,0.0726101425380546,0.0427478547515218,0.0317815304588237,0.0277202749397806,0.0461226439184082,0.0250103797315506,0.0270501524700653,0.0704441059169625,0.0311651734570854,0.0269525951999925,0.0334216714000174,0.0274705450498066,0.0462012383169306
26,165,98,0.0001832219173405,-0.070316819714732,-0.0351861799402928,-0.0127813916667568,0.0018831344477217,-0.0046892358841301,0.0011633232703083,-0.0072645438482517,-0.0275231822453361,-0.0121970125867024,0.0071490108852816,-0.1144675800662392,-0.0008737745735705,-0.0014782575992424,0.0007533432216532,0.0014474399423527,-0.0223024376720819,-0.0052742278422729,0.0013322158629809,-0.0020192939893916,0.0024434014134244,-0.006446828022061,-0.0096087205849349,-0.0015120077860686,-0.0197673448382519,-0.0100371090459856,0.0049374350973213,-0.0054338659436054,-0.0086557593304852,-0.0079077842378191,0.0048904627757867,0.3269521803044206,0.313349155508744,0.0234710742355722,0.0565910497585062,0.0528676203429094,0.042322026905098,0.1914355638805099,0.1846121931437241,0.1280834589804926,0.1200490362062103,1.1040710909643527,0.0193190885489236,0.0552744216774189,0.0254214570225018,0.0434933444360092,0.07337385768133,0.0857893374624531,0.0233061630582868,0.0179407597259388,0.0177702960165897,0.0195343979351285,0.0246271580409397,0.0166457714956341,0.0509917962161907,0.0325031216039312,0.0211226121438635,0.0113977752866126,0.0188842342071373,0.0358879796202489
27,175,88,-0.0124725510057679,-0.0521652264965097,-0.0342982442246621,-0.006172094170366,-0.0654216480788227,-0.0016708105686312,-0.0056611301852881,-0.0090743045069105,-0.04138558425771,-0.0184738584050554,0.011272975813374,-0.2957899794223532,-0.0029967115028961,-0.0247338307592528,-0.0054304853313961,-0.0078705739473174,-0.008951505667023,-0.0122242379086626,-0.0048739538631265,-0.0235157237097523,-0.0042018318509827,-0.0108532807545717,-0.0106482571715197,-0.0100567451791045,-0.0387834593355976,-0.0078647829722595,-0.0052784315270063,0.0006610808736294,-0.0085919655184014,-0.0067146819462368,0.0946414239837056,0.2192451329241375,0.087931534489232,0.0502185044656898,0.1658047450984715,0.0718831089232855,0.0357306995789947,0.0723901488217057,0.217612524788763,0.1494761996542244,0.1155591466741959,1.3910178314913717,0.0298539946615544,0.0675164160588683,0.0374007915928656,0.0417789294476065,0.0467410616584597,0.0614436862500838,0.0337669589449106,0.080534255256958,0.0402632321709802,0.0304668292434077,0.0364560146190737,0.0259234608078839,0.089277959650817,0.0270848331903358,0.0393375214061402,0.0278141363717945,0.0213653303877194,0.0336644895837271
28,164,99,-0.0060759323346888,0.0002155944732251,-0.0288783316423833,-0.0068622680560067,-0.0035782658116387,-0.0360857945683107,-0.0040425294850349,-0.0527476876062131,-0.0247770203630358,-0.0040472543998748,-0.0745754846406008,-0.4045601712977792,-0.0051954141141855,-0.0442504543301979,-0.0120581651773563,-0.0224434187600724,-0.0262951024262773,-0.0114955483842953,-0.0124620311415859,-0.008040479552755,-0.0128949684992541,-0.0046697440316215,-0.0163948592711315,0.0026150045706974,-0.0229565792170311,0.0036742560656411,-0.0010043243402062,-0.0138124767868597,0.0043235061152318,-0.0228908310320667,0.0992326324869845,0.2948333214775725,0.2170076266010623,0.0292442883415363,0.0472638130047941,0.1314025970886535,0.0176343325814101,0.3317880011453988,0.2038250813591486,0.1433899069422833,0.2447343732799403,1.149387271158452,0.0412686567845182,0.2069390474257268,0.1420162372136204,0.0593241041031415,0.0575422439927877,0.0658454288321304,0.0366278464436735,0.0361053277231757,0.0270725248390903,0.0373608515283314,0.0398360894928796,0.0292329346182251,0.115983736739122,0.0559816675912661,0.034524697631883,0.0291322377841997,0.0425632262983629,0.0644258665881758
29,159,104,2.7951987374872903e-05,-0.0704515256068706,-0.1578801451754428,-0.0045899388628383,-0.01908957685742,-0.0075703402426984,-0.0055317196963945,-0.0382814570738803,-0.0364558006077939,0.0113530726365615,-0.0308320113155743,-0.2793085780616537,-0.0074801919706841,-0.0055515379146559,-0.0053778267020828,0.0045750360966548,-0.0122453556230226,0.0170693256555962,-0.0088107156514628,-0.0073796861258086,0.0033613573288993,0.0052710698299121,-0.0040188618224008,-0.0043664784654343,0.0076517370610503,-0.0021234141515343,-0.0145703252783627,-0.0046260251134895,-0.0049721230772461,9.616883557421312e-05,0.0001095612983323,0.3073166000005156,0.2433582931790062,0.0146672367624513,0.1757417442583396,0.0581300703594951,0.0172896717201245,0.4010402400243135,0.109838368573506,0.15117174446444,0.1616668854278769,1.1321101807257097,0.0404891159686121,0.1833863982114417,0.0607400866921473,0.0259632814136573,0.0451249068546446,0.0878345621064498,0.0352079100326442,0.03634386085685,0.0454442376917674,0.0298291399606047,0.0358438582316875,0.0276833336478036,0.0441223580101534,0.0325105673813268,0.0476873685318825,0.0115985653988736,0.0190965087360741,0.0270506282847294
30,173,90,-0.0159158159202801,-0.1436291331213386,-0.0010999782521672,-0.0032672361094684,-0.0286395474128455,-0.0291905375388077,0.0018573224949088,-0.0376879425228485,-0.0221542666491076,0.0252112569849769,0.0144428758033331,-0.3805782536163463,-0.0060871098053814,-0.0637481135947794,-0.0164306035902062,0.0015769330051697,-0.034785164978451,-0.0118472828087417,-0.0088316548707372,-0.0010212915046856,-0.0112876651277437,-0.0040463312401607,-0.0070601319774396,-0.0163781738202121,-0.0141920080283644,-0.0139553352584953,0.0007014243117323,0.000105683323032,0.0002240364612619,-0.0046084874434974,0.0796842431631031,0.4183559051164005,0.1202438779134863,0.0063224128350903,0.0804053214157957,0.1256655756038198,0.0439962770438184,0.1622758999281031,0.175668765935664,0.1727324476368484,0.1212377849129408,1.2452377911294934,0.0419968178395902,0.1530308558189644,0.0478994983563489,0.0263203860788107,0.1328873182899398,0.0424611524070859,0.0206107764645763,0.0209352738666873,0.0281346907744061,0.0290981758977167,0.0435178606778101,0.0408576449625796,0.0408771888649733,0.0569961145213343,0.0239990492778461,0.009353345159491,0.0328778867023856,0.0382199100939193
31,157,106,0.0008459675003697,-0.092771924626136,0.0033913383377938,-0.0040055757284701,-0.0145858610817161,-0.0045268137947618,-0.0421716228616635,0.0092739039425971,0.0003852942704398,-0.0137269637446032,0.0075672079661828,-0.2213484583382164,-0.0063212360381029,-0.0555568074539214,0.0022112995368856,-0.0067266412398373,-0.0255100305450085,0.0009388887563035,0.000164688476621,-0.0005209200175144,-0.0061284057055593,-0.0063913564994176,-0.009950751801486,-0.0010636957733052,-0.0184766941835964,-0.0033150614775358,0.007738780269642,-0.0027462887183179,-0.003677423572013,0.0150079726812179,0.006765045379152,0.3311965449617787,0.1702830237214387,0.0124560655394573,0.152555037126558,0.0195888968283706,0.0935433665557584,0.1588313782277965,0.1377053551547447,0.146469312159654,0.0790717130610681,1.0786620707977388,0.0262187183842182,0.1474705742880922,0.0942203804930288,0.0342176221231347,0.0877531818591651,0.0355786029653141,0.0525792753270626,0.0255461626497927,0.020941634762522,0.0216903357696907,0.0252817662946888,0.0174047466510264,0.0869908259691612,0.0418566327845585,0.0378701333892652,0.0093174674355137,0.0228133449774635,0.0765305315286975
32,160,103,-0.013592209154507,-0.1237117107232884,-0.0691421953390456,-0.0024334098231594,-0.0432757353130882,-0.0009836678670116,-0.0035369868728828,-0.0004650356369807,-0.0186197238901053,-0.0033690581682735,-0.0277542725932087,-0.3487822183574844,-0.0021041434299705,-0.0544910573222224,-0.0128639105515567,-0.006078119841408,-0.0740146476751528,-0.0182160221777908,-0.0049259680457143,-0.0097322167059411,-0.0071283435740402,-0.0055007372464995,0.001114582308701,-0.0105831163226243,-0.0212109549494615,-0.0055877173337737,-0.0068742037467076,-0.0016741757087909,-0.0057950997644399,-0.0046747001891683,0.0955074673828923,0.2749785504641875,0.296273883050753,0.0133506909488922,0.2307022483306986,0.0137280443811025,0.0080707300978328,0.0990730017584696,0.1614611508310509,0.0047966057434443,0.0882450734295027,1.3857865114528536,0.0347117272046237,0.1499803984711294,0.0435326384884712,0.0551081966094148,0.2703891524470581,0.0766329730019478,0.0478416636354394,0.0387644710602677,0.0392754984935824,0.0292340977931859,0.0355988278955025,0.0216478900703649,0.1069360615589112,0.0298730194582684,0.0187917152775153,0.0306627321933785,0.0179927066546572,0.032595556752813
33,162,101,-0.0315864884604914,-0.1172727554219741,-0.063249050226969,-9.12718673308064e-05,-0.0168923132531547,-0.0158161851535512,-0.003098607856672,-0.0278815813477488,-0.0379603513529151,-0.0037020427302801,-0.0035421237643145,-0.2739298944519727,-0.0101139182915918,-0.0306591084009253,-0.0105942455591792,-0.0013185969051001,-0.0147071846992021,-0.0124028825111841,-0.0151178088425837,-0.0046155171742215,-0.0057005255669225,-0.0091590016573674,-0.0044106046888166,-0.0100849242484047,-0.0131228434058215,-0.0231220183758221,-0.0053590288537694,-0.0109810806942795,-0.0147691250970442,-0.0108584987494646,0.0710631925502685,0.4201667339391765,0.1213527463222532,0.0233019645875923,0.1032453205578104,0.0560058692934968,0.0153113525090598,0.1289305659774267,0.1522318094932861,0.1839392383328947,0.1366475360806923,1.1534232491473462,0.0261994617658774,0.1337298943419965,0.0469030503830709,0.0315795420765782,0.0751942355174065,0.1158642501311216,0.0392634274114783,0.0332016265728022,0.0230311219936448,0.0257202828791816,0.0258327145986151,0.0259967777680307,0.0480558070046321,0.055290835405487,0.0183669239447443,0.0242514403610762,0.0250612956699643,0.0367959099571971
34,167,96,-0.0019636807893184,-0.089608566265002,-0.0160218516642402,0.0032530220531707,-0.0080742475027483,-0.0231559356616788,0.0031293392544698,0.009058978230928,0.0003042391371195,-0.0242343410675579,-0.0319442693651789,-0.2912696567413027,-0.0083910058317652,-0.0255868662566483,-0.013883868273274,-0.0073883518598346,-0.0123088908072843,-0.0095363968751233,-0.0037215875323779,0.0019290839981068,-0.0040173993246464,-0.0093171245907791,-0.0047092198426979,-0.0105074528064545,-0.008495850847303,-0.0044582337289902,-0.0116431337408107,0.0044065328463141,-0.0081625840645035,-0.0014730257758635,0.0092903810689707,0.3608517567458804,0.0896446948414749,0.0127544578753511,0.0589815686979677,0.136789238550767,0.0362668205556007,0.1165017214193511,0.0978776204636381,0.1178544990487171,0.1216299295000685,1.192313775975684,0.0332805910359523,0.1003633084478879,0.041756584487275,0.0354905723535624,0.0383058256208471,0.06227328703146,0.0358146513394129,0.0222584448909693,0.026282632318198,0.0211518493482047,0.0217758837059327,0.0266893357611713,0.0559664952408262,0.0243146043806728,0.0314959005784852,0.038300782334618,0.0272171230717499,0.0311213191360925
35,167,96,0.0031564838146329,-0.0858944605479549,-0.0047409166617931,-0.0123377535573798,-0.0119753684340227,0.0106100979407289,-0.0005216708302784,-0.0279725877130161,-0.0038327768957628,-0.0274593622791308,-0.0335580828447951,-0.3341496696393812,-0.0032986192766446,-0.0172552936923144,-0.0168520430547139,-0.0266566039703022,-0.0112218521473023,-0.0057006002011985,-0.0203556168961027,-0.0080099019045707,-0.0139647280450022,-0.0066902615369933,-0.0051055874455568,-0.0067377384629414,-0.0037722076067049,-0.0057438698873584,-0.0015435125878189,-0.011592515467695,-0.0029361930656836,-0.0083396401038757,0.0867197059820787,0.3546066060195821,0.0731008453754823,0.0437970722866739,0.0747461602572916,0.1552157596061671,0.0020342205267764,0.3112330868438559,0.1125345625906266,0.0455455691151358,0.1662704042354506,1.258343625564352,0.0248943664804307,0.1195722937132873,0.0531524667390506,0.1094606963227568,0.0681215948325753,0.1159823352975102,0.0474343037064728,0.0338855014677943,0.0339314995206926,0.0284187299920639,0.0315495540991232,0.0398159163597211,0.0582990439293494,0.0275367669741923,0.0328671455993261,0.0561207428637524,0.0274279156779203,0.0516991327494588
36,162,101,-0.0222344722462043,-0.1025341801608064,-0.0302840235181397,0.0016670229910559,-0.0404615240054021,-0.0103286719330326,-0.003393094520959,-0.009672424693876,-0.0277601444953938,-0.0103082079548304,-0.0118189869628169,-0.4146384608984637,-0.001602002079326,-0.0225298956587956,-0.0109350205167933,-0.0071646017438003,-0.0137673641078439,0.0032051109696733,-0.0003661549093138,0.0094534841380499,-0.0009242531431326,-0.0035451740450807,-0.0006533123789506,-0.006118966643688,-0.0060794929146847,0.0015765630662495,5.910554222406796e-05,-0.005467680970183,0.0022618091164249,-0.0071461141236832,0.0388965344316156,0.3951648206447918,0.1717438644072548,0.0100310953410391,0.0734938422248969,0.0466808069717284,0.0343790302643697,0.2339523364504605,0.1888120707742832,0.108927907240845,0.0574995540310185,1.1533229000711616,0.0485909203908508,0.2024735554947671,0.0597354502113623,0.0635920023648529,0.1218808884080215,0.0382555406224283,0.0372442386077989,0.0622106308227264,0.0265749479991414,0.0358372458613738,0.032217483796452,0.0253255849259152,0.0471605006561737,0.0549365506070436,0.0298917411062902,0.0420318361617891,0.034942471517663,0.040951669681445
37,161,102,-0.0193677374253857,-0.3392781898510306,0.0008567565516957,0.0021118187944755,0.0001340083271512,-0.0233706039337961,-0.0026129617404939,-0.0906101915784366,0.0050191171113205,-0.0001621032166124,-0.0082193246660763,-0.2615837011017864,-0.0129892562470917,-0.0164684968382655,-0.0058386431192031,-0.0194085057319021,-0.0136413164934936,-0.0107049130277417,-0.0115823382057205,-0.0186850213702902,-0.0018824215018756,-0.0072158827568678,-0.0102184804764618,-0.0177360462404521,-0.0249545942618806,-0.0066650623522498,-0.0046951610659846,-0.0066693815193993,-0.0074215836933126,-0.0082972456876259,0.0592926996028507,0.7524065779574853,0.0923546063875157,0.0113764651078463,0.0343254817906882,0.0745359130310651,0.0091640378591715,0.2602123821937354,0.1590669377747151,0.1183838350102053,0.0372993301758463,1.3243723923617337,0.0370536985895062,0.1180303934814189,0.0510916218975031,0.0564874736885692,0.049958625224837,0.0769047910239521,0.0401624940235859,0.0451795409878124,0.0277924436953819,0.0261632759784254,0.0369733186918364,0.0526182110434905,0.1553381397784214,0.0292854813894697,0.0248841279083245,0.0270886993718329,0.0323778983148525,0.0616353968319986
38,161,102,0.0019724288935244,-0.1731027632941327,-0.065256615200327,-0.007788171877226,0.0028644927809529,-0.025235424927115,-0.0077824797880837,-0.0285540272301305,-0.0092789308734177,-0.0030780515410637,-0.0075671207028904,-0.302210365745703,-0.0108153705229211,-0.075514531378743,-0.0166176054870721,-0.0189523844712188,-0.0327289653790512,-0.0112149472311655,-0.0027721833375008,-0.0132377962790036,0.0072964106488274,-0.005857442363053,-0.0009176770132326,-0.0129379046420736,-0.0170464119577571,-0.007380386265308,-0.0097522824322451,-0.0045225772174128,-0.0095875503324576,-0.0011423906906446,0.0063364581139601,0.5184807985306396,0.2033638334852799,0.0158472812648472,0.1114105863771424,0.1088368235162917,0.0279951283125621,0.1613662557186316,0.1540433219900664,0.0976241254569591,0.1419388226244104,1.1979547929518537,0.0359205544406505,0.2503932043955124,0.043631749520048,0.0944794413606644,0.1167298349504517,0.0335514882599917,0.0241150916670932,0.0439464066934339,0.0337223269501771,0.019652063641008,0.0215413980098191,0.0274698407115016,0.0518371930825254,0.033092845210144,0.0309906972936057,0.050566661758629,0.0252866838559723,0.0273086330830912
39,167,96,0.0138236455073985,-0.1083325188997535,-0.0128346097741064,2.362893601272897e-05,0.0047505118042851,-0.0304604873874878,-0.0206683408987293,-0.0511178745306083,-0.0561374269275602,0.0015582389719919,-0.0098279567168589,-0.3012833810062598,-0.0225345805086341,-0.0186219096013871,-0.0003026615360883,-0.0286921964603813,-0.0115516273105056,-0.0220102210892054,-0.0073827641890094,-0.0107461460453756,-0.0124576831943684,-0.009894402416527,-0.0150012459467528,-0.0229485020247342,-0.0099232761531613,-0.0176985042725591,-0.0179964102361153,-0.002260538388834,-0.0137306501579478,-0.0109855727827559,0.0447521347765514,0.3968743257200233,0.112134335490199,0.0056988881170868,0.0596947463421575,0.0965237741998242,0.0514648955085234,0.1461247395734421,0.1673725683696685,0.133942116987723,0.1585739873825374,1.1965863432823318,0.0664367339374469,0.1312360713184752,0.0519087342568733,0.1227973805161904,0.0900122832612055,0.0848573866360091,0.0271816333742168,0.0433430086245049,0.0485332974792657,0.0442019478215637,0.0382921029164262,0.0488055512274708,0.0791958301732873,0.0546540763161041,0.0690252216413555,0.0239887621333846,0.0366919875600706,0.0677700875735526
40,172,91,0.0053698600767353,-0.0077678006525244,-0.0382420458551327,-0.0034733768809533,-0.0354798432496667,-0.0205072178970007,-0.0028651150965659,-0.0224218676746635,0.0277689931530453,-0.0135717573268379,-0.0229811839364316,-0.4559147861077025,-0.0012689509446649,-0.006732446584706,-0.0064709908986516,-0.0001105486516185,-0.0083932817241522,-5.555435122690599e-05,-0.0016282343570595,0.004853804904317,0.0001592395324895,-0.0031625418874906,-0.0023484218697031,0.0019284515069929,-0.0015171539421962,-0.0141434239359749,-0.0040150658635955,-0.0012227308874739,-0.010474012106024,-0.0101965513141479,0.0275855150760058,0.2088246506336644,0.1819186986979034,0.0217246730489662,0.1061501869996215,0.0841192144348638,0.009119280821175,0.1588100334602117,0.1729743300575253,0.1062198055853278,0.1076585547520512,1.3247753311128991,0.0293923212631597,0.1359276566869312,0.0372109612121788,0.0612254834469701,0.1114539779728415,0.0529410869405484,0.0468059178765278,0.0374769382072945,0.0401726784699127,0.0327808123506769,0.0235013630667741,0.0247184287389709,0.0644349781011038,0.0412654807999711,0.0308295716294891,0.0390110070208659,0.0350998004600955,0.0275920952761815
41,169,94,-0.0003585136555365,-0.1407499424714112,-0.0038091281722466,-0.0001573929225285,-0.0081337021759117,-0.0487741846247033,-0.0046615257145822,0.0075904969565439,0.0033640870137789,-0.0240697134638203,-0.0320725630940395,-0.3979845713194369,-0.0093206148508354,-0.0471674829297754,-0.0054515950230261,-0.0056001473942215,-0.0248991176358493,-0.0007631964333028,-0.0098097474067545,-0.0140375059283817,-0.0079971191707958,-0.0044989306263174,-0.0016841738583631,-0.0086802142070501,-0.0029937266580694,-0.0128060253993764,-0.005948937820751,-0.0007752698766204,-0.0086809698423555,-0.0050602290680956,0.0019546420849398,0.4897962917157232,0.0451719756271337,0.0068771786773665,0.0980615102070141,0.2558739363182643,0.0363038401980384,0.0893325278711363,0.0377572494994445,0.1115061139356967,0.1588765746067189,1.18530808812481,0.0377144652846558,0.1647449677357991,0.0585452530637943,0.0478921536832539,0.1125744622164138,0.0508169835391383,0.0464501963958617,0.0418048092425961,0.0447800557688,0.0239146282362459,0.0200752821415946,0.0274886382934955,0.0525887712257482,0.0431125539844943,0.0255579851771938,0.0176787970831382,0.0508609901883289,0.0221318588395516
42,168,95,-0.0025137723055934,-0.0783338709211049,-0.0329981597971942,-0.0010523008109681,-0.0053338683328972,0.002292977969738,0.0033219698997847,-0.0089075586742519,-0.0994313491100903,0.0094603938065411,-0.0584901026811273,-0.3360768413859942,-0.0080399719405543,-0.027017682479323,-0.0141654953618723,-0.0015320359794325,-0.0477784425004981,-0.0248199466316328,0.0014235234624754,0.0007251756756957,-0.0094378876839391,-0.005187052120481,-0.0089779626294094,-0.0062966887029947,-0.0148222724912921,-0.0016920095995094,-0.0031278924237528,0.0004387732602833,-0.0014553171292096,-0.0051570810116493,0.087583897540956,0.4576130013871587,0.1349128425322455,0.0242007380468592,0.054939252342829,0.1244552675616369,0.0147533871983967,0.2857941532649252,0.2642589131953499,0.1829160965077683,0.1778706516148678,1.2972681713779322,0.0364045565241429,0.1403701513368699,0.044637224107253,0.0723014806482407,0.1741926099193426,0.077299534024027,0.0246556070722705,0.0383357997272379,0.0439643347578333,0.0277641717527304,0.0180415679134907,0.0410897347657141,0.0616532502143651,0.0386125945418361,0.0258153557765114,0.0181119641450096,0.0229649138091643,0.0457821701906168
43,169,94,-0.002221784802872,-0.0227675360237882,-0.0314522232499471,-0.0380886408152756,-0.0003634731381631,-0.0129402436874885,0.0012756590558303,-0.0118237182973789,-0.0254198868251669,-0.0377151486987657,-0.0556554244564546,-0.4258369839324737,-0.0022949535830296,-0.0318544162471991,-0.0174911235454165,-0.0034884331450406,-0.0054043613218282,-0.0205122171135136,-0.0038125223207501,-0.006167713229606,-0.0048385367850271,-0.0061757233722526,-0.0040378831920234,-0.0036232492466801,-0.02114790932204,0.0020104258245522,-0.0149769279610273,-0.01022257617034,-0.0127260802001742,-0.0062216841919862,0.036284653398611,0.2327447899882118,0.1519728422102043,0.0982772875216354,0.0430684675579456,0.0299348510648084,0.0516246311395431,0.154377233049599,0.143513304704764,0.1391300308905115,0.2932869866100915,1.8314996642091208,0.0332615690020576,0.0672053716099957,0.0370580555543072,0.0400386112817867,0.0691379344492102,0.0388376179328502,0.0271767334205245,0.0386730139533009,0.04250930330677,0.026223996437278,0.0265392816521346,0.0363928246279962,0.070360243290557,0.0224371944371995,0.0315160773014606,0.0168518753716989,0.0477954295576476,0.0270474664671945
44,164,99,0.0,-0.0388893573745744,-0.0136248658011173,-0.0028906981740349,0.0066693552594541,-0.0134959255789833,-0.0163833829163307,-0.0137404008399232,-0.0175894948339588,0.0022718657326621,-0.0132423001581271,-0.2875108733403242,-0.013951352636196,-0.0275339992148439,-0.0120825339054269,-0.0031655391365446,-0.0241138227892631,-0.0120320459971948,-0.0072847423012668,-0.0025927402993402,-0.001914163254074,-0.0081324388709805,-0.0118339967950994,-0.0071503622352652,-0.0400706579818433,-0.0114323936863565,-0.0094896821481219,-0.0038506125381748,-0.0040904554883649,-0.0163093839279062,0.0,0.258813107023572,0.2067051125591235,0.0339748435284254,0.10414251612648,0.1760534062221579,0.0318942594669591,0.0930278690675786,0.1643052408198261,0.1633205209404996,0.0550446355494466,1.3371159256545733,0.0359828700204764,0.0935855008325269,0.0628800386772977,0.0646498330212523,0.0655277003866028,0.0337672067971121,0.0425000563338723,0.0359964922746172,0.0353752873546228,0.0406258241005232,0.0287231099579227,0.0263249814796186,0.1163596378040963,0.05374381127138,0.0360624230918659,0.0189030594774112,0.0262833516890163,0.0507398036686913
45,170,93,0.0025065782732742,-0.021065927283543,-0.007682626458096,0.0003704304235445,-0.0132742800725751,-0.0122552347549034,0.0040931659838135,-0.0339202953313196,-0.0032750137348007,-0.0243841783202396,-0.0248120413709476,-0.1115532023769884,-0.0120495238471591,-0.0122112585311517,-0.0126029221963188,-0.0040648642456673,-0.0727227936540664,-0.0095324009749029,-0.0009482910448151,0.0055685248612455,-0.0113825895800199,-0.0016504286063105,-0.0049988081726169,-0.0002766668735993,-0.0256129946763787,-0.0050070815336009,0.0069616652503644,-0.0014916477101073,-0.0049277381840882,-0.0010464739814567,0.0280200442485846,0.3797958672869245,0.135377875281641,0.0183324722978328,0.0867711735775544,0.1016416624457917,0.0409530891618737,0.2296906869189509,0.1179549374366323,0.0807827139573205,0.1710197043697302,1.1135902625436689,0.054309272480942,0.0708289411579415,0.053707176408331,0.0430961125911373,0.1636276139830972,0.0302221693934698,0.0275103251258937,0.0199472108580595,0.0324306268407647,0.0243092360570083,0.0232568877642205,0.0407037107715111,0.059328685989906,0.0503788790736059,0.0337110264061258,0.0172061888749445,0.0265605399322827,0.0359926250647127
46,171,92,0.0002397131898499,-0.0578867747501546,-0.0057185722836845,0.0079793693346259,-0.0435457418806145,-0.1049834900653801,0.0006377277410258,-0.0193481103062934,-0.1226289067180253,-0.0358712683164714,-0.0154967009624764,-0.2080779946731048,-0.01478612240015,-0.0914367512373155,-0.0278024568001928,-0.0071021583059485,-0.0839945502677097,-0.0095388870064902,0.0007641689527013,-0.0155094732294317,-0.0059924763937554,-0.0117134177784435,-0.004820103750832,-0.0103101300695359,-0.0207529566626096,-0.0128848650963421,-0.002451572190009,-0.0047063472569057,-0.0016294590846778,-0.0072646545015856,0.0005848602827423,0.2089964352910126,0.1271379893396314,0.0407575929598458,0.1961533216585358,0.2946123428055982,0.0082565978961186,0.2842408769702524,0.2957016051246111,0.1193571129192007,0.0822050512055514,1.1621153686042052,0.0352918966399247,0.1528808005454937,0.0710168874949411,0.0420509433165426,0.1549904906731971,0.035227518311395,0.0361004581770074,0.0450882045317961,0.0207675644476944,0.026637440798027,0.0236249387053397,0.0288107456409179,0.1030400573408684,0.0487091182348563,0.0228307043789585,0.0136656423388867,0.0315158748272934,0.0493194362409868
47,169,94,0.0004110836405318,-0.0751936424358624,-0.0127453689508098,0.0039780661719327,0.0019823320081414,-0.0157867784112954,-0.0025827560680397,-0.0631282700197441,-0.0084417536425487,-0.0183554608328181,-0.0023104555596471,-0.3890220855386236,-0.006289385737933,-0.0129075576348859,-0.0127224674640859,-0.0145157319331024,-0.0102869940404744,-0.0096252370348466,-0.0055668991980785,-0.0036032584608795,-0.0004100356343772,-0.0099234899259789,-0.0133649958898747,-0.0103164480123926,-0.017456754008679,-0.0036377540694038,-0.013158902983248,-0.0077257063177491,-0.0066532919309541,-0.0016503192611128,0.0026760681817999,0.3422793877282582,0.088416895614431,0.0127456222512045,0.0700376290426051,0.0686231608257364,0.0407363352597781,0.2840659290005118,0.0870260361509782,0.1033711645435356,0.0365919743896414,1.1191201522863174,0.016599489233347,0.1066472545759552,0.0620352646842376,0.0370937223885929,0.0663412622638206,0.0318168270269911,0.0428105327016611,0.0324880946114312,0.0330561475123259,0.0276275242832812,0.0392940364673821,0.0308500179429565,0.05297772958488,0.0184448071787212,0.0606172002409045,0.0224881488747165,0.0365800619480056,0.028855548134248
48,170,93,-0.028344950233311,-0.148246230095995,-0.0222731713952479,-0.0042255850060656,0.0053844280553094,-0.0156361895202564,-0.0017897916660586,-0.0205001806883564,-0.0155105806613869,-0.0182357517335977,-0.0101723380385562,-0.1968700133422516,-0.0017361622009653,0.0216597608019957,-0.0033589700136279,0.0058307337179025,-0.0133156641962103,0.0003128543238572,0.0009484345591024,-0.0080417755633522,0.0006112317601993,-0.0033703696263771,-0.0061558810295945,-0.0058869320084628,-0.0051780876770538,-0.0059402847541815,-0.002518984270975,0.0023933822183984,0.0005677659424959,0.003417076315659,0.0813179149322546,0.390711495980849,0.0721444490855761,0.015546768014801,0.0504711108726614,0.0733431544423192,0.0265863433112115,0.2841614607058398,0.1300340258004989,0.1345667331594183,0.1683061467008356,1.1553532988695223,0.0281479740584867,0.1438732958688125,0.0384037045477055,0.0320573570271179,0.1687201166164997,0.0227309517446022,0.0214329666902751,0.0247641349190137,0.0387898249037102,0.0312745522645619,0.027841151873699,0.0190833882060783,0.0486637662727943,0.0378931802790385,0.0297669942193406,0.02420244956443,0.0314990917857127,0.0338440763058402
49,173,90,-0.0009832795977859,-0.0551383357056471,-0.0219162070531199,0.0002572513564408,-0.0175880345601905,-0.016693012833516,-0.0049410884665669,-0.0409389384134644,-0.0346109721719414,-0.0263581519666839,-0.044027774744011,-0.25205041538804,-0.0062272225808661,-0.0235788989427968,-0.0137671986619152,-0.0035811694797366,-0.0015610242945202,-0.0067924720237758,-0.0026111880030151,0.0024692094372677,-0.0035221850462918,-0.0045329129594692,-0.0046243889042842,-0.0027958070856549,-0.0073840889355944,-0.0038879598613018,-9.564955947112644e-05,-9.340905387194392e-05,-0.00931218346728,0.0019391348549786,0.0082109763897495,0.3303683277951439,0.2383004431027165,0.0166177907767834,0.1100980426947304,0.0475369889483639,0.047088732476499,0.1626793494957085,0.1967715077355803,0.1290288423956517,0.1927182931225757,1.1459004242105515,0.0283062658346048,0.0735077624046436,0.0685423118665744,0.042589963786865,0.0466880637735974,0.0662799373102924,0.0337824479688814,0.0292690738284917,0.024085774355241,0.016998332989233,0.0224705138976245,0.0259222100830416,0.0908217056377652,0.0211917123948056,0.0384155283381094,0.0175608393965209,0.0295711269186031,0.0439488603515991
50,175,88,-0.0055597484956044,-0.0774842638396261,-0.0241184091876809,-0.0046697379026838,-0.0142894384362796,-0.0121366313862104,-0.0106323906267288,-0.0272846688076246,0.0111835181246672,-0.0165288772285158,0.0016027985208917,-0.2603592528631551,-0.0102245290867947,-0.0398486482353766,-0.013856730776502,-0.0059875734930228,-0.0406691029741185,-0.0024307451541135,0.002198019672967,-0.0094904670094861,-0.0069472583555347,-0.0028736075437609,-0.0170091019732159,-0.0057054728855353,-0.0030565753154906,-0.0045451338418451,-0.0084084563826505,-0.0030921356990078,-0.0012506473916569,-0.0007147432098759,0.039200137688349,0.4261389935645293,0.1603945229840273,0.0092246871539824,0.1930779476930815,0.050208808190997,0.0554787649011853,0.3171970729735388,0.0592495272152529,0.1202963065019006,0.2096416410738685,1.17313862815514,0.0299909716973406,0.1379488262633362,0.0659750954115895,0.0321466866542266,0.1120007587380258,0.0922522493352306,0.0171937049485647,0.066960265418116,0.044059202315877,0.0393927407167561,0.0341363321175809,0.0284800870562797,0.0483125906005928,0.0213816402012972,0.0649783388529888,0.0139643303834683,0.0330584010727977,0.037055418762591
51,170,93,0.0001397723665941,-0.2202267586449116,-0.0003689249084515,-0.0051320453778791,0.0028142400106158,-0.0012987445723314,-0.0060650720690441,-0.1003517738776101,-0.0427644659751111,-0.0014481787670739,-0.0057212239465725,-0.3197537298801219,-0.0055998603433583,-0.0212086415690296,-0.0007481898117995,-0.0013917800522815,-0.0438424269983808,-0.0247514857670816,-0.0003220046888081,0.0032426546026956,0.0007907702374607,-0.0101583273122658,-0.0004408342346734,-0.0024415706125106,-0.025970349920146,0.0040075014541815,-0.0059019878251437,0.0002815912961964,0.0053581956126836,-0.006326391477392,0.0022464499568733,0.5342164051161398,0.2555374320535281,0.0168543810493938,0.1038242605206959,0.0334451592012506,0.0719519747118824,0.2441630654931414,0.2746514129362997,0.1297759030180042,0.0631134139515367,1.176361593123398,0.0210420667802946,0.0926166410083132,0.0510912299758892,0.044482631701811,0.1110389650675415,0.1659471698700917,0.033718320340517,0.0390795602170589,0.0140053434414323,0.0378080667803972,0.0307801883287275,0.0185758208502441,0.0798758840230108,0.0267408333182539,0.0419367705148789,0.0362139447007507,0.0228820072951687,0.0339911789772099
52,166,97,-0.000599423498676,-0.0093200206291276,-0.0229500737482326,-0.0009554684034971,0.0016029471963127,-0.0089107946432678,-0.0561966856589475,-0.0341663925441334,0.003218184781452,-0.0246415780561487,-0.0414590498502141,-0.335218371156449,-0.0114787797634227,-0.0280775917813042,-0.0051294857039312,-0.0256754712323063,-0.0415016678547956,-0.0264216556697984,-0.0075524807838017,-0.0066541848178965,-0.0012451762399092,-0.0125509466906289,-0.0087833435001625,-0.0045203063097145,-0.0235601143623663,-0.0046204518797389,-0.0100345404887147,-0.0200984233582571,-0.0003621678976021,-0.0091366033316612,0.0045031266512496,0.3637280341977826,0.124762510789207,0.0065452661704876,0.0258294491311387,0.036742894415473,0.1262816181045997,0.1862018924469557,0.0954233323547027,0.0868630835403371,0.1575852924460675,1.2656884003964808,0.0316051111218038,0.1200543756227765,0.0618679351960321,0.0602185934569194,0.220006842493032,0.1344205851937487,0.0344662600125073,0.0384733923037144,0.0220124697364934,0.0337461954402508,0.0389336871670569,0.0160554688570953,0.0702446871123731,0.0365899236800455,0.0407218374708987,0.0535231058785347,0.0214738115301837,0.0305739207606979
53,169,94,-0.0012515418996719,-0.1099234753543534,-0.0170242569499047,0.0036164610544464,-0.026316377151777,-0.0049505837803002,-0.0056325081337229,0.0105562765845282,-0.0294170640018948,-0.0133376186912609,-0.0154438239695907,-0.295471356538694,-0.013261698435985,-0.0234444261527098,-0.0104098229394027,-0.0092400467051655,-0.0231887880381436,-0.0166392016582466,-0.0069982079530611,-0.0099047323172161,-0.0074796318195133,-0.0013696733043494,-0.0034787272466793,-0.010310791268615,-0.0605688893887173,-0.0149655397237599,-0.0039302187035635,-0.0021229902384813,-0.0075864144265521,-0.0126176766959219,0.0116599230210423,0.4692807944792867,0.1448066452121923,0.0197002724194965,0.0912783318627489,0.1004381049493339,0.0217597469900913,0.1070979339642201,0.1680741744010544,0.0725914800821527,0.0732865880725919,1.1861770880391953,0.0413503358430437,0.0907102673153218,0.0293300933070135,0.037977237520545,0.0625840429102682,0.0450133615769705,0.0252194775993148,0.0596625487753319,0.0374521446172879,0.020511525654965,0.0208174830556654,0.022947022236897,0.1425325092465897,0.0268509366211957,0.0311493386024766,0.0178073505822901,0.0222913568273894,0.0330358008116217
54,163,100,0.0151555068732672,-0.2356781990590939,-0.0065650211352315,0.0010584951776167,-0.0167991877430103,-0.0068548771852147,0.0006843138151896,0.003884945048761,-0.0491142993946296,-0.0132622784441917,0.0034103810943547,-0.2100838656386322,-0.0139030894711007,-0.0334718674946024,-0.0056050637420638,-0.0075856329756663,-0.0596433915345752,-0.0129783521921545,-0.0051767218461271,-0.023501245030773,-0.0099155244808944,-0.0054698315941,-0.0158289980266986,-0.00321420257025,-0.0319910883635986,-0.0131673740563767,-0.0069521366131239,-0.0077767528018114,-0.0112018329588977,-0.0133628564457827,0.0923912432576194,0.6658447125222768,0.0370111738603398,0.0092160890329584,0.102320575303855,0.0814834741530557,0.0129258937056152,0.0867005774441043,0.2563889378494882,0.028557977195274,0.0741759433603309,1.243064024576038,0.0340334717710569,0.1030614327464014,0.0443466803819412,0.0358804528970342,0.1239526833732901,0.1070169723119713,0.0384771216491705,0.0517235691052127,0.0454558498363735,0.0285289280848957,0.0391952152293701,0.0254184724230974,0.1084772746635466,0.0313716881057955,0.0284663515605962,0.0173673959735257,0.0366772350060203,0.0275952697461607
55,164,99,-0.0009457301198926,-0.0463950453602728,-3.507171282699808e-05,-0.0066000749243809,-0.0350247026442457,0.0021586335779362,-0.0081347531212397,-0.0137426487557106,-0.0261923053302224,-0.0018329038188302,-0.0060529968144834,-0.4645925617556781,-0.0010097892078482,-0.0082830115064353,-0.0030366718989834,0.0002274037137832,-0.0162146586654446,-0.0064896961032692,-0.0079475646297489,-0.0092382671905872,-0.0108424485608119,-0.0065500658331008,8.322741813306686e-05,0.0016384170344504,0.0014230687995807,-0.0075686028417287,-0.0049785584137692,-0.0133265276834328,0.0001607696995036,-0.0109755812952749,0.0254787825323114,0.2849590563278063,0.0581351397931426,0.0175317904009505,0.1328142699532793,0.1632195128849621,0.0253348892420105,0.1353160183539166,0.1396411034283417,0.0032933076549181,0.0744687985333519,1.4470824326258982,0.0311730035598662,0.0745146898225774,0.0352522574421632,0.0268371672325084,0.0767350505460637,0.039917648652631,0.0384172925716515,0.0318436918883831,0.045299385511377,0.0387370333748015,0.0404016070557283,0.0132722867244056,0.1134411409897988,0.0400493844734526,0.0198025656350621,0.0266852382961353,0.018994833065569,0.0459337775139446
56,168,95,-0.0148690365825696,-0.0958961655155366,0.0026164561223542,0.0028037867071202,-0.0232651262506991,-0.0143780647599636,-0.0208644720778496,-0.0056203243098099,-0.0009538275203894,0.0375226853618072,0.0095911154835436,-0.3847936821890514,-0.0100676164135,-0.0181196744466128,0.0028683379847722,-0.0224598876778123,0.0004909468507379,-0.006125597351328,-0.0033254074061018,-0.004824942930881,0.0001352739433198,-0.0113206946546194,0.0013657716518129,-0.006563144774107,-0.0004156697259409,0.0015121970453651,0.0029882947266087,-0.0100729359667054,-0.0139378454468923,-0.0041183787363221,0.073327866119599,0.3920079530765418,0.0774363364017067,0.0093190341042232,0.1443242659930144,0.0617525540372428,0.0384253468909374,0.15766369531298,0.112037627958208,0.1709012417733418,0.2204802181879925,1.3113455167554977,0.0293005370083092,0.1093135660040301,0.0655174627809576,0.0661276260569585,0.123746295734745,0.0568228066123624,0.0222328386433379,0.036974267295768,0.019532341123926,0.039335321461473,0.0402673196640475,0.0325577159712796,0.135923007198486,0.037470001698972,0.022795468006077,0.0306289497043832,0.0346179904940307,0.0441781993950508
57,168,95,0.0020582976140145,0.0169475524499695,-0.0435172795917971,0.0034769703369392,0.0095748486835086,0.0068214340681322,-0.0628684007376728,-0.0150011981288565,-0.0156702628585474,-0.0198684229036102,-0.0001245447856829,-0.3030767166898142,-0.0046869650279122,-0.0344681604630822,-0.0081751506784474,-0.0041586537871338,-0.0586610337586952,-0.017725723355707,-0.0092624021781442,-0.0083481401846121,-0.002215220656493,-0.0056642818276493,-0.005829126384406,-0.0060780656325156,0.002349970397548,-0.0079229080757574,-0.0057679085408629,-0.0091080732007056,-0.003201122390381,-0.0123184739595114,0.0384936234405447,0.1624632658159162,0.1545373705724995,0.0144474929405688,0.0709577130973408,0.2510698321655954,0.117547123879449,0.0696848537525111,0.3271432286274167,0.1318338601609892,0.1103071780905335,1.2278795492416965,0.0298578742841734,0.1215563232752376,0.0307249873434303,0.0776467530012003,0.3113234487245387,0.0855244390533259,0.0323356498881045,0.0329131593783304,0.0217282615880502,0.0243776208409839,0.0159508690263587,0.0229588716964972,0.0588736162360158,0.0257234482672596,0.0186452171532764,0.0255345291404405,0.0210384097172532,0.0371504294651911
58,174,89,-0.0018309635639961,-0.1224857478256299,-0.0259032783586613,0.0150322429774824,-0.0164832009759907,-0.0004412447355825,-0.0076450141414759,-0.0197574497822297,-0.0223884829167491,-0.0133860957663598,-0.0125232095529554,-0.3417907791965257,-0.0053886420891398,-0.0201530691692704,-0.0032646357369633,-0.0031189084329249,-0.0375943781563174,-0.0044476414236589,0.006261601876963,0.0007945886119177,-0.0073043468963264,0.003965216866472,-0.0034755543118824,-0.002729275973527,-0.0095220426094976,6.954558335093562e-05,0.0038715674596989,0.0043565034458672,-0.0006261356363256,-0.0135371645722526,0.0855623082023886,0.3282050444032216,0.119590189644801,0.054288786193123,0.2178908629958079,0.1284133920299441,0.028140817545684,0.1826458643278019,0.1525936737015614,0.0949290580908184,0.0572053557162603,1.3890537930601543,0.0268938335199304,0.1215059771682334,0.0480435113838179,0.0293124466791365,0.1599683124014377,0.0449114984668338,0.0226763755603038,0.0261827505184395,0.0268206515676246,0.0167629303823162,0.0228252904130019,0.0297113539081797,0.0958728148398561,0.0436059002381639,0.033136564198712,0.01747851498605,0.0281360163691256,0.0465174615874736
59,166,97,-4.7705656922055387e-05,-0.1279065606008987,-0.053279293769376,0.0015228224541789,0.0003894273929846,-0.0215374931487242,0.0089545742503328,-0.0415006708178935,-0.0373900468843071,-0.0184521833332045,-0.0057104057242623,-0.3575324005464867,-0.007475289710434,-0.0514800311904949,-0.0143587323270556,0.0014286522923914,-0.0378362769155901,-0.0108469432483928,0.0069205753702993,-0.0005115590517344,-0.0033350233032437,-0.0059117485228662,-0.0047779586284621,-0.0026481085921357,-0.0077779750158281,-0.0038115362207429,-0.0039929356617127,-0.0007810158857689,-0.0029898935841749,0.0081177431227717,0.0130368203797087,0.4239568661976496,0.2313804825843775,0.0039657347940732,0.1172583296595033,0.1083231020119215,0.0425332177748331,0.2415907329400398,0.1382757497844902,0.1265475605010921,0.0511665242479661,1.0918803993870516,0.0487714027107861,0.2319025746958437,0.0765924477610285,0.0522376273287002,0.0868052454609263,0.0772044209351277,0.0347024926842135,0.0298848969691604,0.0305276713147451,0.0257260422994564,0.0298022971539332,0.0391938896858592,0.0458452083372427,0.0298987492944871,0.044948759391606,0.0176074060758109,0.0277471559738604,0.0605710488876727
60,173,90,3.419136013568935e-06,-0.2432462538407682,-0.0069250764064147,-0.0079615064634903,-0.0217539359543331,-0.066728619411418,-0.0240801305671574,-0.0350393635544717,-0.0243158790308281,-0.0045948076427161,-0.0198448504936238,-0.1612209384750497,-0.0075924725849082,-0.0298885496423673,-0.0129298261573302,-0.0099080542179111,-0.0241440038048538,0.0014956890770288,-0.0130825945444427,-0.0070693740107498,-0.0130117008552369,-0.002237156065648,-0.0051154146090405,-0.0109730822643574,-0.0053557323583033,-0.0111386962121689,-0.0051367307873645,-0.0066605855477662,-0.0064502226253326,-0.0057989126785334,0.0110081007245443,0.5410817052776037,0.137191731402055,0.0199299729997872,0.092866379310986,0.2699244963525198,0.0944556721704165,0.1463947632234983,0.1521194842868448,0.1588773777430931,0.167470001055075,0.8679773789297309,0.0304812904087658,0.0993794383826604,0.0438105744526238,0.0326601456399003,0.0679143915519814,0.0296730648811019,0.0269099849426703,0.0217130512151355,0.0221554657516994,0.0247742721020295,0.0232016379951001,0.0310305786015243,0.0825263433880033,0.040485528020897,0.026942220328141,0.0130493364940706,0.0295493405190524,0.0327079253562015
61,167,96,0.014296702097898,-0.0421725258931553,-0.0142844404968634,-0.0010873617367958,-0.013980840771031,-0.0552712859299648,-0.0056222520053226,-0.0177975065749049,-0.0885507950177088,-0.0163550538043463,-0.0197805121412802,-0.4949561410400363,-0.0153665580226846,-0.0130966801490474,-0.0258388903097801,-0.0059479563853032,-0.0125742516719461,-0.0357213677904609,-0.0024810853642139,-0.0048953677616989,-0.0060706824944199,-0.0087547350958728,-0.0025184673289268,-0.0037865902786292,-0.0524014587692656,-0.0059418648241908,-0.0015964602797885,-0.0014512262158472,-0.0075667104905578,-0.0040181619447148,0.0858300269531785,0.2275028907028266,0.1550415785626995,0.0073867338555092,0.1182001767909247,0.2487078490445121,0.0217962615688968,0.1492394125233347,0.2731667473924346,0.0452182768293464,0.091832205394408,1.2920347122374936,0.0412713136330386,0.0683689470908463,0.0877825397949623,0.0351619548132037,0.0736150345161699,0.0762230968922532,0.036837155827274,0.0281696406656897,0.0346133831733222,0.0399222195849244,0.0310966814530023,0.0426316301385178,0.1199432954067994,0.0406661155233588,0.0242108849692144,0.0311174871238209,0.0487017837966181,0.0553008036984595
62,177,86,-0.0001947248748242,-0.0110149038359504,0.0192279519927966,-0.0023623000175342,-0.0003208054655169,-0.0026088567910022,0.0022453027526405,-0.0182877205681702,-0.0199984618866905,-0.0084349603287988,0.0022524507645528,-0.2128210887980618,-0.0047947420391111,-0.0736181200530298,-0.014284576040642,-0.0113057354481848,-0.0291090179505904,-0.0056852791803158,-0.0033914144174416,-0.0054726141032329,-0.0054486547203272,-0.0146927785856594,-0.006121346292083,-0.008076953405444,-0.0132153776656222,-0.0142427688167618,-0.0009446670029641,-0.0017359236641468,-0.005594668904133,-0.0006513345473348,0.0012593257945123,0.3696605256724144,0.2071729840418057,0.0249270637817471,0.0744720299080348,0.082265660777345,0.014439662799482,0.1457812330515807,0.1388782512890227,0.1305443922618156,0.1951878492448036,1.3605757024222005,0.0395321194903882,0.1702481513916251,0.1031766944610058,0.0459955422080598,0.084787951677944,0.0361988325931748,0.0246038368250559,0.0526889130816033,0.0238892713316944,0.0245288092305316,0.0229278962436979,0.0286439043239165,0.0304341398047598,0.0932520239699048,0.0407421811875972,0.013579932772066,0.0329243713095086,0.0613695084807144
63,171,92,-0.017402369687816,-0.1726316772867707,-0.0042518848586384,0.0008907137483812,0.0027520699538039,-0.0201463025521359,-0.0038497963821253,0.000966289936664,-0.0334864971176625,-0.0284626647716147,-0.0286118070932669,-0.2904306518866149,-0.0205529872268454,-0.0333359100497639,-0.0182419030167661,-0.0274362109678856,-0.0099230185361532,-0.002382507252681,-0.0100472448268079,-0.0070042850939548,-0.0072787375347043,-0.012117295007429,-0.0037467978504148,-0.0123366136958602,-0.0133383558075377,-0.0056833557270141,0.0024745848184366,-0.0039167668193796,-0.0127153646111607,-0.0172269075881194,0.0807145165951852,0.4960378062635854,0.2059123986521738,0.0102493697453175,0.0445845462061917,0.0547394157737633,0.018545615122926,0.1281537498370717,0.1250197658365926,0.115544236769778,0.1326946411932671,1.1092348577558315,0.0441096023725881,0.1747916995094756,0.0519737900563451,0.0629713476693712,0.0538025697822271,0.0470142593350467,0.0511215274094914,0.0309077649924091,0.0226903504110883,0.0291232071732178,0.0199518412679789,0.0314744618982006,0.0660352493000921,0.0314261558756414,0.0236526326189058,0.0322087728584087,0.0295269325245424,0.0425252348667435
64,168,95,-0.0197237784375585,-0.0950818126092421,-0.0190578168811543,-0.0028294964866451,-0.0248742566326174,-0.0269268079011736,0.0013358066799225,-0.0477278331834658,-0.0151111639015875,-0.0233733197549581,0.0010812049624084,-0.4166314157445467,-0.0151202135217047,-0.0709119535773006,-0.0137362904065013,-0.0029851308439808,-0.0154284442923738,-0.014689552933695,-0.0057154907707879,-0.0140257046250871,-0.0133534480361679,-0.0085313821324353,-0.00556884233485,-0.0140263393203998,-0.0183020674751021,-0.0119566551254524,-0.007656670638559,-0.0040896095908012,-0.0137472180044653,-0.0142116598639268,0.0898080142783167,0.4368552361987912,0.1418076789294006,0.0109546139539872,0.1091957231018188,0.1079171168248931,0.0136477059892683,0.3456304614089214,0.1057886798749458,0.1092745156197764,0.0542353763099069,1.3201939036440071,0.040695207111986,0.2875932544204136,0.060028467227833,0.0300243998906217,0.1234214509681228,0.057124731538267,0.0325102609282194,0.037909482801132,0.0341818338226865,0.0218900719500401,0.025720596819888,0.0378486095746056,0.0626938419208412,0.0465362478091603,0.0447583875375695,0.0573725235307629,0.0405651247945561,0.0491352208884822
65,174,89,-0.0244965628449117,-0.0042257485201623,-0.0104936240114165,0.0006846442607066,0.0010941595154934,-0.0256448732928174,-0.0040740815101319,-0.0169853259812033,-0.0412896310720599,-0.0219553629335051,-0.018339313776159,-0.3659900799703231,-0.008010881758549,-0.0097955722194383,-0.0143914151196453,-0.008308919410556,-0.0302292789843483,0.0053506019167014,0.003958462183672,0.003745304741765,-0.0043368508786996,0.0002491820633157,-0.0040962493364782,-0.0039335017475918,-0.0185187691342818,0.0015004856396819,0.000446748012379,0.0009840337202973,-0.0073934499109201,-0.0157516101910846,0.0706448419609008,0.2413540410238375,0.1496354372795113,0.0026223774875867,0.0270697790140242,0.0756417538392542,0.0247627849972672,0.1051718277534461,0.1278687538742946,0.1060086512834127,0.1869001637564733,1.2675934427697724,0.0245151109484684,0.1759689862671123,0.0764519396429286,0.0291552576526638,0.0778166013036839,0.0473699793653407,0.0181571479317771,0.0246725582461734,0.0388851955039235,0.0560720942208568,0.0210513032454214,0.0308075249830773,0.0629864338707488,0.0361423808328797,0.0259570012038072,0.0407285806882559,0.0354914757618132,0.048792523050245
66,164,99,-0.0160908356180859,0.0373003291440572,0.0025151209307916,-0.0154309344753478,0.0043839576541894,-0.0241668468436414,-0.0602470326300709,-0.0516505282974976,-0.024820780790009,-0.0262967692170012,-0.01071258825304,-0.3072458065582097,-0.0186164761003066,-0.031639168066052,-0.008103033436956,-0.0129120381186313,-0.0340902070348319,-0.0107896322049847,-0.0145815284320732,-0.0165988320636611,-0.0113462077937992,-0.0007408099399009,-0.0031351012548482,-0.0076234424780527,-0.0137152341557229,-0.0464714440195576,-0.0084234571719939,-0.0072178568901426,-0.0126068869508515,-0.0056828276834963,0.104705398762206,0.1258490737138566,0.0846628987153581,0.050021840150841,0.0923287304526571,0.0561171052749379,0.1405529822147672,0.2552362619993265,0.1659972617400347,0.0774804598455225,0.0869171065231884,1.2980680653102985,0.045022500438538,0.0654845640377734,0.0387264697966617,0.031082124108865,0.115586642726582,0.0550368267631255,0.0474279669541913,0.0269696757916321,0.0344722585185678,0.0245054160087902,0.0146391258584797,0.025348821016765,0.0399573578268972,0.0970965966256468,0.0365436551061654,0.0237439802598662,0.032448940049643,0.0505569664036795
67,161,102,0.0189699293954933,-0.1605983286307201,-0.0104532830508379,0.0022568641424145,0.0037349470799448,0.0003648912562673,-0.0004626327507053,-0.1145668002977042,-0.0215099172725846,0.0087210416131664,-0.0118782110326509,-0.3510259136907652,-0.0031343929105959,-0.0416109883848808,-0.0427798302845685,-0.0165004351060542,-0.0073044088727766,-0.0204428041042684,-0.010851397534046,-0.0180902493585683,-0.0048725954167529,-0.0185318290272037,-0.004816057554557,-0.0039502818519515,-0.0267507928487477,-0.0199340099604867,-0.0364305089810766,-0.0044319930122977,-0.0127916299632568,-0.0010626836456644,0.0387636386968576,0.4794997565069378,0.1231401955056621,0.0064274693497717,0.0939352211160264,0.0079922724678225,0.0050571064848013,0.5195225916227189,0.093211306017825,0.2093048074014016,0.0570354139844218,1.1388266623319478,0.0238824368129802,0.0906586101197375,0.1241446857380236,0.0869989910590083,0.0489732180550607,0.0809552207275629,0.0321034687759589,0.0500452237793759,0.0255398200070094,0.0478802351024178,0.0184155650122607,0.0159839730472039,0.0638706731168121,0.0703994375346772,0.0697083023954743,0.0487115106640914,0.0312867902749161,0.0543299160543758
68,159,104,0.0083424152178226,0.0110094904206777,-0.0181683624670735,-0.0074084509782228,-0.0184722735273676,-0.0062364571313838,-0.0007856242302707,-0.0252689077793291,-0.0793088961644307,-0.0050046353958683,-0.0471605543823694,-0.2458839154820427,-0.007922422314156,-0.0281042910657184,-0.0065332989824478,-0.0022298751118148,-0.0048972709793445,-0.0101971804188198,0.0056329342894532,-0.0021613112440423,-0.0077627770847187,-0.0098602221515443,-0.0029339279404973,-0.0084491302657443,-0.0270522713155296,0.001336480984521,-0.0082245883867855,-0.0009181565966704,-0.0010126022169605,-0.0015964459275156,0.0210085343209423,0.1873570688565831,0.2522799468214073,0.0158856102784789,0.1013600859474972,0.04129901168555,0.0080769391440342,0.1359220719253968,0.2065200439538558,0.1505564158155086,0.1589794164003116,1.1909819140779765,0.0336521994063498,0.1292832662463736,0.0482225037848896,0.0551576083231272,0.1254542452951595,0.0911028909972978,0.0447538097737281,0.0312773396815831,0.0330511411601089,0.0280340566552404,0.026128201851502,0.0368927820543202,0.1124839584074329,0.0346103296169438,0.0262736060072049,0.0216737881271257,0.0251783083946572,0.060185949908841
69,163,100,-0.0142387840600999,-0.0444016718046466,0.0247015845027053,-0.0119466525204463,-0.0048149408772814,-0.0688530828659801,-0.0109880580213381,-0.0117255476650905,-0.0134119759740262,-0.0244575684225686,-0.0039069137614651,-0.5105213298701017,-0.0229759912779459,-0.0518640664360108,-0.0116442989385502,-0.0101631114633881,-0.0312045278737677,-0.0195043567487622,-0.0094829332806572,-0.0276073502162095,-0.0115670336355125,-0.0124705280812865,-0.0097483486300788,-0.0107424622967885,-0.0348309101026869,-0.0192096385965877,-0.0109508850855967,-0.0003996142915101,-0.0216889231734772,-0.0134927001470729,0.0645776626581191,0.2320897543997958,0.170168754604564,0.0533094670110085,0.0448583998181331,0.3744426400418474,0.0298756440316045,0.0871861212186781,0.1228897213135701,0.0809594541054106,0.1633783297428497,1.4750940448142802,0.0438768115281126,0.1353586288371123,0.0398230246084124,0.0559686610201692,0.0665278892236176,0.0595704134771204,0.0375388006575106,0.0556827152496805,0.033639135119299,0.0459573365564822,0.0487058465185901,0.0289917582016826,0.1005353943635815,0.0470297901446694,0.0332796336901882,0.0081638256841265,0.0606784527765379,0.0437091314590751
70,161,102,0.0051351605455376,-0.1234820851711931,-0.0084875069398818,-0.0005008708143093,-0.0081396790976822,-0.007360915197558,-0.0446431597685949,-0.0194411956601918,-0.0619111564020682,-0.0268112109331881,0.0058179077763179,-0.3258550413205678,-0.0070125973621151,-0.0471616821228563,-0.0134954313172386,-0.0169988035568824,-0.0479135540541156,-0.0086381660988646,0.0051103394651452,0.0072644784951332,0.0003000285753814,0.0008664012487137,-0.0118960730258616,0.0005171316187186,-0.031650100295123,-0.0081846537392121,-0.0104128046048885,-0.0159806065511158,-0.0085134207239955,-0.0095268196318826,0.1142901732466983,0.3748858667967438,0.1153557399561502,0.0006578196930886,0.1026825415044832,0.0515604441761975,0.0889062492277204,0.0946656068883291,0.1481295372282127,0.1315873753800946,0.2069397918062032,1.1072339387849663,0.0229985514968018,0.1363097451520709,0.0584950188140795,0.0686598438599225,0.1060777786059695,0.0655348809545403,0.0381918832803989,0.0518799256434575,0.0218699078447918,0.0238782735111818,0.0410453369636654,0.0338395728662496,0.100960929919365,0.0427251203894867,0.0423466350506641,0.0352588552567873,0.030934598800219,0.0423826352110322
71,176,87,-0.022922105326932,-0.2147435890386681,-0.0243563738599714,0.0014381822001578,-0.0225862155205177,-0.039484366599009,0.00089164620963,-0.1224185196943377,-0.0058617701053565,-0.012767391329123,-0.0119449814486543,-0.3591392764785152,-0.0132883769721019,-0.0509825348634796,0.0028954503650931,-0.0085699060671797,-0.0054490439729416,-0.0204134912576335,-0.0057710517912268,-0.0095439298992977,-0.0065227709866053,-0.0131906047125549,-0.0125580114531665,-0.0084091692104452,-0.0212926838875872,-0.012755216028615,-0.0056364161207237,-0.0043293559379054,-0.0078252903029465,-0.0075120480481202,0.0515893409231678,0.4968235928630457,0.1632342975253854,0.0104617361620328,0.1074479099569636,0.2488093638742893,0.0110169243020208,0.379784787767313,0.093295361104298,0.0946420629441241,0.1505535716268754,1.2809633280015962,0.0295853722619215,0.1601307131475997,0.054943701220086,0.0510838216400849,0.0438598951042907,0.1040961749230489,0.0331306528858062,0.0264251431356496,0.0327082378686724,0.0265497764483645,0.0333351754762327,0.0346873127437731,0.0573436913833079,0.0431112309075883,0.0305185804039191,0.0165130019088431,0.0318978700572948,0.0333276966173739
72,153,110,0.0359264252663381,-0.1320832056289742,-0.021697144589204,-0.0044442797127381,0.0054186155221474,-0.0405270838712998,0.0090719105902447,0.0330715741951703,-0.0417247641860421,-0.0089011023846699,-0.0085164646426409,-0.3675909776900319,-0.0005624902060834,-0.0360653191707136,-0.0096740056964253,-0.0009457518308708,-0.0185761487126312,-0.0114324656142797,-0.0010964493864497,1.4587237614270016e-05,-0.0032841809523896,-0.0123827505064054,-0.0043755410811051,-0.0035853687756322,-0.0178040927382618,-0.0067647465287226,-0.0015804315816536,0.0033201307681609,-0.0026537090439873,0.0001254340881282,0.1115390788150687,0.3738052613332791,0.143512079851253,0.0109363572296855,0.0360053822594018,0.1401850772610527,0.0478843654767462,0.1534549673196398,0.1712976422198639,0.1018527204385186,0.1154222143235446,1.1266795574010111,0.0413286639605263,0.2190529422393861,0.040238918644625,0.0517240734444231,0.1444766412010732,0.0493378374712129,0.0413668730393291,0.0326594945265284,0.0344908980277364,0.0395606165752745,0.037648419426559,0.0212300208760042,0.1187072352174236,0.0351483906999995,0.0182357986196473,0.0385605188953252,0.0360271924727919,0.0443554975207447
73,168,95,0.0230059091979048,-0.0289547538254091,-0.0430273379263273,-0.0058578137258768,-0.0095601674102799,0.00944378859939,-0.0071028170266746,-0.0073401190410338,0.0009567939854756,-0.0171164662391954,-0.0158837422774783,-0.2994492790803951,-0.008780996533028,-0.0184883458208542,-0.0012951375408512,-0.021587285078527,-0.0555486322334582,-0.0201187398770732,0.0048555958265772,-0.0025884376041671,-0.009776439916497,-0.0034002861369291,-0.0046402515120589,-0.0095964600715677,-0.0145429324917673,-0.0032630550315078,-0.0092197786457152,0.0005245545927678,-0.0035347396618619,0.0043033281317841,0.0487761451054597,0.1653719025010559,0.2016340783852599,0.0143760726223392,0.0721024900553523,0.1086852281240378,0.03630830498328,0.1343429802556902,0.1400277320814339,0.1762822622970322,0.1339953955084885,1.1959750124440474,0.0327616544410044,0.0963125027184114,0.0802385248944433,0.0890343750784196,0.1457237993480117,0.0421408989331875,0.0339749430651929,0.0267475708012352,0.032411555803759,0.0249362733638821,0.0395933841592265,0.0252630606521319,0.1120246566798458,0.0272244343554242,0.0326447364708223,0.0114184144205701,0.041859889549285,0.040496050496596
74,170,93,-0.0089247465941193,-0.0439242481507864,-0.0400880336623077,0.0045874675994351,-0.0353177123619879,-0.0278064803680589,0.0013882588461812,-0.0226281723901751,-0.0728896695639214,-0.0144470619043996,-0.0041352685347478,-0.3470270657467111,-0.0073568234919768,-0.0873693643137284,-0.0185878497355239,-0.0092468896591468,-0.0243158506360087,-0.0203195010961938,-0.0148512095499146,-0.0026995357385097,-0.0037482195669957,-0.0127696110622842,-0.014331742913501,-0.0171706824465437,-0.054297640421716,-0.0170107036265721,-0.0100866780823197,-0.0211826154561568,-0.0108106875163227,-0.0307744869426705,0.0666068706231861,0.3356761133418752,0.2036087646720858,0.0234887916733779,0.0764560189667317,0.07889768172421,0.0244018762071483,0.1409014018274821,0.2443085027821609,0.0914613723063016,0.1462928968381021,1.1431296530725903,0.0394056349137677,0.2403804988008162,0.0547505493508314,0.0471442827127643,0.0652830465303705,0.0475649528395502,0.038470032150154,0.0441583506289232,0.0615637562281927,0.044960668414038,0.0393412432542497,0.0424767262718177,0.1189901648354685,0.0447779373544967,0.0359698172934812,0.0417832675261672,0.0454240687440612,0.0609919617591584
75,161,102,-0.0100276201350534,-0.0867705217494454,-0.0068780806990943,-0.0021447356501931,-0.0061109552607954,-0.0655703070193096,0.0016882234417627,-0.019225340696687,-0.0544210158301971,-0.0144286415691006,-0.0032584798316768,-0.4643108362993892,-0.0069554206353068,-0.0375730845428829,-0.0041664006131037,0.0012979733027042,-0.0206782062386551,-0.0154325292112335,-0.0102881310510855,-0.006617371290887,-0.0071101631962312,-0.0022371948830249,-0.0093790307116018,-0.0052459155205029,-0.0151833873485357,-0.0010730421682169,0.0005576646079865,-0.0055156430499222,-0.0098054105676785,-0.0044447393776483,0.0893872027426477,0.3468152700950231,0.0479445163656513,0.0108235222397535,0.039611681625432,0.2729880260357205,0.0175715804489677,0.0953433388070469,0.2079498737494305,0.1185614445050271,0.1423447736835807,1.3081007091046275,0.0330010368115465,0.1685068843036239,0.0439343855595402,0.0483303016929482,0.0740467126922784,0.0912312697507889,0.0387630916674547,0.0298162976302013,0.0237127500496946,0.0269108702700223,0.0370290853540087,0.0417376950367655,0.0709572913398162,0.0392325717265647,0.0204914655929559,0.0501604179179791,0.0283922838426167,0.0323122687092341
76,171,92,0.001456034273556,-0.076617051461442,-0.0205318302978247,-0.0064677165558982,-0.0003335638517,-0.0164309490676836,-0.0062021677415053,-0.040668782832162,-0.0194975227598518,-0.0193252308181147,-0.0107026810047451,-0.3689873053692925,0.0014567693925806,-0.0375125714454249,-0.0125715470643708,-0.0048002425078025,-0.0279355470122578,-0.0109771318365498,-0.0028706493243042,-0.0132425737528039,0.0019424679359971,-0.0104547729092835,-0.0065289697453226,-0.0035599590532403,-0.0096145428434563,-0.0070358222510325,-0.0090301708401393,-0.003884683829108,0.0023516260348073,-0.0145074895076029,0.0047769994372172,0.3316398088030113,0.1763340243543703,0.0321614604500175,0.0496858028762826,0.077093140861658,0.0218172887624306,0.1101102089745925,0.1341657787939573,0.0913050811983438,0.0944103022599172,1.208912047642848,0.0308684256010682,0.162320490773056,0.0391239198834531,0.0870909649324827,0.119988158568622,0.0861601391557515,0.0212723948457908,0.0281282761367555,0.0284513336582265,0.0310348848205286,0.0275874433566112,0.0308600037430946,0.0677565024906534,0.0316598334217897,0.0341655272575042,0.0289792018495054,0.0272558257728815,0.0446505573335321
77,166,97,-0.0042253891996257,-0.049955470686333,-0.0135773533980107,-0.0014709271740784,-0.0105396860148249,-0.0105816918943418,-0.004643426699158,-0.0351184732284857,-0.0188923172956763,-0.0149849158359355,-0.0085597982968443,-0.1916600875530201,-0.0022777951235197,-0.0395509411357233,-0.007615085355171,-0.0165371054369904,-0.0350389555659589,-0.0074830736112482,0.0052153156212798,-0.0033115859785589,-0.004573428594144,-0.0086027968902207,-0.0080107603802886,-0.0079860005433132,-0.0129879824167567,-0.0073199528062414,-0.011326144987887,-0.0021336909492471,-0.0052302518962669,-0.0080088217849195,0.1099072787299329,0.31214663309316,0.111523567266212,0.0123410093544379,0.0939814761020989,0.1264564381251721,0.0518285184804837,0.1476155996694194,0.1425701072908237,0.1274682113944603,0.1400027226756005,1.0643670934212777,0.0417152966133919,0.1479148652186279,0.0426857306497295,0.0526767956236196,0.0959240735473854,0.068568496095502,0.025109962559841,0.0206433756320101,0.0291261253419576,0.0278540176942679,0.0237467808700579,0.0256826128566639,0.040093225901859,0.0450927453354377,0.0279796697903818,0.0224862546501611,0.0254181397908891,0.0336587731560548
78,173,90,6.120238523140662e-05,-0.2656877712620097,-0.1085540394702707,-0.0003379832522499,-0.0061264358289893,-0.0078078737334494,0.0016520122554693,0.0110313025443237,-0.0682853118376029,-0.0167285481335033,0.0022641855293475,-0.3405169988301741,-0.0002360996675705,0.0182543684943008,-0.0096429345134082,-0.006950610333607,-0.0080267447322663,0.0076746615311237,-0.0057089399118547,-0.0047669264898982,-0.0032476804869183,0.0045592326662014,-0.0052809779151129,-0.0087331967950524,-0.0240522497169804,-0.0101735252355249,0.0015773156662237,-0.0001051919644202,0.0025769501543893,-0.00517737442217,0.0116841762718546,0.7467219401242264,0.2687550849477383,0.0026541789117761,0.0404698968638704,0.1125593428026763,0.0167050975642161,0.1027871809042584,0.2263354473600538,0.0508930225596522,0.084491481705088,1.2461563730075358,0.0313053970138562,0.1654099425008861,0.0493867200003096,0.0515698779764136,0.0923506928969454,0.0745942719519223,0.0277010882275828,0.0282255107821125,0.0290886259821043,0.0219356644114812,0.0362226343001536,0.0475747587477265,0.0979991167407679,0.0510506812122936,0.0461256318128723,0.0112619722650243,0.0268742275049869,0.0361084913008447
79,175,88,-0.0171148663698053,-0.0154161649494591,-0.0292343979359881,-0.0010440330235683,-0.0042467181000734,-0.0119425865400301,-0.0013197438992769,-0.0008869054455588,-0.0422649023797917,-0.0217327533212519,-0.0214852734624388,-0.4186619157574769,-0.0126424212105737,-0.0302279440345813,-0.0121680702591986,-0.0169378488848424,-0.0669885150029372,-0.0058660698585081,-0.0062306053744481,0.0006123044547231,-0.0077640848367149,-0.0084848296107152,-0.0046768517964411,-0.00247418403616,-0.0115376418134508,-0.0032221902042704,-0.0126965975915103,-0.0046254358243172,-0.0077446117587787,-0.0097583473474318,0.0532685970162624,0.2936302431468666,0.2130745668344503,0.0212910058871003,0.074130982421044,0.086138015301995,0.0354949886932956,0.0417670249213324,0.2388113097072158,0.0906352490096076,0.1444308511556074,1.2737293490858423,0.0404544125504723,0.1496840470493423,0.0408964095616385,0.0671319009356904,0.1790576237279633,0.0511827361681512,0.0293226495300014,0.0322776366409946,0.0224360893353395,0.0317105667951576,0.0208024445881826,0.032303174956641,0.058117173973529,0.0388079496751458,0.0534913876792266,0.0223308707481973,0.0289548986094316,0.0355076767722289
80,163,100,-0.0001378378927678,-0.0120970242195686,-0.0513132886931492,0.0004303049102214,-0.0115816829873744,-0.0026376740856394,0.0032257601364687,-0.0298951254487803,-0.0264115397117299,-0.0021962199750755,-0.0506899578832724,-0.2913226817052809,0.0021252127601985,-0.0521233071597091,0.0034456050621691,-0.0193096649489896,-0.0374272549683382,0.0036183297563073,-0.0016939477147008,-0.0036978426919561,0.003739105108991,-0.0062204223631268,-0.001449965152109,0.0042820342571096,-0.0149548907474458,-0.0244924699304385,-0.0103525765943747,0.0035103262879458,-0.005649147914459,-0.0029158857989551,0.0007581898128368,0.2107406230529605,0.1560368101032247,0.0033097150614387,0.0711551411820105,0.1057793212943778,0.0391818890410067,0.1636832962449362,0.1269502913589059,0.0380063621067413,0.1585309551439868,1.0622449932293208,0.0336347513279269,0.133240888569661,0.0887495672175468,0.0743935285158014,0.1067816106216388,0.0586991437248418,0.024009239397097,0.0299815095026372,0.0300689850863063,0.0335478321926073,0.0282773162810624,0.0359266624110479,0.0483564332916446,0.0747084241251984,0.0416340706699276,0.0156981471804832,0.0358700731982198,0.0561044750510323
81,170,93,-0.0234592578265353,-0.1671134646603587,-0.0250937043293684,0.0034887773088807,0.0040028385743819,-0.013612546067873,-0.0034297022629281,-0.0180819084183007,-0.0367469766572586,0.0040938233507778,-0.0005992212593818,-0.3422245800302839,-0.0013319178374686,-0.0312650646186183,-0.0177103263792268,-0.0077759831599687,-0.0483951923695186,-0.0265461818319555,-0.0112523694545027,-0.0181027689381317,-0.00156248231021,-0.0112419803842368,-0.0085273095003734,-0.0104787018112247,-0.0272674934950555,0.0010805047908094,-0.004172068372481,-0.0180957910579046,-0.0023310290550875,-0.0127976843076023,0.069155091245741,0.4695312233710755,0.1436371595956358,0.0194776271641427,0.1245304362558292,0.1113003599549926,0.025315411081345,0.0610042585019637,0.1678135820393952,0.1244869226703859,0.0488746688665049,1.238037123106818,0.0281888350621129,0.084524430994394,0.0525070928909665,0.0303763822167664,0.2069021522414924,0.0404575745196789,0.0259305623056672,0.0396027178097413,0.0213577342076441,0.0195276246632232,0.0174025568427034,0.0256240050984983,0.0902888403843348,0.0290339763408713,0.0145446139787546,0.0490958796831942,0.0219809748263038,0.0385783665973971
82,162,101,-0.0007080132389042,-0.0740050519198634,-0.0227202934923086,-0.0033308652159776,-0.0215515109827187,-0.0176165352219507,0.0027403019303297,0.0673584844116819,-0.020379477788024,-0.008826202764413,-0.0187101938295083,-0.3716295672510054,-0.0070762872859016,-0.0193436676805259,-0.017828192782912,-0.0028533719213301,-0.0450898271749736,-0.0058302002782205,-0.0045316847834092,-0.0032138451613049,-0.0071328959232102,-0.0102628537273959,-0.0076886833169489,0.0039492927296928,-0.0175397350881565,-0.0100935274883715,-0.0058811187865958,-0.0001140776290839,-0.0207325000277041,-0.011214590558494,0.0159052670199594,0.3493208831576113,0.193825532745148,0.0185623519659374,0.1294533262058367,0.0871432408078087,0.0161839799484828,0.4223524100538808,0.1145511695781734,0.1256197966609726,0.1067101702493254,1.3505546596041726,0.0371282474145857,0.1521990426860587,0.0510208211508941,0.0624235699273477,0.1377427373752244,0.0458509786160783,0.0271311134718254,0.0336762813560369,0.0283702680797415,0.0304895541998191,0.0195245389992721,0.0316935132059727,0.0893554928821014,0.0429058384512779,0.0270028418471345,0.0178745286123232,0.0351002299657812,0.0515993184737494
83,163,100,0.0002846026678269,-0.0466160388590402,-0.0010357036710302,-0.0126471143218101,-0.011799716472499,-0.00558135817031,-0.0034238072852859,-0.0533987846610476,-0.037694136722105,-0.0001040761849374,-0.0043762811040301,-0.3165347273978383,-0.0017332134124021,-0.0136171560757343,-0.0112869891591597,-0.0129654455438316,-0.0526167250749197,-0.0556793596647633,-0.0008319273448746,-0.0027215129868558,-0.0031000763144586,-0.0058144623130541,-0.0032737086691631,-0.002585922141609,-0.0275296050766362,-0.0084993654683116,-0.0095313128963306,-0.0085283937154167,-0.0004624923814064,-0.0194044264057476,0.009827580407353,0.3243846766143343,0.143677366101408,0.0195807121048008,0.0449261084728022,0.1063714695754608,0.0429855288491308,0.1708776187287354,0.2226242386418012,0.0696929662545414,0.1214017865775062,1.2120537623268195,0.021670695615855,0.1499855634337562,0.0509967881843346,0.0368919754794801,0.1127370089816054,0.180553935554161,0.0279129841204391,0.0479023103712321,0.0413956904627482,0.0219638216852397,0.0344270921000208,0.0264957066677315,0.0713367614875951,0.0377541897498717,0.0335816349807591,0.0182131179593953,0.0255915008701803,0.051566031974381
84,160,103,-0.0003723602177722,-0.0928783237181789,0.0007637010920434,-0.0012246238438719,-0.0080684462799622,-0.022962545100822,-0.0015092208924753,-0.0370131435702979,-0.0002125709386996,0.0107721862011383,-0.056303427476257,-0.3295938941110525,-0.0059833216857126,-0.0189871417716357,-0.0033772337505772,-0.0044321878839616,-0.0263443172935466,-0.0223083218460913,-0.0106022388516368,-0.0049527677835107,-0.0056752340370851,-0.0120269397145297,-0.0079659973699681,-0.0071041633259789,-0.0507641158366073,0.0021876993854587,-0.0077462732132338,-0.006024483093356,-0.001787390937997,-0.0051248882064572,0.001539433034977,0.4122361294738964,0.1208946722796311,0.0117984301137663,0.0397107102979536,0.1566726738648793,0.0233856707054606,0.2041995364540237,0.1436239121994293,0.1248283357638568,0.2376360162234618,1.3255020340777692,0.0370279768568188,0.0728297024270313,0.0587665222629842,0.0249369505340576,0.0724037869018085,0.0638469133720184,0.0289229725515616,0.0502450371309627,0.0285497572252922,0.0299883878257965,0.0255504643354255,0.0259090077344945,0.1418687858897499,0.0370555303658388,0.0329726144728888,0.0290043373952327,0.0225777416236226,0.0467961271701823
85,158,105,-0.0176415403844691,-0.0243768871427931,-0.0312604049831069,-0.0006043590980548,0.0074955350535218,-0.0207314139637438,0.0004023022400679,-0.0040034776427825,0.0148859810836079,-0.0219203585073587,-0.0087807325551467,-0.3782031007208208,-0.0141772425874663,-0.0315689745554916,-0.0190243496490814,-0.007211446726847,-0.045157567568601,-0.0100399808004741,-0.0058176748829608,-0.0093248481294471,-0.014047388069791,-0.0097008872600353,-0.001220397247693,-0.0096533753587071,-0.0223934795102839,-0.0091053826589552,-0.0076592192886153,-0.0022151473132903,-0.0006432154736153,-0.0120010002168754,0.0591755619071173,0.2533081197015558,0.1977268342706121,0.0062738870506696,0.031517273194511,0.0626045755696317,0.0324740939652467,0.3149648170140429,0.149164624148342,0.1494784508968035,0.1313498908632487,1.282296019163207,0.0387526868505056,0.0792440802192,0.0607166136961037,0.0374264532046657,0.1309573005542389,0.0330944724884764,0.0338089847060049,0.0447669315615734,0.0334417524690799,0.0367582750199951,0.0269703479800085,0.0382110790042833,0.0883795111496758,0.0400216626114492,0.0314108021569768,0.0139895035903635,0.0220991604829675,0.0360206398935137
86,167,96,9.874405503482896e-05,-0.141903559496738,-0.0022997889394543,0.0022697397104187,-0.0397603644271382,-0.0162970838728708,-0.0055137226155233,-0.0169745017037624,-0.0384274573920103,0.0255002018320854,-0.0271519947225167,-0.3745725502168039,-0.0161737475145661,-0.0059913874266953,-0.0134964911935825,-0.0105223546952986,-0.043475545850812,-0.0087265949058459,0.0007900516485417,-0.0046300815273294,-0.0013242060557304,-0.0079874019953367,-0.0047736526005846,-0.0046039232189139,-0.0100808775248292,-0.0184424787248781,-0.0039851447587736,0.0018626111552968,-0.0109860797481931,-0.008354905155153,0.0009774665055607,0.4079241024922999,0.1094835568190336,0.0065587058931629,0.1797259283444444,0.1311410737210849,0.0288031419030595,0.0976173869886773,0.1281261050391128,0.1476754305151574,0.1286374464420091,1.1827018391581563,0.0406196410524401,0.0664004185197674,0.0737401207586022,0.032364323573821,0.1057651229697804,0.1091420968992414,0.0431690192727871,0.0338696130580428,0.0203525319093291,0.0402784601488842,0.0328234217558061,0.0243763962373276,0.0329189663685831,0.0659458413765317,0.0430276315624563,0.0167657020583292,0.0518134756332189,0.0450839196421568
87,165,98,-0.0150890322262754,-0.0878599440552322,-0.0098963604289618,0.0020234000233171,0.0004618980577256,-0.0068169237913075,-0.0014526068898046,-0.0132509586928946,-0.0086908161019883,-0.0113152462695668,-0.0144691362572819,-0.2778194972023757,-0.0063357783796567,-0.0495424369961461,-0.014856760776308,-0.0177032731054708,0.0055214841867307,-0.0121881961366886,-0.0100618804405195,-0.0093738122945389,-0.0165965411445624,-0.0099242501278273,0.0003420417610272,-0.0046975705162544,-0.0190577925662719,-0.0108528281165094,-0.0031017000662944,-0.0067482790534616,-0.0045488771101126,-0.0156219486020183,0.0902875253136739,0.4479246501156994,0.1468722779964754,0.0181989519839492,0.0474723852213905,0.0306903605755985,0.010844488546551,0.1598315366263397,0.1741837719385504,0.1574600416754848,0.1609662299122696,1.4441465680463357,0.0198429013662901,0.1443959597785854,0.0512889746333064,0.0451934096720281,0.0879619668813972,0.0421080360405036,0.0527069000926075,0.036939776454522,0.0434157138532524,0.0320009650451288,0.0404632184060907,0.0313027788100668,0.064940258614006,0.0301313345332926,0.0364894383585996,0.0275541657164566,0.0440686229513897,0.0670046790894339
88,172,91,0.0023068610614354,-0.0117762727336591,-0.0568048989446321,-0.0044147038089594,-0.0611825206258065,-0.0220927065846427,-0.0011302489221292,-0.0370448172832055,-0.0597936759013142,-0.0151349741065696,-0.0590002831605018,-0.3912978483859662,-0.009284554909848,-0.0130403797474322,-0.0116680265659507,-0.001168248759854,-0.0856615590159343,-0.0250847883303828,-0.010793489216768,-0.0104355656808565,-0.0018640183837823,-0.0070542088206037,-0.0140305728411386,-0.0049948456726392,-0.0179800609100045,-0.0039330451504639,-0.0079686329141765,-0.01253676432329,-0.0075814849522991,-0.0059860407306803,0.0216478499880564,0.1573988600301147,0.270231690904149,0.0492135237877875,0.1224490745556975,0.1291619440634728,0.0088206863151264,0.1664351867417167,0.1836817376848404,0.079228805080316,0.2296802622731518,1.3604602956925202,0.0603420458016451,0.0733289145562571,0.0657128229910786,0.0333684886520491,0.2338876750563302,0.0932917637610226,0.0265799314294905,0.0525628417560488,0.0487067130716848,0.0486790246726422,0.0405530259925191,0.0436159644145334,0.0780514971587845,0.0360206467816606,0.0330121903232483,0.0519457325847954,0.0277984078712347,0.054976537955208
89,173,90,-0.0001131307098008,-0.1468992483580959,-0.0103135019488556,0.0006753546200313,0.0024838860698143,-0.0023423100397103,-0.0001632935042266,-0.027370049046646,-0.0200821912980352,-0.0190012251924831,-0.0025281297679741,-0.2675407828802615,-0.0064922176320722,-0.0167586562081411,-0.0171217354425545,-0.0112365366951989,-0.0326397029730464,0.000708222406741,0.0030043197829415,-0.008604726708867,-0.0031795093875996,-0.0027581685002697,-0.0156784668165452,-0.0033964479840034,-0.0169862129117134,-0.0083359590209275,0.0012553461776308,-0.0011005396176057,-0.0106537325060356,-0.0098460474402949,0.0002992862642176,0.4221728966605964,0.1542093669376739,0.0158123184514089,0.023908728086049,0.2047805779478044,0.0011288142630447,0.163622346087022,0.1343622283285767,0.0949780045825447,0.1673254290478916,1.32053177978741,0.0285551414001267,0.1431899060443807,0.0698248599442016,0.0362279256495129,0.1100496002330905,0.0715581580785263,0.0281465050407645,0.0319526481579353,0.0329792046546647,0.013955521264153,0.0421415230838029,0.0315690032435258,0.0600048038616936,0.057321578653199,0.0405277345754569,0.019403356191273,0.020885285591257,0.0644794741220685
90,165,98,-0.0260240052695585,-0.0895222229377525,0.0060247476821943,0.0018056682323761,-0.0049100562614395,-0.0079413207628395,-0.0029575077642558,-0.0426022171209924,-0.0104786830621951,-0.02180413879744,-0.0026578567749247,-0.311692152377084,-0.000759308047634,-0.0005965344763004,-0.0118110346733786,-0.0021768623864812,-0.0320073142469291,4.3090020767563934e-05,-0.0089242008467765,-0.0057468200005338,-0.0088072585684332,-0.0057593015284453,-0.0028474113766755,-0.00413479030305,-0.0256612830474567,-0.0077299412172743,-0.0007046306835103,0.0028705266010764,0.001811039412569,-0.0083253057450452,0.0436791610449372,0.3730971396937312,0.18605544835336,0.0113945382059161,0.1121070258943684,0.0208926928495278,0.0114631621873067,0.1578003528055439,0.1415966690318563,0.1368547582146418,0.0702858870858056,1.2736262702600252,0.032502117230274,0.1480921547536454,0.0680947824756574,0.0513148606155772,0.1275839728541234,0.0459456239472232,0.0307579970598613,0.0445029093185934,0.0264333163744851,0.0322986012016198,0.0234169919892283,0.0209301728542844,0.1377285623306199,0.0210817243929446,0.0426836060418895,0.0283480779290879,0.0220214079377512,0.062489895287796
91,166,97,0.0002882684369027,-0.0368406732203338,-0.0059907560303322,-0.0019005461516656,-0.0286662869487991,-0.032418433478616,-0.0156681969888289,-0.0790132533819726,-0.0002244344180988,0.0031856956391722,-0.0163504170149177,-0.6577117430073659,-0.010184555062284,-0.0289195388523398,-0.0074203769703996,-0.0206198168344028,-0.0085924983402196,-0.0066310578366866,-0.0111306728175714,-0.0092631223019954,-0.0113639439821985,-0.0031027554489326,-0.0027424537593343,-0.0034594627716711,-0.0124966153890765,-0.0152467319945914,-0.0093796805394588,-0.016325203054504,-0.0077249724687818,-0.0093166579120104,0.0011950462754881,0.2648269441922774,0.0765223278532114,0.0159146097253775,0.0694787263213975,0.1336765466796581,0.0417550352921886,0.2066054201121604,0.1668047177520145,0.1510092322260153,0.0514072568242988,1.4711409531554138,0.0329291932903705,0.1711549877815331,0.0271352415679618,0.0461814174598761,0.174933178703969,0.0465548641458031,0.0364878094561369,0.0228769888660321,0.0252386822297536,0.0209315855117084,0.0267065910176027,0.0224583335575645,0.0761124716467803,0.0323880063725122,0.0246337238985778,0.0292546484765755,0.0334252400156786,0.0464519724565992
92,175,88,0.0001027114735165,-0.0226716732729786,-0.101468639699548,-0.000181804626618,-0.0135064123022518,-0.0047493986074531,-0.0013811869272476,-0.0122578557125056,-0.0241602036008009,-0.007695658626857,-0.0504904575752818,-0.2685413866582818,-0.0066531188977342,-0.0206995156021083,-0.0034270786375861,-0.0075637116055339,-0.0167437722231563,-0.0037139710536995,-0.0036574864098001,-0.0095481837316149,-0.0082985703347847,-0.003398424895728,-0.0075886092713309,-0.0038375234338367,-0.0077344616657615,-0.0022678716367981,-0.0022685210527901,-0.0028246547259908,-0.0067810898551247,-0.0042713911650987,0.0055237231453804,0.2481167731338612,0.3432607175748575,0.0092811128844069,0.109540359671612,0.0655702368023895,0.0393662397448322,0.1188260010998301,0.2329031245540007,0.0463835094125879,0.1114868353373168,1.3232735859237603,0.0305412631823344,0.0939254709885716,0.0495582941701958,0.0676670761766619,0.1354488952303962,0.0597890703668692,0.0213543150004626,0.0275431455385449,0.0276021913579446,0.0227215590175531,0.0341398422351669,0.0248460650622181,0.1133513653657809,0.0237345727598766,0.0291470854137231,0.0390162039755282,0.027239599067248,0.042281568023242
93,170,93,0.00369982377482,-0.0063493435065355,0.0102445630395695,-0.0081578649308341,-0.0062924365589285,-0.0095201347525458,-0.0227365605086631,0.0021772100331501,-0.0340200352295708,0.0013853166637458,0.0100836569184623,-0.4239476907024406,-0.016091095828026,-0.0313080852385498,-0.0113350577988046,-0.0079713426276303,-0.0342323229913124,-0.0272291365253366,-0.0143971228720942,-0.0129920845905672,-0.0112112755303291,-0.0196293972243649,-0.0062098306591702,-0.0158490930119236,-0.0394513359214251,-0.0143985492022604,-0.0078683031843737,-0.0101926654250882,-0.003171808391875,-0.0071000335304323,0.0179350546771151,0.3180104869203663,0.1996254626199634,0.0451582084483299,0.0596117828978607,0.0400556082194445,0.0685426549211551,0.1873894502907168,0.2334255274486721,0.0472982336792735,0.0699076476745895,1.3026602873566933,0.0375254639598128,0.1585195416358461,0.0579008610446099,0.0471938263695407,0.164037516235312,0.0940324119883339,0.0357444462817739,0.0543871515135407,0.0352109503487962,0.0399806452162808,0.0347381646937318,0.0352605203427684,0.1766394083079228,0.0729349794997853,0.0356551110953479,0.0225666691492883,0.0315396495846011,0.0268595588614551
94,169,94,0.0020771468558503,-0.0565436150660523,-0.0163066959665954,0.0152783529901563,0.0075398203314422,-0.0915134396612582,-0.0059276043886409,-0.0209413122971187,-0.0869564331828145,-0.0114010591487946,-0.0589247626445762,-0.3028987234781328,-0.000537057089248,-0.0315573748395063,-0.0043879670862023,-0.0020424956178868,-0.0485219391613897,0.0009688344595423,-0.0045485630818654,0.0002341941489022,0.0077209863764939,0.0016291364139058,-0.0025709783138245,1.5531765679297852e-05,-0.0270200666619837,0.0026979063401082,-0.001964992632976,-0.0041578567561943,0.0004308351468233,-0.0016749536288118,0.0895001171406298,0.324206478491562,0.1276474810720107,0.0538649217966646,0.097271158618707,0.2234312838646164,0.0434721313252573,0.240196559147077,0.2422540695331402,0.1378369153457309,0.22350231636213,1.3304257435410105,0.0342772898080159,0.0863732414930916,0.0725434614841179,0.0399386014011837,0.1276613576526392,0.0383421413206073,0.0284849542894226,0.0286491418000229,0.0294547698794242,0.026735456385968,0.0279212763262342,0.0300537759400403,0.0914033449308921,0.0742145731545388,0.0262343574706297,0.0192156415246428,0.0253351203542712,0.044753519423587
95,166,97,-0.0151641766283786,-0.1977349378847466,-0.006630697755381,-0.0011564521525678,-0.0371460255940799,-0.0133122693754592,0.0021672190801823,-0.0733317802073722,-0.0096986483167329,0.0463387757357251,-0.0017632948197931,-0.4521982169675924,-0.0198404415217633,-0.0270748502972948,-0.0178850590072834,-0.0052217427424154,-0.0185216951889299,-0.0058106711974649,-0.0066248981372921,-0.0028706897643152,-0.0194451050472224,-0.0160513551452779,-0.0119822115585523,-0.0076036404201952,-0.0202170078248561,-0.0150097695924015,-0.0113367519305691,-0.0086316975214646,-0.0124866248750146,-0.0189314328483963,0.0752287586529254,0.5196241673926238,0.1385587628057433,0.0071338151668975,0.3109884672205026,0.0834041796030258,0.0280790692137471,0.3061221935246359,0.059818571676692,0.2180239689373568,0.072853656965372,1.3666391801883615,0.0443358460525714,0.1015856950872261,0.0946841108648341,0.0211824218826051,0.0702331182271749,0.0688684317961089,0.0291667954820237,0.0263913549787414,0.036352654270828,0.0344008595627887,0.0351109834655437,0.0386781185125635,0.0715121383839216,0.0564828426826061,0.0468100241521492,0.0345988008911812,0.0314973865069869,0.0573388267364536
96,173,90,-0.0044403305827748,-0.0300490320332546,-0.0158449899241913,7.494257240149448e-05,-0.0118018490493624,-0.0368343870301035,-0.0020983448949373,-0.0814059449440524,-0.0140689799455162,-0.013087792130749,0.0083382544256028,-0.3290284844257611,-0.0096459732387273,-0.0588192378578829,-0.0187413212882822,-0.0187907210969453,-0.0151738742941627,-0.0251512753393059,-0.0118112296892479,-0.0027109595063547,-0.0066512358742691,-0.0047057317258891,-0.0145271751254592,-0.0031613856015795,-0.0321184317360828,-0.0069003862699406,-0.0115302791785173,-0.0193588600387717,-0.007925240676237,-0.0078214120854138,0.0296804427272288,0.2970292121338758,0.109788071454261,0.0013031709451977,0.1132730337981908,0.1791464254703096,0.0302355270236174,0.2603436775639383,0.105944484409809,0.1431934568289985,0.1030049264379731,1.2399261686908358,0.0330512757296753,0.1420719251528731,0.0522398607472803,0.0558362224012941,0.0843583895625639,0.0638406887813477,0.0362448960792882,0.0447643279031986,0.0250952564843154,0.0389655641955843,0.0279993925217752,0.0396215769481257,0.0654558238544664,0.0464377166550321,0.0615541607909015,0.0287811303080978,0.0157382090641584,0.0346300798793175
97,164,99,0.0042534531499987,-0.1009009240409779,-0.0289515323780125,-0.0004207804366293,0.0084816021271893,-0.0100384113248086,-0.0052052881125575,-0.0809265977076617,-0.00557507762811,0.0023002906586456,-0.1104395712739968,-0.4220266386908879,0.0020088610856793,-0.0298414435533807,-0.0250951964122352,-0.0139284064763698,-0.0095267186999931,-0.0110840268058113,-0.0207927471973085,-0.0099534318670778,-0.0112468338126259,-0.0079786181425058,0.0019502402833326,-0.0085580810160145,-0.0075558502362973,-0.0045340773461712,-0.0299098803360551,-0.0023543580712945,-0.0077859876845247,-0.0199970668857057,0.0138709016549737,0.4383185483943962,0.1354020490165994,0.0031513321581626,0.1013963434336162,0.425294450686109,0.0237820756639834,0.3475709551609288,0.1193392816694561,0.1053963885941847,0.2981160008581094,1.247644702316038,0.0223362388431575,0.1138690876524693,0.0924144302999032,0.0350917019280311,0.1084947006533292,0.0341481513111422,0.0359241099415486,0.0271584979037126,0.0344673141024064,0.0307557977354542,0.0285403973591075,0.03729360752203,0.0694268910708685,0.0275918183845175,0.0481993900211202,0.0152652123606513,0.027125579665238,0.0693704351555991
98,161,102,-9.74678715221382e-05,-0.0830417550144037,-0.0046252361432327,-0.0075458978486675,-0.0430939020916042,-0.0081740686340153,0.0036193546214431,-0.0290954567717784,0.0105425208552676,-0.0295842519547345,-0.0066292912890989,-0.3857345073460007,-0.0140235884241837,-0.0211068794568164,-0.0088392361674173,-0.0148141332376429,-0.0503172801575705,-0.0033529370450734,-0.0053046626282995,-0.0033124320238051,-0.0065230273711373,0.0027017708763359,-0.0066979181615536,-0.0156675464385809,-0.0271891378937351,-0.0129669627716864,-0.0175451514525689,-0.0080662905890966,-0.0110308484284443,-0.0155351572518948,0.0008570064220284,0.3771631436907533,0.2249595895706265,0.0360992110538685,0.1476986781742321,0.050781765513074,0.0172158875828145,0.1419875697419521,0.1518142752454483,0.080980659959533,0.0785513545207648,1.278578259022849,0.0269909864511939,0.1518397170747028,0.0378751162641294,0.0458283263561662,0.1769517413011987,0.0465873037025653,0.0299711612207473,0.0261661458228967,0.0340857790515754,0.0107323573108787,0.0248185975560561,0.0322106438016297,0.1212270070564764,0.0363106403479694,0.029517324429155,0.0189858726035703,0.0294336050909473,0.0391275749654786
99,167,96,-0.001758182254925,-0.1063576739577768,-0.0084593562300811,-0.0032477869788911,-0.0340194118721574,-0.0052079056797102,-0.0009273291110171,-0.0836062190565979,0.0014685772774089,-0.004777670954123,-0.0031169468532986,-0.3166757889208081,0.000535703607579,-0.0097957294718411,-0.0130876095176475,-0.0133433135407806,-0.0001079701511836,-0.0037647729514764,-0.0026882809856205,-0.0065759753165183,-0.0068447028952414,-0.0068403380947223,-0.0086788417568027,-0.0025850983310707,-0.0028620021279874,-0.0036496512183684,-0.0028373090929797,-0.0002349372764316,-0.0076868996646942,-0.0044230111933666,0.0052277945869213,0.3193734580196822,0.1213184730229219,0.0320415830727965,0.087978873764806,0.2356420613639041,0.0162382671746543,0.210075857749085,0.0748619719275498,0.1615805813093372,0.1046475279330181,1.4452991507827986,0.0308574972623136,0.127987872004288,0.0356145664623101,0.0449843271180975,0.0214378282009821,0.0411876807364735,0.0304421809302025,0.0187205797859655,0.0244085414422932,0.0272419664496146,0.0311154796605281,0.0230964474117958,0.0653898103150471,0.0181040208924201,0.0234712064316679,0.0174086817605958,0.0298734630577901,0.0402789969306656
100,168,95,0.0265103766471642,-0.0193248743176082,-0.0230599308846586,-0.003681612880891,-0.0028505303312552,-0.0101830187892533,-0.0023715072279038,-0.011000630826037,-0.00622159197243,-0.021462835042484,-0.0213519213565964,-0.3895680297137897,-0.0062211077589863,-0.026807768349295,-0.0043575938279833,-0.0087093095687861,-0.0208111669256657,0.0036778585790102,-0.0054959628793357,-0.0023746756868704,-0.0092451580869054,-0.0013895414498948,-0.0008080088374406,-0.0115394155513477,-0.03278045197349,-0.0031636139399468,-0.0030768799823109,-0.0003795677886081,-0.0076909593244786,-0.0121378621979246,0.0717914900966047,0.2355361537318776,0.0791840942266582,0.020199176455883,0.0420754658674764,0.0798182919344393,0.0128343665312286,0.144469628531708,0.1440295302676659,0.0714387865898906,0.0755266750710862,1.3209243584671553,0.032252762877913,0.0991306456383134,0.0373290074546344,0.0306861563035485,0.0849327073533312,0.0414762593498949,0.0298724373087822,0.0232604638140176,0.0319507170486988,0.0360707981425919,0.0335844848448132,0.0448567858469152,0.0872563856214036,0.0367215715311509,0.0266358984895038,0.0341276837026692,0.0437091832166024,0.053279503124892
101,169,94,-6.364621968420619e-05,-0.0171008893736649,-0.0223871050552716,-0.0193734573626713,0.0133599362206861,-0.0213421416784059,-9.979022332504664e-05,-0.0299589001007222,-0.0702629302543224,-0.0198881410444243,0.0061447135415183,-0.2959268872797081,-0.0098161153711229,-0.0283396219656245,-0.0137274380224997,0.0019010601456754,-0.0044897672469981,-0.007921396242897,-0.0018908476245348,-0.0025303687350145,-0.0039491635216255,0.0085251703922982,-0.0073426496557121,-0.0023551375090998,-0.0084834488852409,-0.0066758058912692,-0.0071821209113354,-0.0053611324397588,-0.0004935050299839,-0.0047559277374028,0.0087835043453727,0.1954091713858551,0.1109698453863737,0.0500472382450589,0.0792762872786174,0.1098047056700216,0.0040082746032046,0.1165978953976267,0.1954943306355142,0.0759955588023359,0.0540727019113353,1.2253144793383146,0.0406697767564145,0.1364037189093587,0.0556055428201462,0.073413810896659,0.0874071772927355,0.0841898153756912,0.0275102158071046,0.0348681117506744,0.0314903815012945,0.0246698680549523,0.0275723346020293,0.0298000574681387,0.0958476431656893,0.0316700459436489,0.0377948799964063,0.0272139566297467,0.0202743708110032,0.0434980051392846
102,170,93,-0.006357008493944,-0.2098366203069127,-0.001236300201123,-0.0009554117711336,-0.0306156929295041,-0.0216876606279944,0.0010733499287348,-0.0532768131745023,-0.0119213440759564,-0.0032897954294139,0.0079277917771801,-0.2558899341262218,0.0008033363514886,-0.0126726742305771,-0.0069430602104729,-0.0032674179235554,-0.0160759348956589,-0.0109219939028354,-0.0001781867736326,-0.0021192478326482,-0.0035525878145522,-0.0034524814696923,-0.0119652188183407,0.0017381970255058,-0.0120961099148816,-0.0018669311099815,-0.0074686358280685,-0.0041756542443868,-0.0042450080166709,0.0003072061270642,0.0210473627474393,0.6640946136821985,0.0602336473445788,0.0199977545435603,0.1409773652874472,0.1158060771397971,0.0067203856183134,0.196621386055443,0.1071604331725369,0.1387159516668057,0.0895750051674569,1.211142619877392,0.026976774890565,0.1202894493418958,0.0575783950259458,0.0448617061725519,0.0692043027966778,0.0687967034608114,0.0265448726200748,0.0431417562150255,0.0336386118507947,0.0299037042658844,0.0326082418401903,0.0499776041261776,0.1211632325925552,0.0743420765345353,0.0471834498243489,0.0426679230326216,0.0318515351867426,0.0572242242864699
103,168,95,-0.0109240660664327,-0.0944957317258525,-0.015514180975093,0.0003790741602387,0.0235445687676186,-0.006269221804018,0.0010200369002798,-0.0195204105987501,-0.0259452622825835,-0.0255810784186756,-0.009220778934957,-0.4598529312188311,-0.013081251069365,-0.0432723243936795,-0.028010376518281,-0.0058573161546689,-0.0111945842681814,-0.0152455381153383,-0.01539213715133,0.0005142064004888,-0.018734820318868,-0.007991769418081,0.0011507917342196,-0.0062404750517847,-0.0158521194810336,-0.0114649782896605,-0.0170673336042941,-0.0094692600217847,-0.0050440743357059,-0.0146280048222762,0.089574761283367,0.3920187185879356,0.1259277305346285,0.0093923324588764,0.0678219329380684,0.0469314923528031,0.0154462181960829,0.29670945787634,0.1524271218509449,0.1239569529105412,0.1196064026084672,1.3975643170768497,0.0359452588536072,0.1300252650597173,0.0950336265372509,0.0444384618732773,0.0569479534687523,0.0599236080211195,0.0365383576717213,0.0379455437325536,0.0451703720754543,0.0364240501447695,0.0244324098140064,0.0309623191020036,0.0561693774787647,0.0445801797045534,0.0359537666653118,0.0346362935394106,0.0231082580583971,0.0406877462876777
104,168,95,-0.0274073829833143,-0.1027783936373988,-0.0071873375363544,-0.0007246781096375,0.0126686945705314,-0.0127532612458258,-0.0005631541985317,-0.0183969371482982,-0.0619394390925139,-0.0027213380251393,-0.0147460182431665,-0.4132738293811011,0.0001267196354371,-0.0120638183393981,-0.0078725857218361,-0.0101669433893694,-0.0158845469956933,-0.0296210761339984,-0.0017660978380578,-0.001315714328992,-0.0111009919183792,-0.0034288256639825,0.0003200127332885,-0.0055675728022418,-0.0089559721770231,-0.0066171194629883,-0.0071595755986245,-0.0018840438706618,-0.0046205315027561,-0.0160983610063624,0.0803903834288268,0.4728912576045773,0.1135742776366457,0.0043107978956408,0.0858240572298698,0.0790196296244438,0.0193236839003906,0.0673661111617329,0.2718523793851814,0.1507486751228199,0.1083311406565777,1.275556321170729,0.0374210123709944,0.0648070702103647,0.02977536907936,0.025043098464645,0.0994407422942977,0.1637709025734101,0.0251199794622944,0.0235860546343459,0.0261188288518956,0.0175854299312477,0.0132834764099247,0.0194736426529982,0.0805981678309491,0.0262425189543676,0.0169584935688588,0.0175607673280107,0.0239284054997524,0.0373139401143128
105,165,98,0.0088005993737842,-0.080064934378949,-0.0338902445948926,-0.023367349747871,-0.0001223642266203,-0.0216635725498156,-0.0036266891483707,-0.0024562115482811,-0.0285392808596378,-0.0389223373303945,-0.0165371201829032,-0.2885412245708914,0.0030225497939339,-0.0327675351114627,-0.0135793761537668,-0.009408276982358,-0.0345375998588458,-0.0409596847298768,-0.0040615011899681,-0.0120308212808095,-0.007723819728788,-0.0078356884013996,-0.0213940435062921,-0.0009763407194995,-0.0132866544171695,-0.0030789221806108,-0.008080393137827,0.0008249935126515,-0.0086856318811652,-0.0246209306327036,0.0357949044750288,0.3530905968075247,0.2435318440939932,0.0684591336101123,0.0403530913458827,0.0833066882601791,0.040794611130872,0.1312582579699264,0.1508889060891985,0.1017662789403869,0.1760773171195546,1.2026289996143138,0.0187166791389221,0.1237379119555097,0.0385129090171071,0.0621207359197207,0.1292589754592507,0.1073427559874987,0.0242766000378611,0.0351233367054737,0.022261675933427,0.0401110825044334,0.0412621750710244,0.0316053749859788,0.0698638745197714,0.0256814109205885,0.0360458449420781,0.0316407354736723,0.0207929340062201,0.0527337608069228
106,168,95,-0.0023728037393053,-0.0446871530957499,-0.012828044598286,-0.0012228115323519,-0.0515501481217841,-0.0069114813306962,-0.0147599549728163,-0.0358817875882927,-0.0047305931957982,0.0166173957176413,-0.0628013250988536,-0.2754548227301014,-0.008042010285532,-0.0474464277546603,-0.0127045953270687,-0.0031962005590064,-0.0110278564190297,-0.0051626884659006,-0.0063852791892467,-0.0042595077903126,-0.0065054207510872,-0.0044933099786316,-0.0082703756395507,-0.0033422944457426,-0.0187481223403391,-0.0070315725325967,-0.008461927410968,-0.0030851106167114,-0.0062670938412615,-0.0104487026193068,0.0078372600071292,0.2751444593025504,0.1677724875579309,0.0085295848822406,0.2673853118889373,0.0574951245976993,0.0454095293924607,0.3094478341437973,0.1549382804587881,0.1627400231811295,0.2222199691445542,1.259476110091705,0.0407698894246955,0.254758978277715,0.0530393576001058,0.0427973255674407,0.1021610918720066,0.0592827678190095,0.0291866169491666,0.0533778269574683,0.0222351616540075,0.0310794155230931,0.0244798530507503,0.0472149877531807,0.0552207399843863,0.043946428170531,0.0325687131143174,0.0112506227994353,0.0271417479782279,0.0620153217822569
107,159,104,-0.0053917281525435,-0.0510112304666169,-0.007455874947712,0.0057201622080866,-0.05069671428447,-0.0528062993640684,-0.0101011450671118,-0.0241620224305019,-0.0008311928769344,0.0032030056919301,-0.0460336684016684,-0.4945266308854153,0.0030900292779898,-0.0393527038180318,-0.0333511879965589,-0.0059540591324638,-0.0644963013811751,-0.0114578493098446,-0.0219682547740691,-0.0052841102973479,-0.0065286071579309,-0.0200512184060832,-0.0020023678490648,-0.0061204616916043,-0.0150335468499992,-0.0181478188565809,-0.0092019464947356,0.0008025050715582,-0.0085220193837078,-0.0161838311631262,0.0453094544267105,0.2747049382242881,0.0962090209251889,0.0285942855520715,0.1715263874530685,0.2331818720306048,0.0364902016541647,0.1851785551204859,0.148142662067463,0.1250098456876421,0.1721837694516922,1.3216198710583202,0.0278809051902465,0.119835145856404,0.0639099100798131,0.0351529111716758,0.1456720508105872,0.0847387607519873,0.0483605331924972,0.0373872857726769,0.0304597695599068,0.0537699095976137,0.0391117185043484,0.027538243921907,0.0625527748485934,0.049543745940294,0.0508655206247587,0.0259006849441694,0.0233728682414554,0.0581783218481994
108,169,94,-0.0208041321748342,-0.0147265455400122,-0.0279229697187371,-0.0151033788015134,-0.0231730390055391,-0.0031724142604586,0.0033533240305959,-0.0308182356546177,-0.0139509187982752,-0.0074539155487873,-0.0176650991421216,-0.2422206076119289,-0.0209776322889663,-0.0209270391872182,-0.0156276518861363,-0.0171207835982083,-0.0381522387740299,-0.0041640234320956,-0.0051935540585185,-0.0157681118397193,-0.0237534277884054,-0.0073772017400819,-0.0056956550630627,-0.0098100247932144,-0.023677462259084,-0.036994223707967,-0.0070745798035425,-0.003978626143158,-0.0108295480096204,-0.0110818128053355,0.0757611561825342,0.2934411129941562,0.0976743580413215,0.0284895384255512,0.0941847752095375,0.05529010399302,0.0269680512966783,0.1508899734674219,0.136673838472624,0.0763053972979512,0.1151417614550835,1.0744181211638026,0.0655059625357568,0.0954336254733797,0.0712587617601235,0.0469451300654621,0.0889445070483005,0.07786975166103,0.0331915585198596,0.0362564865929892,0.0604697518948672,0.0296744515498722,0.0222522243310406,0.038987249814167,0.0765853501887569,0.0893684182953868,0.04196968738787,0.0249463560626096,0.0416629555987521,0.0428714361959282
109,170,93,0.0029354824882003,-0.062118974762792,0.0028776575886568,-0.0019052472633745,-0.0049059992166855,-0.0378485702077656,-0.0027067362053461,-0.0701301589324515,-0.0568217212467858,-0.0105523476579704,-0.0930660251604721,-0.3430470414449507,-0.0011716182352038,-0.019979765373506,-0.0173689510578208,-0.0019049590727093,-0.0213446962984056,0.0021948264571623,-0.008626509747976,-0.0113409024034002,-0.0089159421885948,-0.0090258934934606,-0.0039173877612926,-0.0060016309821491,-0.0091725540162086,-0.0158636216938779,-0.0123135192585537,-0.0007594265422602,0.0019733948581996,0.0006601093932799,0.0167764771148828,0.3412319728240812,0.1243756588859318,0.0031454574786019,0.1110455069954922,0.3387227764720894,0.0238941937726862,0.2079239410577324,0.2056245129791879,0.1726494880386266,0.2692757806642775,1.3219623276491428,0.0323128375364182,0.083467600407409,0.0511568785772416,0.0424502808650547,0.117656353628374,0.0264733198962262,0.0308506359527353,0.0467914389530395,0.0264759575021221,0.028503385554491,0.0208507801891478,0.028527931024461,0.0748875571736839,0.0496982953140878,0.0416539178618704,0.0191894908780449,0.0342416712124394,0.0421839724179979
110,170,93,0.0060561632047105,-0.0550437333311952,-0.0262016265807082,-0.0006276031740351,-0.0081351086633435,0.0023234447120279,-0.0043764640781603,-0.0431160631160911,-0.0303651222855241,0.031296900807941,-0.03868506665922,-0.3081473724180976,0.0016864821957047,-0.0568146541258722,-0.0143709865367939,-0.0066662010906823,-0.0351159442539567,-0.0151388062504643,-0.0053352767264097,-0.0035695101250641,-0.0065346098351883,-0.0017146837399689,-0.0042373292300006,-0.0057764958943454,-0.0111630756717697,-0.0113379291714078,-0.0050443645693684,-0.0013269628130459,0.0029762385137399,-0.0061822123005764,0.0291043599794408,0.2985685874279221,0.1210413586165743,0.0011016850833521,0.1144885132155211,0.0701080091814425,0.0152504293541693,0.1526751845989929,0.1604517233719929,0.1617060155204409,0.2285020609530696,1.1680684057510529,0.0204922668896429,0.1828251375102826,0.0411552234979956,0.042254145591575,0.1058753831638058,0.0612772764592476,0.0434949948056591,0.0279079750154066,0.0208750692839008,0.0288351441624917,0.0338851743534984,0.0306496945300866,0.0893154603739886,0.0324010788030059,0.030263007615155,0.0088005277144581,0.0202854306538114,0.0442394927970296
111,166,97,-0.0169626394926833,-0.0723185219927141,-0.0171840431360111,0.003688380380542,0.0042075603140629,-0.0109711210830922,-0.0017012863830402,0.0020512337091925,-0.1053540864098336,-0.033729224709221,-0.0357084081098097,-0.2491051134743805,-0.012083920377181,-0.0123098949776365,-0.0043295786109924,0.0008229561866008,-0.0054392254484441,-0.0018748972083476,-0.0051730592963791,0.0042347777175294,-0.0070335603888634,0.0012854671320764,-0.0060546627227527,-0.0124015255370015,-0.007562513257468,-0.0107462010663435,-0.0074449791624291,0.001638833751975,-0.0083402999728424,-0.0081772801354352,0.050387752760669,0.3860083554643129,0.178062942155926,0.0267803566173952,0.041311933872058,0.0938532143532039,0.0093296859763978,0.1359318524047196,0.311606378257131,0.1060648593727571,0.1629072255422606,1.2552684190898982,0.0494913684816547,0.1195942764053322,0.0366164815155084,0.0706655473401139,0.0316129859978072,0.0395547948849098,0.0381020499635417,0.0286331883980623,0.026486070686538,0.0266984102882377,0.0407443810743469,0.0340591737338467,0.1261823732419242,0.042458814402076,0.035776393318354,0.0136320536616412,0.045010011728733,0.0420675612988082
112,170,93,0.0019795138513007,-0.162260766445299,-0.0120704405770302,-0.0115739401098904,-0.0284383942211788,-0.0243702526585154,-0.0046257465641374,-0.0518525569273117,-0.0516867353649897,-0.0149647085500192,-0.0129308926797404,-0.4918038261337222,-0.0093259891676187,-0.0247254709585942,-0.0108365792028119,-0.015383145494269,-0.0223142278485811,-0.0150262804356903,-0.0100491551998629,-0.0191107389452002,-0.0127873014734135,-0.0050864596214786,-0.0127599790685563,-0.0047938657495209,-0.0146250333668445,-0.0077162745750215,-0.0032278488386835,-0.0085232355874823,-0.0176996137343957,-0.008701234632006,0.0109798588859011,0.4430649634698162,0.1237390658271565,0.0363898308952253,0.1597023795317694,0.1050491417403525,0.0518339913663594,0.2798089196729187,0.183556609601982,0.117932690111921,0.0970077269271456,1.5207014875354414,0.0269076521763836,0.1249181261136555,0.0522974342210028,0.0496133547270321,0.0467478692077247,0.0796569724896262,0.0314336080543421,0.0402916644090558,0.0322617409629126,0.055473568588415,0.0250150092768704,0.0283592704177219,0.0635407852908387,0.0592818327399538,0.0282855444216827,0.0188679172806426,0.0314865327691269,0.0392633863768913
113,164,99,-4.524930553970445e-05,-0.1169382737113733,-0.0301766865194442,-5.626826849020063e-05,-0.0115350518127909,-0.025501373319082,-0.0035403934610456,-0.0144586028130072,-0.0094591956196531,-0.0350561698821903,0.0044821475769779,-0.3236868677254567,-0.0115145076585751,-0.00843543715481,-0.0164998711691648,-0.0100625265107898,-0.0069067420157774,-0.0054139727095848,-0.013718867395504,0.0006755704455512,-0.0129833777045285,-0.0189045230652288,-0.0005641843316255,-0.0161188428743453,-0.0144177489104943,-0.0160206553404608,-0.009552000710367,-0.0144918000239152,-0.0092989976244304,-0.0100896715418043,0.0014694579516503,0.4066843935628343,0.1700753704280228,0.0285116372480502,0.148561999388676,0.1722805536364865,0.0438356341267314,0.1312570262981258,0.1157451698609886,0.1163373614930039,0.1400349900556371,1.2567546118596908,0.052448951536307,0.0898289937364547,0.0568683007094622,0.0598804333577472,0.0782087313447756,0.060081143206752,0.0712217848844607,0.0405885930579739,0.0350657673994034,0.0428812391875351,0.0266137202333676,0.0765918581331693,0.1083278364562115,0.052749972606655,0.0312110709241662,0.0494775442627872,0.0451855120076889,0.0428449326478911
114,168,95,7.946487813946855e-05,-0.0164410299172447,-0.0005728371277262,-0.0004014277881534,-0.0194456993820806,-0.0039260685164012,-0.0153624834216252,0.0138110925868811,-0.0138895730656159,-0.0074092440776429,-0.0100451179755253,-0.2629969380903222,-0.0329428088914655,-0.0595450806317897,-0.0150052313238204,-0.0187424009751951,-0.0629751761750455,-0.0504687750054438,-0.0067736638373356,-0.0144011106484121,-0.0152884942338886,-0.0122993253723765,-0.0083142737421337,-0.0083164761730977,-0.0423202806570346,-0.0118890387538763,-0.0041330819319741,-0.0079172398600011,-0.0082195354580056,-0.0098662557090539,0.0015572979081306,0.297443977265944,0.0991901632553935,0.005281957485551,0.1110020949188824,0.0429123667848902,0.0429109655246748,0.1935474920089068,0.1189976573738507,0.107748144753803,0.0753997629886812,1.2615094750055582,0.0566790639941719,0.1344280396803977,0.0599858629726092,0.0801450264034943,0.2170921112149067,0.2387957057986936,0.0409612268888477,0.0497626495598011,0.0292964284580208,0.0265475838606118,0.0369670762437713,0.0404388111488215,0.1642647166846522,0.0604381488407027,0.0281593950307865,0.0296111328419392,0.0224441536063586,0.0671414922405237
115,166,97,-0.0013889793425473,-0.12732667404422,-0.0274259001916618,0.0011864785089949,-0.0281502902038029,-0.0054841842565121,-0.0257644948596218,-0.0420020249766529,-0.0196504138017204,-0.0082135624046433,0.0170502179104618,-0.2523016843964762,-0.0126723571101226,-0.0019069236114262,-0.0258302944151326,-0.0057844024281676,0.0013417019830661,-0.0228089709498376,-0.0062493432049023,-0.0099909629572471,-0.0091021106460608,-0.0157082575712527,-0.0135830589052017,-0.0215160083477393,-0.0027228112288337,-0.0256428230966931,-0.0033813645720449,-0.0020494367173171,-0.0248099658996794,-0.0126380894525518,0.0323978467484653,0.4756268976127678,0.2770060160324133,0.0073991297933491,0.1036187260327679,0.1089678053543271,0.0788511445514056,0.0962488805545903,0.0881669605960289,0.1076872372501512,0.1934027349762836,1.049659679501492,0.0416432767894017,0.0774508919397655,0.0796074425528458,0.0516424091315517,0.0539672186908164,0.0547016805545528,0.0438765165467815,0.0476867908771248,0.0372803729299634,0.0358563655713536,0.0374252509833539,0.0452635296010484,0.0706394876869489,0.0735065804889355,0.0414922029325474,0.0180523143143533,0.0715504884022747,0.0596474513089475
116,167,96,-0.0257583733249315,-0.0006850757453363,0.0075102127140486,-0.0031246255548928,0.0026897509021333,-0.0072019378822308,-0.0040500617426123,-0.0577614447866841,-0.0165864155011955,-0.0300361470893595,0.003802904751644,-0.3715964750641618,-0.0082746011793802,-0.0168202782930826,-0.0042022041607189,0.0087064773540259,-0.0215435184349122,-0.0052588337488609,-0.0098411630107828,-0.0030278703572749,-0.0065601852052698,0.0038094915342049,-0.0047804907509375,0.0022939421261237,-0.0126165717579758,-0.0003673426990027,-0.0029189955476959,-0.008704961954608,0.0029210850464548,-0.0009666510347142,0.0588558347995927,0.2220157880191681,0.1465504082409391,0.0114113396445039,0.0580997518141142,0.2659174000949326,0.0109588268333234,0.2420668647784991,0.1474460048109785,0.0522632757877765,0.1219810874383883,1.2998061877367149,0.0302647346644685,0.1011899589041743,0.0399764474925086,0.0455588301570258,0.0599775927677102,0.0366078133064755,0.0325141878232222,0.0204619557412984,0.040575482367566,0.0222084682149022,0.0229030714561954,0.0162319962269426,0.0524620984837599,0.0329983751812717,0.0367503999878666,0.0355022590848623,0.022430919105095,0.0336120879511132
117,165,98,0.001702076019948,-0.0576992595777775,-0.0069691019829658,0.0036660724619824,-0.1183179725952108,-0.0176899977980327,-0.0047168788282974,-0.0112880435313622,-0.0436928502039043,-0.0112373722336814,0.0052612061951342,-0.3791928772968701,-0.0150340530227186,-0.033326180820687,-0.0021073421254964,-0.0112847492037297,-0.0257466078445495,-0.02031424599419,-0.0068933925013572,-0.0093845298338355,-0.0067387510977412,-0.0098476190379677,-0.0069468520094344,-0.006196835570129,-0.0190692842901405,-0.028745561680039,-0.0051680227680973,-0.0040331546724337,-0.0095517250945925,-0.0054728449022289,0.0444110986331465,0.3394028284352641,0.1258921151729974,0.0102595404588652,0.2385184193681462,0.1102233377576515,0.0316754341982892,0.203721341122439,0.1981050940512441,0.144198681281848,0.0715785201458358,1.267776465344125,0.0361961055310349,0.1277998865235661,0.042348678336833,0.0264258686579038,0.0933708696005504,0.0923007974759976,0.0234304154786667,0.023594819907068,0.0243241027315919,0.0202785728734798,0.0336724039599708,0.0269671896587865,0.0834574134511114,0.0639006987723151,0.0242476198727573,0.0283175316034567,0.0380478012220694,0.0379744782654744
118,168,95,0.0002238846547775,-0.0982495728303081,-0.0222952397727188,-0.0039115470632979,-0.0044636985439275,-0.0549446076631445,0.0057912542151295,-0.013668618066234,-0.0163685410737573,-0.0142076586284217,0.0034513363026811,-0.1939743166785004,-0.0139171543357885,-0.0590422052389991,-0.0200650224426207,-0.0118331018453042,-0.0337019226443881,-0.0068964132631698,-0.0076389140501726,-0.0092082052706012,-0.0136411146746378,-0.0138585541529461,-0.0125358968290971,-0.0107671862593492,-0.0343410229844412,-0.016565683789212,-0.0103809283117541,-0.0056785096362901,-0.010528718275205,-0.0161569598817545,0.0007755579133525,0.4415242572115516,0.1586660350612272,0.026734186408171,0.0331069505334263,0.3001958537909002,0.0277544804632804,0.1098957399593961,0.1722019414387313,0.1104277464945636,0.1335806915298692,1.17749254048245,0.0389910089730453,0.1363359920891013,0.0533242878587638,0.0412890644707892,0.0905561271448925,0.0566866503521541,0.0216106660305172,0.0431807134735803,0.0312127204707191,0.0293338273312171,0.0305429951196616,0.0471183621524699,0.097714965143603,0.0307248498236928,0.0278354921822078,0.0212403092764009,0.0301203580361828,0.0337338044710666
119,165,98,0.0004745946237311,-0.0513944983532213,-0.02729117534295,0.0015761310494617,-0.0260997107306346,-0.0001291651201392,-0.0117502692796953,-0.0609341224751939,-0.0389416260159427,-0.0179309911774751,-0.0509326037907612,-0.2102508348561667,-0.0081645205407054,0.0020397412232681,-0.0058091666963018,-0.014080126166088,-0.0753255180177742,-0.0148770425427669,-0.0087154034562534,-0.0091617954426304,-0.006834307157106,-0.0082708273461399,-0.0044296614956091,-0.01046759121642,-0.0447415793420083,-0.0076680783651163,-0.001107961478553,-0.0030247260645303,-0.0065770074096663,-0.0030815073261636,0.0185781064384691,0.328985283886856,0.0913130756346946,0.0156000374701042,0.1720108928631753,0.0533660967396998,0.0325134890714106,0.3002727452169071,0.232380823551869,0.0674903576849161,0.1111569702654719,1.205917384761782,0.0327958396719751,0.1370021267901965,0.0375361196835941,0.0592162809703862,0.2038131200338655,0.0925050595607413,0.030531854297246,0.0441502965171098,0.0293721989676177,0.0279051740796061,0.0480639877297795,0.0367006361033299,0.1368913873869684,0.031161724976276,0.0530601553141523,0.0171845384403618,0.0338909561461075,0.0365101013700509
120,159,104,-0.0120335120483045,-0.0096146134547858,-0.0155192500374464,-0.0002800230256167,-0.0035079124917146,-0.1064575360747508,-0.0057187146823572,0.0045553842104988,-0.0357490418676649,-0.0229485147144887,-0.0345492206867364,-0.4392430529911929,-0.0106172202767006,-0.0267165754450092,-0.0033572835047474,-0.0108402644909035,-0.0610856349654984,0.000351422330969,-0.0060744563039002,-0.0054048683569061,-0.0099828444438967,-0.0061846259089318,-0.0072681712070954,-0.0110513378802354,-0.0207269618755355,-0.0168798352801035,-0.011700617582926,-0.0037764055527528,-0.0034221851106733,-0.0077944533359092,0.0433776364642685,0.199030370042621,0.1773018404103934,0.0092183257812254,0.0801075945408481,0.2692207328107855,0.0151652250187656,0.2850254291731266,0.1999702062196343,0.1041284416006603,0.1234482405263011,1.3371436913778405,0.0293754048702507,0.1481663520571094,0.0865664178253425,0.0408971681343076,0.1238088775415961,0.1024591643436546,0.0216733133544331,0.0402909873896771,0.0303235816647732,0.0209562025159268,0.0334516722398722,0.0357939294323772,0.0986153480051011,0.071573218388786,0.0305879981476889,0.0256758991063612,0.0280173093136908,0.0445680781199291
121,170,93,0.0002128815046628,-0.0701858771567701,-0.0077329241955398,0.0003920198696396,-0.0652196977330759,-0.0040275355909285,-0.0046832857619374,-0.0383392144507328,-0.0730818637642793,0.0078892543376798,-0.0100626710545806,-0.3785051380437614,-0.0124362684924018,-0.0136180462649205,-0.0035052824228228,-0.007387824029945,0.0015613118829994,-0.0117939657256481,-0.0065098829993101,-0.0032118742646485,-0.0087823486246225,-0.002423266054457,-0.004930276473288,-0.0029534743850237,-0.0188047386403582,-0.0048977597213722,-0.009013228376936,0.0017117539020702,-0.0069165933852839,-0.0028646696895418,0.0161443935214865,0.3599561970231917,0.0858713053495026,0.004566271199003,0.2200664482056031,0.0488063779738725,0.029082053701754,0.2084342971293717,0.197276928554069,0.1401390468627088,0.1066235456819063,1.422609956543289,0.0299869302000768,0.0935892829897622,0.0590610055047063,0.0265881888397282,0.058447383343471,0.0426083572934847,0.0256367176411306,0.045893221963247,0.0325300198347452,0.0187096050954549,0.021535366177676,0.0256800937570782,0.1021698144113146,0.0235795508547761,0.0442315534686679,0.0142625571862931,0.0271109293327738,0.0382693379200075
122,162,101,0.0036328581180838,-0.0771847844712554,-0.0138470233116489,-0.0032221984948143,-0.0158541908549271,-0.0857706951285084,-0.0082237919141661,-0.0044354422400347,-0.0319510468519961,-0.0096174404857996,-0.0478246965340832,-0.3653566115573435,-0.0126207636206497,-0.0799574451053164,-0.0145336342923828,-0.0133482267954055,-0.031832358062165,0.0035994796256236,-0.0083118257100627,-0.0147837256526772,-0.021240732791299,-0.0074161787437928,-0.0054596416600641,-0.010444421668716,-0.0168972785520866,-0.0199599678626536,-0.0076808802995674,-0.0088312376576952,-0.0184656203177811,-0.016818004940116,0.0727693023723734,0.3805663589872235,0.2457435380953971,0.0307296679867882,0.068299707362317,0.2100867666067451,0.0475046803255551,0.1846900082636821,0.1932256124114152,0.0788137306686475,0.1661292950691835,1.2373146340975465,0.0322919564944285,0.1808673582255544,0.0508097699572693,0.0589231309837896,0.0919820459438405,0.0736438001435086,0.0361600575910473,0.033573204469437,0.044912571125717,0.0272400414326264,0.0272418925692728,0.0250752784300733,0.0455928419610848,0.0669536964363053,0.0380343128929545,0.0319563982832556,0.0321084636144505,0.0470037228506581
123,168,95,-2.5981433378803748e-05,-0.1987526864448216,-0.0378918053627922,-0.0003582682572024,-0.0304501499749085,-0.0349026614550331,-0.0148623541390693,-0.0362205107418827,0.0129434018343064,-0.0022028769953045,-0.0022523080715283,-0.3733172210301855,-0.0092490691758372,-0.0498776974843819,-0.0273710068304778,-0.0218834214839341,-0.0221935606426093,-0.0130980789802914,-0.0100767074230413,-0.026874869050292,-0.0175802675420289,-0.0200947024996018,-0.0125542468457872,-0.0318628235230502,-0.0252424270883403,-0.0213043933230987,-0.0186503793389745,-0.0145327376582138,-0.0099656247406744,-0.0113432833822809,0.0003472976070139,0.4410596333478579,0.2298417943194819,0.0015502435524837,0.1543589618266666,0.1205211310385155,0.0277261897284018,0.1344813377764133,0.2689359662805412,0.1032541470962247,0.1137159716595859,1.224415798690599,0.0407726539037927,0.1179966591928018,0.0689148401967387,0.0543862451138113,0.0696777487396348,0.0366179664715368,0.0316520745571945,0.0664115041363768,0.0595370664977515,0.0432047640345639,0.0322953059481132,0.0586437927055575,0.098611707144424,0.0402242353439161,0.0360394400604917,0.0376954780939844,0.0288791590216866,0.0427208571053755
124,170,93,-0.0035432348572206,-0.1578593016517753,-0.0121097668480395,-0.0024822195605143,-0.0007312260721003,-0.0648441487398472,-0.0001206114162095,-0.0070191525635176,-0.0268043138564308,0.0069978842952771,-0.0001003699562759,-0.3386208060026107,-0.0030112492671547,-0.061320178024205,-0.0088654561084699,-0.0057478683849237,-0.019250470344824,-0.0019275186496589,0.0026085815093533,-0.000828930333129,-0.0055038853933521,-0.0036836810228611,-0.0139278279150988,-0.0077932523105604,-0.0147021205238146,-0.0023137804739532,-0.0062495639142663,-0.0001428214760366,-0.0053660579057787,-0.0062026620211215,0.0159412970878531,0.4863021224102884,0.0765347722622421,0.0055335173796338,0.0340989529188353,0.3114400804596572,0.0110053710892943,0.1962537253463165,0.2289510732846017,0.1528347158212695,0.066202937159167,1.2912768776857793,0.0263187893324616,0.2042505674283607,0.0460978911563735,0.0851583452689873,0.089477591888724,0.0470519366322774,0.0261639230486952,0.03314189609448,0.0211620662066811,0.0225804726630611,0.024767489031557,0.0279021264491598,0.092009714669418,0.0504066940872945,0.0285933589911388,0.0219753807812472,0.0171699427857671,0.034864417691251
125,162,101,0.0004078571950195,-0.0495921586051178,-0.0175836612773156,-0.0081768882545996,-0.0094793372979473,-0.0160448959760516,0.0032208702199849,0.0184047700547074,-0.0326416731952793,-0.0196908980642193,-0.025041661507347,-0.2373583885550185,-0.0111637397038957,-0.0098280224290141,-0.0045047399073012,-0.00374500458331,-0.0511814334464469,-0.0189931902628946,-0.0013507660853838,0.0047378442758183,-0.0079352254390348,-0.0051003150402132,-0.0039656547825145,-0.0049779496977063,-0.0111504539710145,-0.0119248721421812,-0.0065770630951791,-0.0008081064265747,-0.0041684836155278,0.0062712594870135,0.0049995111156486,0.3716461375153893,0.189387048653142,0.0258434285823635,0.0820862148523053,0.0614076922816759,0.0252484148577932,0.1814522685783735,0.1584469491945704,0.139033580721782,0.1098520896561461,1.0397994824385826,0.0232335210144933,0.0773122031448247,0.0458765969973354,0.060812186452608,0.1491517396068308,0.0862684093007685,0.0526841447819641,0.0286188229126806,0.0287745067733156,0.0249926413098556,0.0232197648590346,0.0292680156068774,0.0726003544690175,0.0306509945539608,0.0228434207643196,0.0371306033900598,0.0250620505943778,0.0409434802494921
126,167,96,-0.0001851963214764,-0.0921661771426564,-0.0331211339320193,-0.0006179942690923,-0.0372416695825967,-0.0161224247433809,-0.0510514364500429,-0.0552621842198513,0.0026668482718935,0.0039102958899433,0.0112027447722323,-0.4061264477000637,-0.0216923211915527,-0.0211505074529714,-0.0177616176576099,-0.0190478291461936,-0.0168643534170991,-0.0157615737315076,-0.0071190735816199,-0.0029603840466199,-0.0142087909580324,-0.014170126883681,-0.0103348018372442,-0.0182979381673869,-0.0092627878103916,-0.0178206117952055,-0.010258206431364,-0.0117522839513523,-0.0082107088759468,-0.0124076938533698,0.0014749749238806,0.3686917569421311,0.1936916877140676,0.0025899005531291,0.1812018351029913,0.0576431443179204,0.1294426786139676,0.1784488612061952,0.1674216572571269,0.0236524781828831,0.1889513889884837,1.261364097557126,0.0477695049449854,0.1174463324649892,0.0693749378614648,0.0568719100191708,0.0478770882603821,0.0872737945674886,0.0395293306616465,0.0392263285916637,0.041170177952429,0.0364157864608002,0.0371076514093162,0.0402972971876155,0.0669660317586266,0.0443056253318835,0.0400446858720339,0.0270912423567163,0.026584836220816,0.0506732680253133
127,164,99,0.0005600959172605,-0.0194883230535297,-0.0413430829321332,-0.0030973663576662,-0.0021762130789996,-0.0033775023996545,0.0003357915892777,-0.0123174938219895,-0.0568360017864143,-0.0433792427205209,0.0021669990413455,-0.290782724007917,-0.0103146421359205,-0.0149373246183752,-0.0086979747717931,-0.0023729456516984,-0.0104433767964995,0.0014842634825408,-0.0043685429969295,-0.011338434068481,-0.0032932130493137,-0.0104316486483312,-0.0039380551760586,-0.0089250283606862,-0.0157530359447604,-0.0027189952902617,-0.0063404298549897,-0.0039942412773424,-0.0087462139085838,-0.0152123417827929,0.0044679571784606,0.2972965814922219,0.1771975462041208,0.0123215685135788,0.0550064383797556,0.0791922067389384,0.0288541887842522,0.1027535726059928,0.209151909392315,0.0950538110071773,0.1121421509679121,1.169678082688728,0.0340184331467174,0.0946600112145772,0.0601376684656184,0.0357134964274411,0.1183316575782509,0.0457131218499236,0.0264823145454565,0.037136602419527,0.0343310064491284,0.0411958755562853,0.0414089231186559,0.0379204048330002,0.079224460654713,0.0205691782446276,0.040182016919257,0.0140529434625049,0.0389299253169136,0.0662209983088313
128,165,98,0.0021024501624288,-0.070827023999142,-0.0060737099630961,-0.0035999889036759,-0.0551027399319047,-0.0051299497159271,-0.0029257379232464,-0.0383261729164048,-0.0354357021817069,-0.0047192079666315,0.0141138839005204,-0.3894047435755825,-0.0092915120695997,-0.0219901204249752,-0.00945950506427,-0.011987644251923,-0.0382865398468121,-0.003285339795608,-0.0073641297616321,-0.0090567459921886,-0.0048101824399597,-0.009625200252545,-3.742971283978711e-05,-0.0029092656790149,-0.0240918892560177,-0.0126959871010444,-0.0104923514146337,-0.0051206807769595,-0.0079290673097182,-0.013130920817123,0.0202135439506262,0.3663261304877351,0.0885303789323302,0.0214833734182892,0.3020026190716561,0.0499274587185585,0.0216767625221001,0.19565168650937,0.2044737688888484,0.1378787435352678,0.1388349135716102,1.439588132450076,0.0372438530398906,0.1377054806859932,0.0481480950866415,0.0364699044600607,0.0987773954173481,0.0396249100052153,0.0360202976822563,0.043664111121611,0.0297177671064055,0.0239835846035536,0.0307755599716144,0.0180807270589267,0.0523274648494337,0.0734244702566735,0.0296472352893452,0.0180818430452179,0.0274255954722828,0.0368028314750508
129,178,85,-0.0230021229021825,-0.1596019084697814,-0.0033271431060496,-0.001355671738824,-0.0288088391415416,-0.0229241334470555,0.0044405793720145,-0.0422962007332255,-0.0227414808807496,-0.0309193111804555,-0.0036593739469174,-0.3068435737861435,-0.0072588065087971,-0.0118383010199052,-0.0036022148559427,-0.0013501176556591,-0.0086407847958257,-0.0023533580984032,-0.010323980518818,-0.0039643777493721,-0.0043878377774927,-0.0037480527944164,-0.0169625618729885,-0.0015798803747837,-0.0134234204884153,-0.0161595457358812,0.0021383481234611,-0.0056407540900981,-0.0099701646436985,-0.0104138113456394,0.0685786639833539,0.4437594214792264,0.0854935377357567,0.0118807011742625,0.2145936748690288,0.087067012491531,0.0346850336353411,0.2590996950986017,0.1542512710315169,0.1330206665274118,0.1985685296305392,1.0560799508091523,0.0478023595807987,0.0919423934081893,0.0310331113249247,0.0278389120577982,0.0622707173920493,0.0392105644571529,0.0450471663879834,0.0300345656931769,0.0277533182835889,0.0360569024554243,0.0442622786017104,0.0296493843503694,0.0507665971965179,0.040030470540395,0.0326193915480118,0.0184057930092761,0.0359177962421187,0.0262462714901859
130,167,96,-0.0004823857509732,-0.1245162600558503,-0.0032269704055548,-0.0130701215716079,-0.0093481785551588,-0.0301715340633749,-0.0007089799486926,-0.0148460803869466,-0.023948098004762,-0.0145677526687141,-0.0128635516533253,-0.297256239442603,-0.0166352619596442,-0.0329226201247933,-0.0156413231528888,-0.0322331518211861,-0.0143770064699669,-0.0054417877223468,-0.0025001163191878,-0.0124485430025215,-0.0044104278853333,-0.0121403913053959,-0.0269333617088031,-0.0066505120230756,-0.0091835190997244,-0.0100235654916987,-0.004370166613343,-0.0054116650594801,-0.0176540969348483,-0.0097795019775651,0.003770131805776,0.3911584765543214,0.0779657649727852,0.0350415552696159,0.0528968852684905,0.1455183363964558,0.0112702059710692,0.2097099519623807,0.1307688123178501,0.0729905085911863,0.1072132741745031,1.257844592557002,0.0418571994820412,0.1644372579681541,0.0525655309054284,0.1008981070139522,0.0375706159904508,0.0417493461259094,0.0289542012633958,0.0412350205000843,0.0430085394248445,0.0429599682919293,0.0568458536742866,0.0288348857205675,0.0671128492227706,0.0334289812556079,0.0211733856928253,0.0310030715440095,0.0403180633322078,0.0333636263539329
131,170,93,-0.0278074193195422,-0.496875684813862,-0.0111810918048516,-0.00020409905098,0.005066903668029,-0.0310915511976681,-0.0003324669924433,-0.0022796345927371,-0.0011992583038971,-0.0063764413501719,-0.0392624840107667,-0.3421741930556124,-0.0139119557485558,-0.0141867033181432,-0.0186174706858766,-0.00465200367589,-0.0150222568029648,-0.0013488237104041,9.5073343535595e-05,-0.0101742161094602,-0.0172347211853782,-0.0097254717963777,-0.0080158586325129,-0.0156500282272582,-0.0078307959529492,-0.0215442161211956,-0.0105877212947355,-0.0092759954641976,-0.0127077650833638,-0.004118664189989,0.062595078991449,0.9976840154202196,0.1253949965744722,0.0005488769340906,0.0605948937229723,0.1779575520569687,0.0034115573619338,0.1311979336970238,0.1128569248422994,0.1039361666596491,0.2201096587758867,1.4939570063551095,0.0272374432123673,0.0526496056551279,0.0762510966834364,0.0278594475583555,0.0570151144484602,0.02845944263463,0.0312306140410987,0.0305695178264402,0.0386007967228788,0.0258924895160643,0.0321874033862242,0.0312637707332418,0.0406504460019947,0.0485480117030271,0.0357748575185417,0.0367968382162334,0.0278144171470726,0.0385517951699371
132,161,102,-0.0185798551762302,-0.0831708770957862,-0.0392751053068086,-0.0011806316537108,-0.089526937752931,-0.006228311864575,0.0043992356740944,-0.0187144409467533,-0.0161187686151034,-0.0079070391849552,-0.027689609164365,-0.2990442336969557,-0.0039906623543755,-0.0129605084988884,-0.0085844505993163,-0.008995925265147,-0.0447018045286362,-0.0110216391432524,-0.0023379437727644,-0.0057415725086595,-0.0065211721629415,0.0026322653521398,-0.0023769250969939,-0.0030389819019016,-0.0167095488513343,-0.0046142099441899,-0.0022000265256077,-0.0022304819023946,-0.0063375861249609,-0.0180270452957356,0.0754472882653002,0.3886436318364776,0.1885359193682487,0.0027844716500202,0.1464586299052169,0.0514387704618457,0.0181123305825712,0.1278149481945656,0.1581486179491287,0.1697463901134394,0.1232980172592789,1.0907340774190142,0.0332118163596536,0.059911437800074,0.05800352607892,0.0319547469363211,0.141444864047139,0.0790065095900178,0.0295029407871982,0.0265093100770688,0.0195573551249599,0.0255022262384836,0.0233668343393192,0.0216274850979997,0.0408976127163877,0.0672786631700958,0.0289440044940639,0.0238088500240205,0.0181903414201353,0.0535527493267623
133,170,93,-0.0001223915856383,0.0005842387611126,-0.0035763032974834,0.0076329544928787,-0.0004100870953238,-0.0757258849708387,-0.0017515256025593,-0.0561067581683923,-0.0138647207622461,-0.0190574946444715,-0.0060456047869547,-0.3374911303235621,0.0043698802338486,-0.0145867633501824,-0.0133328594692569,0.0066378351831912,-0.0285791708169749,-0.0140754836678912,-0.0040855972800601,-0.0064660576048528,-0.0032184402813342,-0.0021147324599333,-0.0012784384615221,-0.0047963837787714,-0.007900616302069,-0.0055390287293255,-0.0030896669935522,-0.0071892957979161,-0.0012961669456711,-0.003503861243071,0.0043737501741933,0.2865308288944836,0.1873311130760723,0.0161591397281836,0.0397377329850809,0.3405087640629914,0.0265023052788533,0.173878143481556,0.1411722636518372,0.0941033209182526,0.0917194585378665,1.271468845317151,0.0296951957366604,0.0836826912823633,0.0426423625578447,0.0459378486291932,0.0807364991581782,0.0817443557306487,0.0399988906350803,0.0310829355262317,0.0306179283040943,0.0320564824300373,0.0273120055704332,0.018450974540829,0.1119895364332477,0.043538908670342,0.0269737354850085,0.0340276887697306,0.0261697326201048,0.0691875482701772
134,163,100,0.0141393235881652,-0.1177170512608904,-0.0154815141057461,-0.0004817717830499,-0.0138626617487011,-0.0123792780790459,-0.0026442718516614,-0.0175470440262767,0.0091732846633302,-0.0188831172024839,0.0287979302205211,-0.4062065541521591,-0.0071229216896416,-0.0269132753619553,-0.0054563416855655,-0.0352575095412641,-0.0025189178330849,-0.0076872169707448,-0.00244806436943,-0.0103670906120345,-0.0130042720491768,-0.0101414823807472,0.0015160176092167,-0.0071273768441763,-0.0169358494205136,-0.0051340681629714,0.0022456847205614,0.0002545620318055,-0.0039857651995538,-0.0204455791386416,0.1274529452953216,0.3673618283727046,0.1180482420625143,0.0026029594119583,0.0757134866507372,0.0705339032374394,0.0115673691275251,0.096275216396927,0.1114608523670906,0.1093682642304904,0.1621544999920439,1.2449179457912818,0.0355307106556967,0.0960999197101869,0.0615650053132265,0.0786928738093864,0.0636142985420712,0.0505079820375993,0.0460189375434733,0.0361850910427631,0.0255999005668453,0.0387589624682306,0.0344696457279986,0.0325900657405444,0.0566490619564503,0.0388748177682289,0.0294170400620299,0.0280810800101898,0.0422104866440042,0.0850849249098117
135,167,96,0.0020808343082672,-0.1025267691366697,0.0124470140931693,-0.0016303178351719,-0.0809008773958497,-0.0001931281197847,-0.0082106223059626,-0.0130676797702345,-0.0059682717645652,-0.0027695841282985,0.0104185372323725,-0.4405245054281368,-0.0049330804454584,-0.0168020600188466,-0.000250683032761,-0.0003009684974351,-0.0498796365604218,-0.0022930967696269,0.0009600378432573,-0.0030496745067242,-0.0104804834495387,-0.0100597155502517,-0.0004425497404714,-0.0040146788769356,-0.0113430162876061,-0.0049191494620342,-0.000356176537146,0.0056322776707681,0.0060073219856127,-0.0081314924448197,0.0259905585001714,0.4457353218261392,0.1278710017171459,0.0069795133861951,0.3502657839331874,0.004236565813586,0.0326252091303036,0.3032890982064039,0.1396727170010909,0.163496352034044,0.1679014071933529,1.4014192582718208,0.0331778987427867,0.0869535365927497,0.0673852001540459,0.0331794571501636,0.1484753580286364,0.0546406620206903,0.0499017563874785,0.0360715736567411,0.0354858158079064,0.0246694370277757,0.0250051700912411,0.0302130005807423,0.0660486904688367,0.0287662060192827,0.0586507922014751,0.0565635758294231,0.0268179306173787,0.0638493374103709
136,171,92,-0.0019816500753265,-0.0989454230370039,-0.0032979791975427,0.0037739560876506,-0.0004925583104641,-0.0641996630468683,-0.0041065469351539,-0.0515816774460005,-0.0504057336392709,-0.0127747456144455,-0.0078483385140063,-0.4641759403642028,-0.006516691754645,-0.0166459369024828,5.828730783087252e-05,-0.0041735019514001,-0.0411792710679557,-0.0130068147968657,-0.0104516543596072,0.002035515077994,-0.0097184959778695,-0.001909350366333,-0.0019579695190376,-0.0049961937148177,-0.0139669278688106,-0.0085453820695547,-0.0040704785620776,-0.0001151535240421,-0.0094313289368195,-0.0063638436228492,0.1186873176975597,0.3862404311813496,0.159406155234114,0.0133724690489217,0.0304414568451893,0.1877769402356923,0.0180709741565212,0.3170412191586819,0.1371663011081289,0.1357773210023572,0.0797521997683468,1.4863461933900244,0.0212314753947327,0.1881639633560749,0.0320324237349572,0.0398104752781023,0.174629296744978,0.0453009615707187,0.0279861785835173,0.0180645731627776,0.0296310382504104,0.0230694925425002,0.0311098696301665,0.0297368083329525,0.1130505106670572,0.064947856902784,0.0268378493765119,0.0136624551928081,0.0386978569748931,0.0359476554900439
137,167,96,-0.0192332250966603,-0.1548343371214705,-0.014349943901778,0.0016952004873362,-0.0026234395349092,0.0095608087274365,-0.0036320070678378,0.0142642959404938,-0.0239457991705342,-0.0024450108756779,-0.0193991695405311,-0.348871326920305,-0.002580531589688,-0.0258628093143257,6.933076903041e-05,-0.0077862978334316,-0.0797565178582796,-0.0035711356094532,-0.0073897548887386,-0.0057422307312934,-0.0042605017108356,-0.0062862092930443,-0.0037813288388166,-0.0042437282558439,-0.0103542319100242,-0.0075854499921815,-0.0137238550890197,-0.0121292237662441,-0.0054518332939928,-0.0090894566117477,0.0631192916133005,0.448715209215678,0.1467033455046538,0.0178343114257639,0.0554231533813185,0.0332838730678538,0.0486463556811632,0.1265390698305529,0.1614152860379158,0.0986845483103742,0.1101513544138329,1.135069783484441,0.0333466400532646,0.0901084601890717,0.0315054587252673,0.0397391959841948,0.1980935649104383,0.0641021248015634,0.0322355655194018,0.0252570476818098,0.0135340859410716,0.0178778413732158,0.0287454498103652,0.0221051404552639,0.1091428669949488,0.0309486516255994,0.0322451785568613,0.0218314660027207,0.0197260335472547,0.0473593801443638
138,172,91,0.0001038166225389,-0.1192877238046365,-0.031620364704249,0.0061600413683442,6.0954297183424096e-05,-0.0149790266585247,-0.0031626847013941,-0.0408860107642148,-0.0340585298030072,-0.0085365408306638,0.016897745395059,-0.2555615330014566,-0.0085604747000943,-0.0226757546209864,-0.0057510264882339,-0.0010829791588167,-0.0045785310627141,-0.0063255421396816,-0.0053406698345358,-0.0100998877504305,-0.0107863171755714,-0.0058141003516776,-0.0070500798296893,-0.0006262609015377,0.0094533172900363,0.0012559287415581,-0.0054618339754149,-0.0012587431943006,0.0079319144795211,-0.0005686925304148,0.0116185610750776,0.3834816679313106,0.1800448757392578,0.0126359914369833,0.1324407186121541,0.1629638189322547,0.0117668307351577,0.1220367975717175,0.2252658466379114,0.0972777932355851,0.2575300302907339,1.2070451253766532,0.0314401420886894,0.0960660402306695,0.0548825820898162,0.0327177610036685,0.1006674471123714,0.0503666695853647,0.0400312656066888,0.0335576377290797,0.0417775494077716,0.0365505963963561,0.0328551858660367,0.0392315762181432,0.0748849913246562,0.0395681272334461,0.0343691299770534,0.0168068490644954,0.0352714060715146,0.0425436528107942
139,162,101,-0.0007444356643078,0.0146070714116962,-0.0180258283186992,-0.0083287114373873,-0.0310201813226849,-0.0522207025494441,-0.0106833644411506,-0.0302853912053628,-0.066128235604603,0.0149773177741675,-0.0092035748812076,-0.4157561340608803,-0.0044408579596284,-0.0125272573226742,-0.0052930739948265,-0.0062095454973937,-0.0433890577356337,-0.0077364591292009,-0.0072495293877843,-0.0107780206137272,-0.0060790562122709,-0.002579577040829,-0.0047956223031844,-0.006240029237993,-0.0184941141760315,0.0018690450638155,-0.0028450250226271,-0.0050116956469883,-0.0012702124248891,-0.0096057463752065,0.0041395609424836,0.2887739942830383,0.1145797091083233,0.0221482328497378,0.1807387629394312,0.3091906678747907,0.0287451648278511,0.1505294867937375,0.2431479408186048,0.1727192351214603,0.0937824679679751,1.3093380406908957,0.0377953177659174,0.1146304225295929,0.0503595558464336,0.0186812041137747,0.1566447388780216,0.0570421896135398,0.0311139701149068,0.0254481376874313,0.0289107998533429,0.0389087563870558,0.022861659738947,0.0296751063023496,0.0744898494607026,0.042284915469392,0.0188512886405586,0.0506246550408167,0.0215635847229308,0.0265727283824995
140,174,89,-0.0225053396100061,-0.1449160642150555,-0.0157714696799084,-0.000828231224892,-0.0094297576800936,-0.0293549223576285,-0.000702912607445,0.0119110097450236,-0.0299253473488486,-0.0223320696025409,-0.0139094884000694,-0.4050950437832473,0.0012689437108014,-0.0087886308077513,-0.0038669069371042,0.0033822591656715,-0.0072169071051569,-0.0170226959063443,-0.0121289128902655,-0.0065904653280437,-0.0112722068243516,0.0030121765306499,-0.0104547125759422,-0.0122094823564687,-0.0372508176633297,-0.0126755011529646,0.0036202568684422,0.0068372937532506,-0.0089624248531778,-0.006131180909617,0.0690327392597626,0.4264774300672967,0.1115087007489408,0.0026192734731122,0.068871228501333,0.1685407697647408,0.0083583553820025,0.1216872313252499,0.1655152212840699,0.0628710405764758,0.1242134454841863,1.176096610496404,0.0301072435223166,0.0478050908871412,0.0505611986705734,0.039962725517853,0.0542349564110091,0.071342243998943,0.0603983117568693,0.0382846001446957,0.0352951997090326,0.0364397922008492,0.0405568460833952,0.0382254989996952,0.1158063457457221,0.0497648522605312,0.031006617113605,0.0330165414465468,0.0388556763988518,0.0369049722821901
141,159,104,0.0015517192955085,-0.0650482453181099,-0.0365292242954019,-0.0032840723576843,-0.00472301180726,-0.0046456806312038,-0.0103788203752943,-0.0444972005383952,-0.0650098138933519,0.0015793277246442,-0.0419069000460742,-0.4098762606082025,-0.0009679358621688,-0.0046982860266236,-0.0072012266987079,-0.001839666110679,-0.0373322776047793,-0.0067432815276813,-0.0042862787310512,0.0036571751306979,0.0083905369067938,-0.0015136311687979,0.0018716932551398,0.0008415383951455,-0.0096930849736589,0.0004063127363025,-0.0071321602815387,0.0012563033893089,-0.001202690024645,-0.0044200571700368,0.0249192440594828,0.3430600617999358,0.1812525829983305,0.0441389314834295,0.0579145010785868,0.0299085813155347,0.072279061950967,0.2059573764056369,0.2257152734756104,0.0195125006951745,0.1068012249380229,1.3175475585360985,0.0289418478133955,0.1102810171926804,0.0557255700337017,0.0450177862458632,0.1352394733610601,0.0337398284347128,0.0403851101616545,0.0271566860838776,0.0266163172909357,0.0195430851751078,0.0266164207044311,0.0209578843541462,0.1290725442959638,0.0470470678403661,0.0370052830514247,0.0204558033162452,0.0177038215446871,0.0315912858338721
142,177,86,6.281018018020229e-05,-0.054326606797043,-0.0134929867919499,0.0004969531328696,-0.0533215580411968,-0.0128624993765899,-0.0018984263097618,0.0017879470360532,-0.0364475019156678,-0.0051841876738409,-0.0085177370674968,-0.3320539080948776,-0.0073887755382965,-0.0489039054955141,-0.0081696213085428,-0.0064306423410783,-0.0037620544579816,-0.0095421512857407,-0.0111532738013185,-0.0079268655960874,0.0058329723993972,-0.0044022115036129,-0.0065943391044564,-0.0084300865081963,-0.0034409815187255,-0.0083334855216446,0.0030475465289859,0.0017241878101293,-0.0112639906490955,-0.0024533885609794,0.0013304777489502,0.3524983827429137,0.0438430759652503,0.0074884607169526,0.1834892560687276,0.1189941682418194,0.0108425506794094,0.2116335103714652,0.1723562164493883,0.0698851088461652,0.1200069675252396,1.5022864123648387,0.0260763683173332,0.1162065194584066,0.0446383708928226,0.0348781289634415,0.0355727871049772,0.1286762818904475,0.0264553312043893,0.0268844811956374,0.0267076783039576,0.0224785923492965,0.0248580464541397,0.026446732223192,0.1038123525013661,0.0332173652819648,0.0268864978505769,0.0161978882211173,0.0288876768732272,0.0219987510463007
143,163,100,-0.01026946227003,-0.0380805777317131,-0.0023514799539166,0.003399311718167,-0.0191209826968969,-0.0117294524284149,-0.0048085142747897,-0.0042215605155634,-0.0033225708619408,-0.0084070320258519,-0.0067988298261559,-0.3083487022152996,-0.0146070731237439,-0.0162331956368078,-0.0351655095124261,-0.0212471614506484,-0.0413285759469542,-0.0196651883384212,-0.0210495832591496,-0.0018240146476408,-0.0129954541450392,-0.0053867876018841,-0.0126499303356175,-0.0136765946327902,-0.0283726315819313,-0.0172688169964795,-0.0082087581683488,-0.0069728072298728,-0.0130888541124396,-0.0113190092586333,0.0893728726663499,0.3258755291522345,0.1299081054000312,0.0207761150029269,0.0768719852940283,0.0874233281817643,0.0217501666168079,0.1051666202292562,0.1207569949491093,0.0939689299293006,0.1208012483784508,1.4013474743348326,0.0345661342492197,0.0624305171734142,0.0597037370460326,0.0687991003753272,0.1207675247068516,0.0392978560204092,0.0419969017447849,0.0307712932869539,0.0391215389658248,0.0162095808080084,0.0304436455284504,0.0341345355910584,0.0508905419770069,0.0420270045639238,0.0294338250317661,0.0263303151845531,0.0338235322610164,0.0411651438730982
144,161,102,-0.0011248992811448,-0.0639069980151926,-0.0198412738962024,-0.0212496004824652,-0.0133741520733394,-0.0258121584983385,-0.0028564823034827,-0.0763465694793565,0.0058385447690144,0.0374572046596825,-0.014044115829834,-0.2937536386543732,-0.0067494485748549,0.0174862230509792,-0.0046330639273474,-0.0141626877543575,-0.0074199698296213,-0.0468083224898872,-0.0086823986129408,-0.0072844286384051,0.0028245960801947,-0.0029943549092868,-0.0079023917020678,-0.0040844167330921,-0.0041900117103969,-0.0062000240364528,-0.0090716421292413,-0.0089622855262925,-0.0096463588357609,-0.0074862298082038,0.0075254232636038,0.3858276317854518,0.1684992984532248,0.0582669546234597,0.0810148352865902,0.07813115981897,0.0149252012771924,0.4529842820384833,0.0658604020331116,0.1808624220242902,0.0949708986667852,1.3797358637977435,0.030109742622584,0.0853370599715131,0.0503416036902665,0.0437799767838139,0.0547339114309225,0.1726862244031523,0.0388074106320951,0.0454234499675534,0.0236087155436206,0.0288415973873701,0.03402847500916,0.0374458345120328,0.0420702750744045,0.0384398040362125,0.0498420973350259,0.0148859097220338,0.0252631979939904,0.0402648291998319
145,163,100,-0.011101939386585,-0.0304750693347762,-0.0624010285006554,-0.0009586724896299,0.0080505501417232,-0.0017614541093007,-0.0010138802918832,-0.029276378925824,-0.0379022451735955,0.0077162434674035,-0.0142367244688531,-0.3310858413675119,-0.0036264777710586,-0.0194936581511595,-0.0069336239041085,0.007062404242604,-0.0784945211921625,-0.0232650143466758,0.0041557763650757,-0.0137381931663803,-0.006609672269723,-0.0149277163665476,-0.006489505115076,-0.0113839024013111,-0.0192140255326594,-0.0119745712612161,-0.0072233543463972,0.0058241760594814,0.0052465141075188,-0.0046369974672148,0.0322872125318346,0.2161841401526579,0.1637536507339723,0.0025021262345283,0.1774068215751575,0.138095368772591,0.0095084964742041,0.1429359048669539,0.1914578857493759,0.1361186540776062,0.048022542957611,1.1386335895940898,0.0390735108352826,0.0848073142098748,0.0353952693561764,0.0456412319247405,0.1846240263028626,0.1106742576067011,0.0517326680757213,0.0382269868331278,0.0390018209253979,0.036684903796369,0.0331133578099605,0.0280509573827079,0.0795078403852877,0.0410387241263275,0.0301197886243456,0.0624410593222636,0.0279457775908292,0.053138780382202
146,179,84,-0.0007240729079768,-0.1367319101653615,-0.0208944152705668,0.0017879973771708,0.0056623480329899,-0.0005676923926531,-0.0034200623740375,-0.0442259874835887,-0.0156904210949634,-0.0093770668113057,-0.0111607966824924,-0.4159529916664506,-0.000205648900136,-0.005228005797315,-0.0157364639167251,-0.0020282727855068,0.0024361197404706,-0.0021271829348252,-0.0027976763045411,-0.0046577848650377,-0.0036033278708053,-0.0008052396761818,0.0016632296137217,-0.0029510515824999,-0.0149487860235362,-0.0125787470306738,-0.007617698018758,-0.0038490670148813,-0.0095090452620685,-0.0112082887183113,0.0070217294018528,0.4241031760603242,0.0958187152247849,0.0122535440397101,0.0774326070742581,0.0165210965023939,0.0231122208079948,0.1544560971452011,0.1560694582985069,0.0954240939890775,0.0918232364501968,1.2762075637709138,0.0332316024700573,0.0903706938360286,0.0565026389503159,0.0367530166456856,0.0924341661846713,0.1825958171228874,0.0321006213292146,0.0180793251000118,0.0157380125360048,0.0159860116291431,0.0252422230928985,0.0297890625792772,0.0586572112047672,0.0361408084702163,0.0320815628211274,0.033676568779563,0.0226275347306072,0.0382063841428583
147,173,90,-0.0029136001839863,-0.0041797973040912,-0.0290196942413237,-0.0024496587384521,-0.0224982984136431,-0.0345750434842463,-0.0032222228106955,0.0313604947923679,-0.0426863155168397,-0.0060312183274679,-0.0440065696391962,-0.3780281426424218,-0.0109559660237985,-0.0464663841438339,-0.0276399591696484,0.0005789843138486,-0.0564838075798426,-0.0162913284631084,-0.0043155097834186,-0.0086827530761212,-0.0068104539116302,-0.0111250774138406,-0.0118898072833315,-0.0069623026623564,-0.0257803911769669,-0.0129592815337462,-0.0107763262391141,-0.0125099794824506,-0.0165858945972315,-0.0096285360059815,0.1036890745919422,0.246792692205476,0.1911595368317785,0.0068430124286602,0.1539003739364642,0.0998096705343153,0.0403020797058328,0.2588620972244702,0.1916901684285815,0.1276466019654749,0.1348970792462659,1.1558565474284528,0.0330844652799637,0.1290051887806532,0.0955894518882788,0.0373724161596217,0.1298767507594086,0.0682385450394362,0.0406461075394648,0.0388497072816741,0.0267711132400694,0.0237487792225875,0.0252213853013383,0.0229583241940167,0.0699135376063322,0.0571768115266938,0.0332771879547551,0.0240974994808092,0.0325632873073665,0.0316671706644319
148,166,97,-0.0006667234823355,-0.148694110063257,-0.0088160046327774,0.0063087707371431,-0.0036442824128912,-0.1043891090782332,-0.0001172884202519,-0.015493718855058,-0.0005202027730163,-0.0051608579009868,0.0076830310939614,-0.4124047129308344,-0.0013004790121733,-0.0354380548268852,-0.0015822965908712,-0.0085320965801457,-0.0102421848864702,-0.0141362125936923,-0.0037956672663681,-0.0025078975277526,-0.0020261561677126,-0.0086208241427898,-0.0027212885284939,-0.0125512248535088,-0.0092841618492729,0.006637925565615,-0.0041505501174899,8.184497100464005e-05,-0.0049867128984081,-0.0095393619719674,0.0026764119579593,0.3948421662921984,0.1805224316407993,0.0341814574235944,0.0536816767331954,0.2587466106689527,0.004123436675779,0.1506659836902651,0.1314457727691721,0.1109876020491212,0.1086309217527951,1.294816320836007,0.0175577880644289,0.1380281848000802,0.035714107581718,0.0297997015044486,0.0434212672810113,0.061755583152924,0.0210678512635231,0.030467270831034,0.0301939792327588,0.0320268499254147,0.0254311781893549,0.0283041542247537,0.0595774834868978,0.0298402715336779,0.0332039960666015,0.0199975574163943,0.0292605114789404,0.0330720820295735
149,162,101,-0.0007474688885878,-0.1568130573732534,-0.0060580039198823,-0.0032981710250321,-0.0036819942256378,-0.007690439612909,-0.0162946691484491,-0.0038811864653035,-0.038075896531531,-0.0336326189680322,-0.0099345489332279,-0.4395660689221551,-0.0138781195539356,-0.0499022122992603,-0.011166633049937,-0.006684952447158,-0.040435868081037,0.0062650720257465,0.0012193687525202,-0.0066278781161444,-0.0109900046194658,-0.0035769681733838,0.0090407662392857,-0.0072941261941027,-0.0093561455475077,0.0022453128101119,-0.0113206052925056,-0.0060407971770372,-0.0032951194389283,-0.0140739701644381,0.0327208781875775,0.4586009431688397,0.080930541802857,0.0441454005192955,0.0656068577199901,0.2365348102700367,0.0926674140985371,0.1563481234989455,0.1806439917307084,0.1054879620634272,0.0464322444862435,1.307811889616194,0.0285329191287657,0.1546767103503183,0.0422513667836016,0.0608223254985867,0.1593384797708949,0.0333808441355466,0.0449256853453714,0.0257318523313983,0.0207769958946347,0.0231089467024005,0.0314073452785124,0.0263777494519496,0.0383257179270209,0.041990546753949,0.0316726723109603,0.0187683810244325,0.0296148792128626,0.0423413137183045
150,164,99,-0.0093311533882218,-0.0952871116808362,-0.0094676904381967,0.0004060207447317,-0.0046739263569527,-0.0003890030354543,0.0007544556836967,-0.1135540163009925,-0.0469205343742771,0.0175560223475624,-0.0164583550055701,-0.338966984976868,-0.0029573905425135,-0.0157218204916131,-0.0196743976431389,-0.0088907986283979,-0.0203629602080633,-0.0180018101764182,-0.0073343966310358,-0.0189871087357906,-0.0055167091906145,-0.0034463570781728,-0.0111925850951175,-0.0131174144007791,-0.0347569852609905,-0.0111833732744063,-0.0111622442559063,-0.0015831757810407,-0.0040228781733699,-0.0094429294974833,0.0863195358797402,0.365249244902726,0.1359027876051606,0.0146188763636213,0.0968359836034421,0.0802943148486043,0.0031977239258784,0.3799356430836032,0.1704350211611891,0.1844188290102875,0.0583459151018773,1.32449779159138,0.0335570454860315,0.1037681393993312,0.0548216884582057,0.0297611014234738,0.051462862030215,0.051275854053096,0.0369184200560195,0.0590298993570475,0.026556288104682,0.0202624782867014,0.0390201998223732,0.0285645987174949,0.0974872807158829,0.0450582663648845,0.0342615954573727,0.015050968609321,0.0215731549027259,0.0326049468649454
151,166,97,-0.0080743586700589,-0.2374846816619229,-0.0403635480459922,-0.0004320407133475,-0.0042365294912626,-0.0015157216620298,-0.006893572709474,-0.0021130332142376,-0.0025281590132123,-0.009973925414676,-0.0419700223238674,-0.5076737119869148,0.0015863554535965,0.0121604863266963,-0.0182102590002672,-0.0043892226294658,-0.0259607625419319,0.0245418560277458,-0.0093061480225743,0.0020410535644438,0.0020485609373968,0.006400874587423,-0.0076741241525349,-0.0011430502763748,-0.0018249080352305,-0.0005762956684557,-0.0073807291334012,-0.0050018753281029,-0.0073827902617901,-0.0046343959585351,0.0878652169417616,0.5944564654045409,0.2448367350494255,0.0091679091517874,0.1173641845356238,0.0042972164398597,0.0312188575170764,0.2590969718725978,0.07825599238471,0.0388550946094643,0.1707180731722076,1.4427653401689564,0.0314166695523955,0.1366163481829746,0.0684255766545298,0.0320524416408466,0.1520431283561691,0.1319233001896884,0.0265976428249086,0.0328739722787979,0.020549438261606,0.0495353148638116,0.0293203453159225,0.0350420542100556,0.2249632915957763,0.032055669021572,0.0365622480300164,0.0297986457768292,0.0252989624776889,0.0423787783182739
152,169,94,0.0003514385352159,-0.1184903485504435,-0.0579891966732191,-0.0063029389724053,-0.0186515079727581,-0.0111099554462268,-0.0112882561585368,-0.0164441272024716,-0.0538278811362121,0.0048662117594061,-0.0073953078809019,-0.2945784300915903,-0.0020911328259127,-0.0202122496090114,-0.0098447202620572,-0.011701216881003,-0.0195800282866273,-0.0340781144219196,-0.010648755851216,0.0016486925819209,-0.0119211923489884,-0.0075623915785723,-0.0131691387876156,-0.0025900903405199,-0.0128804036110681,-0.0082368010222037,-0.0056856006210231,-0.0034610841660973,-0.0095758486191908,0.0017226367370931,0.0285255274351391,0.4088884798723462,0.1699068537353502,0.012928970411408,0.0821102855810805,0.1818327367434032,0.0487952113709694,0.1319963818639611,0.2097227811618336,0.1306480054521787,0.1488070330772558,1.0351792299537323,0.0230831660078233,0.0904724757400154,0.0401646398203175,0.0420807452665323,0.0621430731185288,0.0766359901765182,0.0314023098974461,0.0234406444879197,0.026385215223756,0.0235441661262582,0.0248172315023933,0.020538167860254,0.0991555471748951,0.0246279957283269,0.0310515385225533,0.0300359479327878,0.0336098432056933,0.0358361855452863
153,170,93,-0.0190881571229137,-0.063663499158648,-0.0091442712399744,0.0029823175756343,-0.019307177918093,-0.0033443379063335,-0.0004931135233422,-0.0201621455802723,-0.0124182027493476,-0.0068616451658012,-0.0090390448614803,-0.2984874945286238,0.0021280901166208,-0.0900325633611032,-0.0183084559489175,-0.0073340595771881,-0.0257374284038144,-0.0158872042378887,-0.0091899143404514,-0.0142847854284022,-0.0112366075300225,-0.0031312946205362,-0.0148002965280965,-0.0189794920521984,-0.042845847012388,-0.0141990038059479,-0.0185301725056147,-0.0065765254961584,-0.0080251810550958,-0.0126741151207202,0.0525986128341347,0.3336732472894264,0.0529401791151091,0.0284161887671642,0.0926596211253642,0.0457640827752052,0.0085039582954069,0.1414482170404663,0.2107330413956787,0.1266627606689817,0.0749964759167366,1.1781891415820855,0.0250814991680778,0.2099670768910184,0.0565482096974282,0.0615503238139387,0.0858848966187242,0.0636232187326216,0.0302400261190412,0.0305888401202553,0.0320756170535898,0.0425874509251038,0.0319043206313334,0.0523318890006521,0.1374519917128121,0.0372838061129037,0.0444213619602444,0.0309861451805387,0.039987175758223,0.0423978663541703
154,173,90,-0.0079872807730643,-0.104256876940453,-0.0390889372725601,-0.0006220538779876,0.0043720722063456,-0.003410152688907,-0.0030500150066614,-0.0197344213151759,0.0015584279059944,-0.0076571107148859,-0.0190505320832497,-0.3212573763779695,-0.0048194572832127,-0.0506291726687728,-0.0154450060786711,-0.0148522566126309,-0.0078338251670924,0.0013609302216849,-0.0038053701767592,-0.0106932122846461,-0.0034272942608569,-0.0216590053450814,-0.0089245315737239,-0.0104033536987756,-0.0154437454477209,-0.0145933105985142,-0.0013480863717273,-0.0076719431829712,-0.007564300417614,-0.0101933768432825,0.1182418958901633,0.3488966689771067,0.1589077612142064,0.0050955123034423,0.1030137890777744,0.0376066250165643,0.0806125005975197,0.1365251038222204,0.0575720115487091,0.1566967699454221,0.0940870477374108,1.241312354695974,0.0134710400916087,0.1278599563987963,0.0313829814433831,0.0432811117726375,0.0346646463439272,0.0458363475533781,0.0200005933980608,0.0317367824643011,0.0313033428163356,0.0306805219039979,0.0438712942047073,0.0220589303652541,0.0669165996234058,0.0324421607155607,0.0258034026404102,0.0284551534053315,0.0213912029993415,0.0207749541599686
155,164,99,-0.023003403863943,-0.0021616577197868,-0.0303036726432072,0.0001818719739133,-0.0153400719511346,-0.0464952321377268,-0.0120893842634773,-0.0020934967033667,-0.0007253989630037,-0.010517317237558,-0.0303438378706579,-0.5149403973139719,-0.0132581099214733,-0.0043652719954646,-0.00450488791957,0.0104892629888377,-0.0018375013728335,-0.0099848926475791,-0.0087363429407983,-0.0098456854908907,-0.0108405895302613,-0.0091878367259401,-0.0101747716598792,-0.0027605745509006,0.0001057436371626,-0.0093856728265245,-0.0021984021549206,-0.0073130257722916,-0.0051997021405281,-0.0035278405482034,0.0500202230001445,0.2225194544750803,0.1579650201700266,0.0163118918731073,0.0999577513636389,0.0673101028143647,0.0291799665768939,0.1533515363285642,0.0723266920530807,0.0712021370846217,0.1542216682146074,1.2803560540178711,0.0421454270026797,0.074920929052531,0.0397528868731667,0.0380385472093792,0.0758810699495465,0.0554240665748722,0.0232521732665017,0.046124741413365,0.0311356811330759,0.0307817923090951,0.031312840885862,0.0204491305965353,0.0579844200887556,0.0303407611303218,0.0253483529086813,0.022982800995487,0.0163393655476297,0.0382068351041815
156,165,98,-0.0003370880081746,-0.1592463141615781,-0.0312636286452818,-0.0015676421452125,-0.002653327987719,-0.0099595078839352,-0.0070396268034549,-0.008848100362104,0.007573061448909,0.0136007070230555,-0.0114735052527202,-0.3650344233394937,0.0008489394511333,-0.0268405315230624,-0.0135637503488214,-0.0035208855383637,-0.0126785547898536,0.0003386149560817,-0.0082028038814766,0.0004645967941819,-0.0038731577918069,-0.001347827257812,0.0037623968986656,-0.0049083264751442,0.00397017218758,-0.0005858920878602,-0.0094257401227753,-0.0035929386191776,-0.0013561641075466,-0.0112790279583259,0.0008536775088054,0.4968017190081633,0.1672499627154441,0.0112354986300665,0.052269584476286,0.1100337995310714,0.0154927530740604,0.3171711944750802,0.1074796504513609,0.1479396185093251,0.1058810827620416,1.4663649302249435,0.0309438913853473,0.1991736631589367,0.0739182604156296,0.0341548855808623,0.095267465493887,0.0463983737530328,0.0365869509540144,0.0187339729383465,0.01097219802752,0.0268170216899643,0.0275147146240524,0.0222891124374915,0.06927074782908,0.0366921655794202,0.0494409758643383,0.0173901382509964,0.0194015376437174,0.0324122553644409
157,160,103,-0.0013335911702366,-0.2261956340415993,-0.0681135615264021,0.0015294169013807,-0.0125500613553626,-0.0305380634258424,-0.0445140874843957,-0.0256055568633788,-0.0124200990501713,-0.0042168470953576,-0.0230458819508916,-0.36723388398316,-0.0013428511452593,-0.0429565589766838,0.0086815921020422,-0.014545628212238,-0.0262665937246045,0.0012034404751483,-0.003649163230275,-0.0080189589604339,-0.000535135595882,-0.0110403871119856,-0.0061102391999247,-0.0095085378224456,-0.0089999802499654,-0.0119658471194464,-0.0045076294583584,-0.0035193806344648,-0.0032282049749982,-0.0072280510011147,0.0213354142124861,0.5098972516949751,0.253831450568789,0.0101678824990146,0.0572244262662847,0.2629908360886606,0.0882105907757778,0.1175221547047747,0.1180606270620871,0.0937179753101984,0.0822188745561493,1.161712864604881,0.0359903568194764,0.1315252893675462,0.0334691155041238,0.0514636671618641,0.0731052951868233,0.0896382184809373,0.0299216376984545,0.0284778057330668,0.0259747941287446,0.0273571755420123,0.022308501886857,0.0276301538401071,0.0268610515358259,0.0471313518226762,0.0178103683540001,0.0235221854125059,0.0187909454541993,0.0396095858651688
158,170,93,-0.0024996007867083,-0.0005482341881963,-0.0179505869738095,0.0001539422096021,0.0047039767796267,-0.0201776892549751,-0.0050173884838542,-0.0048699286246018,-0.0682658963900491,-0.0073567384235226,-0.0240066745756859,-0.2075618867416145,-0.0039954578781435,-0.0316951443927097,-0.0031391901712877,-0.0136858395558631,-0.0327004629715189,-0.0081806777947553,-0.0133944143198854,0.0024388917853102,-0.0059988691435793,-0.0002210880378335,-0.005626887525745,0.0012279374247595,-0.027267857980042,0.0030562861658596,-0.0016373442841538,-0.0020427698108651,-0.0033060012774532,-0.0140214812373061,0.0145994376898476,0.2750399517564883,0.1144768340893706,0.0019987067567471,0.066533960144718,0.1101888787123236,0.0343329882659397,0.0857624598129783,0.1684021498868502,0.1369255318796685,0.0883680173778358,1.322693690238529,0.0243774805592545,0.0998636481582888,0.041288883732568,0.0420863233382779,0.0876601164888287,0.0477066067895608,0.0287499739219513,0.0246921815122035,0.0204324787498553,0.0167943855141878,0.0262313643267495,0.0205140198027093,0.0921526740598666,0.0384791980554134,0.0340723317690488,0.0119691839982925,0.0186077162742693,0.0422903015613198
159,162,101,0.0,-0.1099187167398161,-0.0431120272881063,-0.0159266381469616,-0.0094057676144703,-0.0427173061833804,-0.0158514465638298,-0.0387280944176831,-0.0237849581790677,-0.000273618307474,-0.0566171091644125,-0.4198687567778617,-0.0064583303996134,-0.0143751467359662,-0.006697594366535,-0.0024541576572487,-0.0532065989195116,-0.0099512675722666,-0.0125949957682092,-0.0049766689030666,-0.0051544136953939,0.0019111184547059,-0.0098118407024537,-0.0148292489904074,-0.0067576990742107,-0.000285878805778,-0.0031748027195772,-0.0059135099218612,-0.0128821012298169,-0.0119418911829874,0.0,0.4202136830685583,0.24262678761606,0.0239406847691201,0.0810615757253021,0.2451600066736038,0.0755289596011681,0.283699392165201,0.190058549985728,0.0116249923290359,0.1536729494229008,1.3793470090675697,0.0354670632216579,0.1208049928315088,0.0582217945468938,0.0442382742343264,0.1548585537950273,0.0852798755024747,0.0575096313841716,0.0426001480717229,0.0389449967158582,0.0396352506962979,0.0528055978087412,0.0564881143256614,0.0623234720362093,0.0464301611137571,0.037683374744448,0.043739468592702,0.0521360162587329,0.0560072683168064
160,177,86,-0.022722424015765,-0.1518684925973122,-0.0667368353879355,-0.0017453149662634,-0.0038403414662573,-0.0066640635445514,-0.0006423279219892,-0.0067638498120744,-0.0368997180932581,-0.0125116535701666,-0.0113386158155955,-0.1961958268238595,-0.0162516453554705,-0.0454362908428411,-0.0104833480196584,-0.0067289799970468,-0.0326084508362355,0.0006649307430522,-0.0020447637513351,-0.0044900098615568,-0.0024965866232535,-0.0092287322781685,-0.0118808704765905,-0.0061852846073872,-0.0140184353123415,-0.0051727149559768,-0.0084036737520356,-0.0028526113389948,-0.0028237541281944,-0.0115827480021055,0.0388289492510172,0.4137963080043058,0.1680703145467386,0.022199832992508,0.1192019248699931,0.0385790325773629,0.0032695955509037,0.172160479949337,0.1755457108799063,0.1391956288608323,0.0872895899888339,1.1958423176412902,0.0400181369189146,0.1390366395563226,0.0474211496772008,0.0589674501589845,0.1134810712864659,0.0758277480136077,0.0276682763266537,0.0307532129981236,0.0240367629259739,0.0314210378548826,0.0345364137383094,0.0228863306672878,0.0563118856276419,0.0251523669071188,0.0340652604913638,0.0189519922758853,0.0232241476005773,0.0298208942866932
161,172,91,-4.240203679443391e-05,-0.04810031214658,-0.0337464417336394,0.0064308622616098,-0.0239360246175135,-0.0215351027079956,-0.0152339698069211,-0.0101827297405445,-0.0097874313846085,-0.0103535554155098,-0.0578391103990791,-0.3330313620453619,-0.0038641177108653,-0.0411291520907879,-0.0051495570282411,-0.0218046672725021,-0.0409677530795111,0.0003176450409756,-0.0234234141326128,-0.0064452042702117,-0.0077027597802233,-0.0086965035629163,-0.003311238038315,-0.0036966064572608,-0.0121008876353807,-0.0038718375777008,-0.0067772111719278,-0.0055864598166701,-0.0152476322559222,-0.0236460728210495,0.0006120096196064,0.2273617103752428,0.2021333987844257,0.0336951753284899,0.1136449238273631,0.1841296273071916,0.0446277540852779,0.0776859313991802,0.1741796603086519,0.1159782888410735,0.2085452143929551,1.135370031116945,0.0254547268531,0.1545714973445095,0.0591395680986045,0.0827472419942067,0.1247881435924742,0.0660309205440811,0.0528625331683614,0.0295498774446771,0.0289618733013584,0.0362617939156417,0.0386337453340034,0.0267642088821587,0.0764651260332439,0.0175377782366778,0.041215309759895,0.0224060537111608,0.0318917825106552,0.0603640889838744
162,169,94,-0.0016402199270925,-0.1377670064893715,-0.020377409696892,0.008874879905868,-0.0424100960275269,-0.0468629449416203,-0.0003357739792672,-0.0056482685877072,-0.0310330200286733,-0.0121548398391668,0.006039082238028,-0.3107038172991432,-0.0067703450716308,-0.025205185856985,-0.0153039772094787,-0.0031756829758416,-0.0212076985492814,0.0017627861662213,-0.0082645750613134,-0.0091541676141039,-0.0113147707998461,-0.0228925372671073,-0.0191416977950735,-0.0078174591188017,-0.0082958320751711,-0.0108231594355211,-0.0015119614704106,-0.0025406265390425,-0.0050994190575126,-0.0076111976734789,0.0161276240324443,0.4666149369812287,0.0820958994413482,0.0291601082562533,0.1356432958966103,0.1911115599896613,0.0028985881528389,0.1801361106931152,0.1671715970026042,0.1043714519575936,0.0974352851064548,1.5363318022934718,0.0247133100083846,0.0849467522938303,0.048659633531889,0.0411016631664105,0.0603405779200908,0.07969107241835,0.0335265961891496,0.0387298239259494,0.031379234215819,0.036822903291441,0.0477215760908771,0.0371462592977114,0.1435750402173221,0.0343818119680396,0.0228149466503681,0.0218903649826869,0.0293553307938011,0.0296637810339621
163,175,88,0.0004040346410277,-0.0165614263388016,-0.0144131471888106,-0.0018027754252579,-0.0548597785269098,-0.0144142833823655,-0.0083008159888578,-0.0015214502340195,-0.0235349955201801,-0.0033113759435876,0.0021645636599077,-0.3010306109207805,-0.0077535197914434,-0.0206602454554656,0.0008840714295473,-0.0036003559842302,-0.0184280643393515,-0.0031225532788964,0.0049803277407418,-0.0028956607880706,-0.0048439257662899,-0.0023441904602013,-0.0026997366668794,-0.0019728858531395,-0.0191514036466328,0.0002576135709392,-0.005420998244302,-0.002400033457917,-0.0069388202232677,-0.0017473063785168,0.0034179381282381,0.2276377547903942,0.0971751599265413,0.0097785916069054,0.1765171495616192,0.1464639249835182,0.0337122024727207,0.1058799196488047,0.1505408256592006,0.1440878321131601,0.0552014761545682,1.307359428470262,0.0436510843961468,0.1313573872419542,0.0393834639189178,0.0518629345398405,0.0743605295191086,0.0552694832596164,0.0301646276800584,0.0185390713452414,0.0200707511267139,0.0193946594190012,0.0182054269715216,0.0269639495821335,0.0696616005255999,0.0169044598197717,0.0204544772507196,0.015453051521296,0.0200336384721176,0.0337461909097128
164,168,95,0.0042981692971391,-0.1897700822455891,-0.0182470394107474,-0.0023325639297887,-0.0595400661501392,-0.0194091772965192,-0.0011862410433334,-0.0458015114518409,-0.027840355487444,-0.0083116092852124,-0.0124146780978022,-0.1869672161778971,-0.0141552464386409,-0.0276041513295921,-0.0121897729499927,-0.0152260912191026,-0.05472776559869,-0.0143689028542595,-0.002867982988687,-0.0217663778954567,-0.0160759410198107,-0.0029002994417215,-0.0119829304122135,-0.0110160202117204,-0.0210707366884692,-0.0200068807183322,-0.0045935779614568,-0.0060681493488837,-0.0080508436153357,-0.0135561691896677,0.0128037400493136,0.4720048599705235,0.1086297533312497,0.0036936184976783,0.0906281493771186,0.0833445871726371,0.004094259338154,0.2494382332371253,0.1492142852880685,0.1330368422046869,0.1835304046852004,1.1766769323386408,0.0448239048495082,0.0891354023212322,0.0761689667343465,0.052259104204599,0.1050380540008435,0.0551474459421163,0.047455323826979,0.0432746105219596,0.0481566263751797,0.0296456501911665,0.0499736600422584,0.0426420588333809,0.0443624021668408,0.0910935451914375,0.0297797729776543,0.0285114483296583,0.0340246519198823,0.0718281736209461
165,168,95,-0.0001617219452017,-0.0719320299641126,-0.0124858506560357,0.0001362383996464,-0.1230017088194336,-0.0120989858591149,0.001204655329764,0.012246487655332,-0.0257118960357893,0.0477219233699123,-0.0595164121391846,-0.345692461624991,-0.0064656561954821,-0.0315345892770615,-0.000118127076846,-0.0042258649611406,-0.0380469445465533,-0.019371849154904,-0.0038036289733923,-0.0077572771242136,-0.0034551980826304,-0.0027120487767345,-0.0070844644328365,-0.0067046332525808,-0.0092364316202015,-0.0124762569491343,-0.0048415532284736,-0.0024348727783819,-0.0039079314914283,0.003067273453649,0.0006824260267259,0.2916975170143235,0.1498216844112789,0.0088145772169219,0.215076157739713,0.0561284392051475,0.0144862534240972,0.1313258960407465,0.1375884932020697,0.2182665018894141,0.1772191656241215,1.109427684666978,0.0246956469554696,0.0958528006143424,0.0333043221760614,0.0327416645200563,0.1123516697324337,0.0707014344426587,0.0259713136750734,0.0337603695411813,0.0298054934440936,0.0280482055313316,0.0140312515864829,0.0230580517914804,0.0685331101475839,0.025350539784008,0.0400195929517818,0.0119289876640294,0.0235164219682508,0.0246430907000783
166,174,89,0.0002013309989552,0.0102609361692453,-0.027738962119969,0.0021157156592434,-0.0086751247865482,-0.0209148022599538,-0.0085258443975975,-0.008394596294341,-0.0407110706381056,-0.0246627661604054,0.0014066020867981,-0.3136591754014961,-0.0093214630667894,-0.0828257825766105,-0.0299750154151722,-0.0256115461364851,-0.0560755724384141,-0.0243195247832684,-0.0141394791125366,-0.0115570270075105,-0.0149437109468391,-0.0182320401486359,-0.008839268527984,-0.0157515172266686,-0.0355012658402105,-0.0222438674528447,-0.0177994261350886,-0.0147522530975845,-0.0063280412857321,-0.0221802863849509,0.0084458926189616,0.3275816295377526,0.1797887994894199,0.0108210971141135,0.0442072408919546,0.1299284681528862,0.0373935479180638,0.2501275052527241,0.1862913249639537,0.0961921617284939,0.0805050493804659,1.1335089306315118,0.0234971591625922,0.214067920081696,0.0732631773202037,0.073167459574326,0.1348713445115803,0.08248748430015,0.0366775925781566,0.0361051997306663,0.0360052991176033,0.0511883161826264,0.0363675180864072,0.0379418730148934,0.1170648212038239,0.0411618010671241,0.0585804533042723,0.0323491151367555,0.0195099228267555,0.0501062605944256
167,177,86,-0.0002760368022793,-0.0651643818086367,-0.0466194716870449,-0.0004457837738762,-0.0136797742261285,-0.0148787544665212,0.0116521378690327,-0.0115521984929045,-0.0230976958743026,0.0066318054260758,0.0121197810682472,-0.2924638087681099,-0.0034128561852487,-0.0313113389195481,0.0005713625517125,-0.0048216427602614,-0.013808981878117,-0.0322419033909577,-0.0003202936287199,-0.0060802215774103,0.0015300404492456,-0.0089575043270895,0.0005864844840951,-0.0022171529815044,-0.0342743989263224,-0.0055612128999996,-0.0067290490748283,0.0010739085402776,-0.0049225446482186,-0.0067767550435756,0.0288895299746078,0.3488531368259129,0.1448590029103292,0.0228949581452886,0.082932570918027,0.1863597584720144,0.0283489127616505,0.2888760507886114,0.2092857543095623,0.1511117990798673,0.1375498696364565,1.2548123431281015,0.0325173059607972,0.0833595594636285,0.0352155123066359,0.0297999810796318,0.0642740722702501,0.153741823409861,0.0136207272355859,0.0222026031329263,0.0289297927877447,0.0226986150280628,0.0305239534167835,0.0316999066694344,0.0749440733345839,0.0263137898528009,0.0262983306741393,0.0450189896687636,0.027009774186879,0.0318039135396533
168,165,98,-0.0105124355854133,-0.0409949120078379,-0.0175332959108795,-0.0030187308677705,-0.0159298204235841,-0.0588855938950282,0.0002215240385305,0.0065500869294311,-0.0435631494127717,-0.0067271314628011,-0.0270552382850475,-0.2395609552657858,-0.0060422993335022,-0.1000932511379179,-0.0323682622476688,-0.0200517351666134,-0.0404873906307749,-0.0348661791869703,-0.0098387109951595,-0.0087740237194284,-0.0204928530836491,-0.0175215785139474,-0.0217607013442684,-0.0100179747012022,-0.0170752063875374,-0.0196976240429544,-0.0104059340001279,-0.0079755527235154,-0.0043566182388467,-0.020071789691733,0.0564320962990132,0.2779631563838244,0.2094846180410846,0.0271015541502458,0.098313082520929,0.1854237585945,0.0029317269289791,0.0775080926379105,0.2152084549336131,0.035643172776319,0.0988807586206334,1.1308708019568126,0.0204255779523495,0.1597139378611929,0.0691488639408877,0.0860847088871133,0.094144307277646,0.0807224823330889,0.0282628820251643,0.0282725661832063,0.0498708046596662,0.0660321183075581,0.0512082265181016,0.035890737499876,0.0557459495625443,0.0523560309129895,0.0395926056697663,0.0414950232363035,0.0347285307751887,0.0623418861150643
169,170,93,-0.001371974039463,-0.065765934620941,-0.0355365340307054,-0.0041535539683858,-0.0157622274107075,-0.0205104720565882,-0.002196837734698,-0.034146904583196,-0.0551722552776767,-0.0103274252296481,-0.0372026913643016,-0.3858788348558495,-0.0034861147668193,-0.0173370381765688,-0.0012257678046378,0.0054392380501893,-0.0044609106711187,-0.0200086375500109,-0.0046168416139205,-0.0091435078540296,-0.0056230541829067,-0.0001717476988859,-0.0030327335539329,-0.0065882959311205,-0.0157291386916558,-0.004949833968035,-0.0101977085957536,-0.0018916540926148,-0.0066357863685812,-0.0060946818495604,0.0783036026527436,0.368630420273689,0.1455600947012826,0.0188775395945854,0.0791850729613585,0.0851544887257456,0.0091645009346195,0.0875462746886793,0.2219883192834491,0.1356272166205213,0.1076540020614009,1.438507774370235,0.0239807066016916,0.1556755317566538,0.0718233928072048,0.0402660188847,0.0750373981696067,0.1473666219867078,0.0216784826036484,0.0320278696288697,0.0221864045523853,0.0309143551071289,0.0362946930199033,0.0254777490418325,0.1017712185410904,0.0357060510521813,0.0377096274653743,0.0538687171355848,0.0478041314767887,0.049112363971438
170,165,98,0.0002191099904728,0.0069196503299559,-0.036777974194621,0.0009187440977028,-0.1053195398655225,-0.0278795039207799,-0.0048838772554172,-0.0412981029390195,-0.0669527310182105,0.0136100025740929,-0.0175908460234874,-0.2579835152863688,-0.0067512863148112,-0.0036850800648913,-0.0058768367419304,-0.0133463464935119,-0.0093086152328281,-0.0069586163005506,-0.0021461554259951,-0.0055822846272331,0.002060431716858,-0.0024695664741497,-0.010148405821679,-0.0031193044535205,-0.0156211203384941,0.0009914035858911,-0.0030951236512529,-0.0029387890102165,-0.0134544505393199,-0.0066456913694849,0.0014434276306403,0.2545116546818264,0.2215008777513587,0.0210424046870868,0.1728242328960735,0.1003674078523538,0.0268070169057971,0.1829940999721122,0.2335136729278393,0.1766921853668495,0.0828527791381443,1.1390117892922416,0.0349650331799234,0.0813714214504128,0.0662353277140471,0.0341316375864783,0.0724956894687889,0.0380058178182125,0.0760424661114203,0.02084084782831,0.0395744808909789,0.0513820775075181,0.0244422936390389,0.0232526726824201,0.0864231817112093,0.0646002875099526,0.0290132599574104,0.0362478846433174,0.0363469525281792,0.0540952719658535
171,166,97,0.0024786222722091,-0.0400133181276816,-0.0072061198989615,0.0002041135507411,-0.0050146379155234,-0.0102167957656334,-0.0190052988042393,-0.0053171575907038,-0.0071071467427804,-0.0139998436693543,-0.0682835740829757,-0.5085210850974533,-0.0108006673962806,-0.0051705947342792,-0.0247256354464799,-0.0028495237022354,-0.0222190141689396,-0.0134085895741686,-0.0054958138694637,-0.0079153997371554,-0.0145278209335731,-0.0133661711999192,-0.0079271514706463,-0.0175719890602216,-0.0478508073994899,-0.0089662757688837,-0.0098459004760418,-0.0079470404970854,-0.0075969579783829,-0.0177646115778822,0.0677347471995646,0.30491143383252,0.0940735160406577,0.0029269600463666,0.0833347215683758,0.1126532435389941,0.0308248954426037,0.2609550715002365,0.0634008707508297,0.0481706728370905,0.1734640387847316,1.3574131216090757,0.0343510582792544,0.0672123123852281,0.0868164346079303,0.0255527168462517,0.0467965479930487,0.0316050861984952,0.0293700966004106,0.0294220483351861,0.0438801680989203,0.0382489155332311,0.0246196232269661,0.0545462979704549,0.15529048523952,0.0355848271590585,0.0322933602005985,0.0223054590638413,0.0377050480403101,0.0459926292828003
172,156,107,0.0003494624040486,0.0074323832229718,-0.0592911242197431,-0.0117978017292714,-0.0632890193518546,-0.012317465909007,0.0003392731367777,0.0040370578373353,-0.011974545462701,-0.0045956958559723,-0.0788151483059949,-0.4077652446317585,-0.0026275541276872,-0.0140226091272443,-0.0109555630926143,-0.0131807289487336,-0.0316017712285796,-0.0149200096362959,-0.0002039915245436,-0.0032696911511453,-0.0195582688775312,0.0064894604843158,-0.0151291796345076,-0.0002990395595345,-0.028844700974803,-0.0082820740383263,-0.0083427966595673,-0.0159566961180814,-0.0082352227908929,-0.0137111483989636,0.002510591819168,0.1274681575554122,0.1698225177743532,0.0368881527290768,0.092800759699441,0.1992123082475669,0.0061065238191134,0.0309229650223334,0.1126215337068209,0.1126002523483848,0.1895991202728102,1.2849101406102788,0.0362702843024379,0.0631011201561608,0.0846701154430669,0.1002633986844018,0.0829682624280757,0.0322122315860538,0.0789356913038171,0.028122519736383,0.0387929564917608,0.0346392118105001,0.029485133040675,0.0179951616912673,0.0638762669403488,0.0291340543515444,0.0337531123691654,0.0354941255749601,0.0334247925083479,0.0455041749063462
173,162,101,0.0033859483938344,-0.1055919867357463,-0.0893435935302004,-0.0062870681739046,-0.0112695863057162,-0.0318369339845307,-0.0022001476867186,-0.0671052025977236,-0.0109827523898805,-0.004587669791188,-0.0398996728231884,-0.2196173477097624,-0.0037860688485964,-0.0431158219771753,-0.010289170373529,-0.005547408429856,-0.0408806469142306,-0.0117362367400118,0.0038439056149253,-0.0065198485579661,-0.0010082667064904,-0.0088049894531337,-0.0053955830728563,-0.0053690353846172,-0.0200174353856885,-0.0123069408089866,-0.0032438475435933,0.0001580450572223,-0.0087333735816647,-0.0026891142769139,0.0232347308521319,0.4339831411197373,0.203105612210147,0.0277484440344004,0.0714382146578086,0.2141736729301408,0.0663196982953731,0.2875258130028931,0.1800546826317433,0.1299702286849779,0.1244011052781793,1.0046461257286643,0.0267832615393247,0.1312991911116243,0.0373937552819777,0.0241469159596834,0.0938031435540212,0.1906875730901808,0.026100301680931,0.0192107037639776,0.0131016738189301,0.0301069334135181,0.0219900291127567,0.0268446065426664,0.0524479870208496,0.0445053039068984,0.0271023728716185,0.0153195717650409,0.0325097227000847,0.034289450664465
174,168,95,4.5235610305137776e-05,-0.0332384378669728,-0.0018059848701088,-0.0051366774537042,-0.008478781997916,-0.0069938406867458,-0.0077210314508255,-0.028461121745001,-0.0018169176725864,-0.0191234428689755,-0.1032699623600739,-0.4124868319975912,-0.0110086590704134,-0.0074910623935369,-0.0029206761510221,-0.004115904379301,-0.0320828390923813,-0.0365734716034308,-0.0131330077300053,0.0008377194667316,-0.0032360174087828,-0.0065157616929097,-0.0055815577412302,-0.004047688766191,-0.0201359560138533,-0.0072871711820192,0.0022917992118735,-0.0031028117898206,-0.0028198157591038,-0.003990786888834,0.0005371503373367,0.2309172110194971,0.2121734291377343,0.0292298493416302,0.0370608397167097,0.1306594929398354,0.0404041293967946,0.2561597441323093,0.1175375034728767,0.053757141754264,0.2491419775904562,1.1675171611172266,0.0283250041400537,0.0593499599258775,0.0519485431286262,0.0369378201856907,0.0857756544811494,0.1084206242732325,0.0290422695372496,0.0289217472293372,0.0283123692690806,0.0174684998717974,0.0268212903960233,0.0378925491407131,0.0886532328839628,0.0212366280302347,0.0262509134128395,0.0132395564906519,0.027395550544188,0.0434950379849318
175,165,98,-0.0063754179122935,0.0235122809507607,-0.0493932885028443,-0.000683792082508,0.0029478920315734,-0.0554671412640928,-0.0053968217629942,-0.0141191125309278,-0.1442582244481577,0.0086108582881122,-0.0142366046024187,-0.3442991773462062,-0.0141605784686128,-0.0774734284204886,-0.0185366209503557,-0.0077281152568282,-0.012631153361426,-0.0411419511762555,-0.0033893130260816,-0.0083322384466746,-0.0130040093471585,-0.0089565182799852,-0.011570817286928,-0.0099573159448343,-0.0390965703176467,-0.0153612162875561,-0.0168797408504946,-0.0005517134137288,-0.0081049986884366,-0.0100931793886055,0.0585821443477848,0.2737567296794139,0.1549453587857849,0.0021655554540141,0.0595462131271051,0.2609075860749826,0.02618468324381,0.2039636963792779,0.2673333108539528,0.1386459047556245,0.1565245240879825,1.349837482486174,0.048947374131118,0.2441871370040955,0.0952629127116591,0.0432944559364795,0.0613564729057032,0.0970620464361147,0.0302137550393243,0.0381527502645177,0.0345276111416898,0.0545308862218921,0.0385249562805254,0.0292563390848986,0.0953479208265135,0.0872305594140199,0.0671182223601858,0.0229199991874137,0.0371776795793537,0.0383903803393015
176,167,96,-3.978816248834136e-05,-0.072816410501029,-0.0142165084570222,-0.0032545699203539,-0.0229381391245619,-0.017780225993568,-0.0043556087138155,-0.022730571978511,-0.006384587320571,-0.027223129713321,-0.0228043998782765,-0.5187968899274404,-0.0007344579434215,-0.0253127002836216,-0.0005983723596382,-0.009546302053171,-0.0134739091558573,0.0009203163524584,-0.0063345928985837,-0.0032036987187239,-0.0035410768759475,0.0016880336487674,-0.0003905038648641,0.0072749153568905,0.0063569468325486,-0.0026732293777139,-0.0001256743351913,-0.0008559020212415,0.001312273355132,-0.0070181073908165,0.0003608862122914,0.259424748303988,0.1666954536112761,0.0136529203708301,0.0865936272008409,0.1023263595447045,0.02017751896886,0.2035566130770228,0.1966923653748633,0.1087363413940534,0.1178711128334703,1.3339419923581166,0.021383786372326,0.1332908269092049,0.050167478978236,0.0631736890525181,0.0781385940971676,0.0640177287430777,0.0283696823044464,0.0233353830506282,0.0190977532474273,0.028688269046169,0.0413322073986143,0.0295123678225635,0.0584498513054323,0.0323649582582426,0.0252340784003334,0.0229168884699436,0.0273963975503166,0.0394478354467367
177,165,98,-0.0001245803035746,-0.1403782030619059,-0.039357881679233,-0.0038616584083304,-0.0074548499523338,-0.0227766953301899,0.0056036195412304,-0.1412653167654848,-0.0166484012992234,0.001855657604406,-0.0264775448452635,-0.3570950983252764,-0.0018893594443554,-0.0280588092080474,-0.0408930569485932,0.0061478200465541,-0.0088457082439388,-0.0050123514593329,-0.0131547269839835,-0.0066747185425831,0.0020475927425858,-0.0039033097542223,-0.0094999926822306,-0.0073106933311836,-0.0465824644558512,-0.017590247985502,-0.0115898953565614,-0.0059553648411447,-0.0091260205232946,-0.0105450873399284,0.0019160014917092,0.5198585860553622,0.1613368604112049,0.044757190549138,0.0679236209324768,0.2796713336707694,0.0262690090319793,0.4708360615956047,0.1221235217630328,0.12705876782525,0.1771166574780027,1.455591050667693,0.0412616718075956,0.073567071699129,0.111253702107332,0.0266290735235818,0.0386203142624109,0.0390377625515936,0.0523327430858697,0.0490409165227244,0.0505334795178178,0.0428889903666146,0.0349877105971651,0.0275228284946585,0.2014379401214488,0.0518508649353161,0.0657029028626557,0.0201309140380878,0.0398621366883774,0.0636508194900443
178,167,96,-0.0020926078431729,-0.046780806978197,-0.0254072112065853,-0.0105094696102102,0.0032119973800499,-0.0058117093401989,-0.0233687256374376,-0.082019989153259,-0.0787581661074909,-0.0153948637171625,-0.018742740493585,-0.4326481279143243,-0.0194561842557368,-0.0517365886842239,-0.0125156347969007,-0.0069356788601099,-0.047447297297559,-0.0351791808598352,-0.0043709026472497,-0.0096299525475448,-0.0061766426839065,0.0050587591957624,0.0005064340872448,-0.0004547709059199,-0.044647650575218,-0.0045479318976049,-0.0067602029160383,-0.0050877147545156,-0.0078489885127006,-0.0074028466736334,0.0268400070612152,0.3262863734031352,0.1140055785616586,0.0218976257759458,0.1316074589255959,0.046587063620117,0.0668685640791101,0.4002966096853081,0.2389654669554267,0.1488377325659741,0.1263050341893517,1.46602429462196,0.0443612976462232,0.1405769080201232,0.050271639413692,0.031458630777769,0.1179358427187342,0.1895163632252783,0.0405822915166802,0.0398989215649238,0.0197641037335664,0.0331786044343029,0.0160536596928239,0.0165067328738646,0.1903538479718219,0.0316610972117236,0.0326642427779527,0.0138716139610612,0.0187607913796101,0.0385259657660017
179,169,94,-0.000433307119873,-0.0239651725782236,-0.0237456772607494,0.0015694016621358,0.0063763424369835,-0.0132202204728968,-0.0284606411431711,0.006526389336997,-0.0098428928396503,-0.024230902252907,-0.0050246849771883,-0.3095530948248191,-0.0065617668650386,-0.02372881912185,-0.0077734648424698,0.0031109116701086,-0.0235614331710997,-0.0011948845859046,-0.0009185211610355,-0.0157901658869269,-0.0061519252324149,-0.0119662362067393,-0.0117679177034593,-0.0015914790707249,-0.0238345705418276,0.0009243109281859,-0.0062458045822128,-0.0049890607033496,-0.0015162959442652,-0.0002010262211703,0.0017039785367765,0.2405573447137965,0.1879863196519509,0.0374343210636277,0.0753715993868596,0.0652823160151564,0.0675314883708133,0.0928318618338069,0.1223496980783502,0.0664712080702347,0.0967167397429274,1.261627025840875,0.028867566490662,0.1489116294556229,0.0463720422132112,0.0329563356221034,0.0527467873858074,0.075583746559628,0.0445608641104986,0.0434230311017543,0.0211410244362356,0.0214268276909348,0.0245687210368249,0.0178255710479359,0.0464114626352562,0.0361545394051092,0.0289846105363061,0.022650066606342,0.0285500258895027,0.0411785085084824
180,165,98,-0.0108978061076703,-0.1133832411513084,-0.0058708404849473,0.0048127523343367,-0.0556273232656231,-0.0023114134869244,-0.0053205223733426,-0.0131533891161585,-0.0235312464985059,0.0135227701915274,-0.0056008224641006,-0.3682630120172781,-0.0079104243163772,-0.0570566858530875,-0.0143360724700619,-0.0041561193512521,-0.0113528655568845,-0.0308249277266865,-0.0017140261287575,-0.0020174928005692,-0.0072194946878537,-0.0018271556287448,-0.0037916655998201,-0.0047423022088183,-0.0217003753757924,-0.0105610750935511,-0.0018424482640508,-0.0044644737944776,0.0018320708639372,-0.0118513485546601,0.0878585775448653,0.384637416910151,0.1185882040322473,0.0266585564000487,0.2112474925326847,0.0333690778439893,0.0421385775795714,0.1005544724416155,0.1536516613751036,0.1547313341978083,0.05143904065818,1.2546786433849582,0.0178457743382255,0.1658398798305667,0.0376486584740383,0.0276996035452088,0.0538588167734484,0.1442409178251261,0.0215451138434454,0.0246303880509691,0.0184806605361829,0.01662613667086,0.0168151369599569,0.0163531504800781,0.0566291358825527,0.0208182352571497,0.0207880567735487,0.0210339276280099,0.018859896865232,0.0317454409814484
181,152,111,0.0066610527978833,-0.1684504223474545,-0.0071827142490482,-7.930720088833555e-05,0.0137101452461835,-0.0605332160892857,0.0054885741200518,-0.0385627048338233,-0.0187741699683467,0.0002841050723436,-0.0688092249972368,-0.4017714168297263,-0.0120199553925926,-0.018589086272377,-0.0100161768426315,-0.002401242443914,-0.0152378004395961,-0.009942250001233,0.0006897776589854,-0.0137035306977894,0.0013341660968825,0.0016726312293747,-0.0011579756685825,-0.0082309295824099,-0.0283879538130362,-0.0041622443758456,0.0054132173923419,-0.0099442433418737,-0.0093272553241633,0.0116702479935522,0.0306266504641904,0.4903661663627436,0.1395822016790419,0.0008460093073745,0.1341695281173046,0.2504813153460454,0.022274832697424,0.1961707992498984,0.2795549113533323,0.0036214587696986,0.2003309988271645,1.46616480465215,0.0351387043087136,0.1420181904256559,0.04690721030859,0.0180803654038023,0.0525718845967346,0.0602392244062009,0.0255798494747501,0.0423636642384202,0.0381939298953674,0.0460583188291673,0.0291222850794679,0.0357585542913093,0.117668377993113,0.0488492284476605,0.0264406824240428,0.0206674236603494,0.0257909230387078,0.061717636165037
182,169,94,-0.0077644241697016,-0.0538197607737841,-0.0066427440327509,-0.0112531191988576,0.0100679212433184,-0.0033047421120223,-0.0023061524619702,-0.0150723095521762,-0.0490856110852824,0.0055671748367818,-0.0002856985553971,-0.2433624800268464,-0.0146643604482707,-0.0849150226255695,-0.0156998310739965,-0.0266602099407635,-0.0117166004022867,-0.0103980487101359,-0.0122138010779303,-0.0026507951473504,-0.0149034094940908,0.0010585589165313,0.0011941482642492,-0.0073569078833133,-0.0045201328305501,-0.0025283911777343,-0.002480193997884,-0.0040640884366492,-3.478841059231248e-05,-0.0106132589129051,0.1072005187840658,0.2931611935024917,0.128913958319824,0.0322497294920282,0.0640039507772966,0.0162048852410478,0.0282321453536556,0.2223684466669156,0.2539807777777765,0.1667753917088959,0.0951147523758763,1.1064699551304342,0.025799817729666,0.1664286162888746,0.0428470133627222,0.0470879630304356,0.0446944502617976,0.0724905271460997,0.0516183535777326,0.0324146525193204,0.0283007424928084,0.0274432965594683,0.0237574683049609,0.027317461416482,0.116057431057076,0.0230316621044272,0.0386985196719898,0.0136996028183958,0.0168627935185762,0.041754184300839
183,166,97,0.0029888721845344,-0.1653162946589887,0.00323629955036,-0.0024326414989656,-0.0051057344915448,-0.0271304819922355,-0.0216246715967916,-0.0861054154179514,-0.0602401945024197,-0.024956354161933,-0.0208790030910185,-0.3482734794934446,-0.0068810127145183,-0.0125239119614235,-0.0270675430089611,-0.0124828648147484,-0.0469399309116505,-0.0431736284603885,-0.0070741197002658,-0.0052559773145928,-0.0025538984742009,-0.0213979381198451,-0.0035689761348707,-0.016066242807887,-0.0241726747548452,-0.0160470645858541,-0.0238811290345737,-0.0013223759430768,-0.0108957481499493,-0.0124559026673982,0.02589220335625,0.4454928704113604,0.101134634449145,0.018503457154141,0.0282869974062594,0.1889157479974691,0.0537214667824251,0.2038773788808644,0.2477962273544001,0.113072465630922,0.137361818588681,1.2458865401306454,0.0254430002434961,0.1508358959700303,0.0494782498889513,0.0403925017353303,0.1929895548204001,0.0861581340369,0.030259446649262,0.025395898293062,0.0297170371926618,0.0524869271095259,0.0323117742973816,0.0455793350829886,0.0756761488553045,0.0504043806419686,0.041783431734858,0.026073174819714,0.0390396007542337,0.0335326550079971
184,166,97,-0.000715198055966,-0.0790085541341211,-0.0114985763557069,0.001852930954177,-0.0080161802873323,-0.020116873614134,-0.0020525710948023,-0.0015564322492856,-0.0145181662953281,0.0071390524065277,-0.0070299959987749,-0.294226836524158,-0.0122358476352951,-0.0473633696461775,-0.0151419019912898,0.0066569088821786,-0.0339827427734187,-0.0007563365501626,-0.0034979482231966,-0.0046062357660548,-0.0065769415008423,-0.0045557945733378,-0.0033292667421328,-0.0064168877456817,-0.0079364422033864,-0.0046365667891051,-0.0032709697200231,-0.0035339463899144,-0.0023981214349539,-0.0076172751009015,0.0058413630593757,0.3438891302979311,0.2173652386355077,0.0230692723329034,0.1186498742894218,0.2094997235005253,0.0075366966561037,0.085838185435685,0.1573783395608779,0.1208261017144578,0.1136650052810216,1.2398833120213804,0.029202941067447,0.1293041781243235,0.0394527810053308,0.1116679625666959,0.1364072523772642,0.1168547280064055,0.0240340930692875,0.0252476603546857,0.0194220159139537,0.025362321040247,0.0144003450510817,0.0269028925695924,0.0454532246222682,0.0346433295820674,0.0250123590302693,0.0234391721882117,0.0243472195030787,0.0262463809348369
185,166,97,-3.22874329251876e-05,-0.093759492160439,-0.0169831269278869,0.0073813084487741,-0.0110474346658534,-0.0604206966777283,-0.0127122951491461,-0.0365883414952226,-0.041036367999654,0.0047257507796659,-0.016646237934464,-0.4266380067091814,-0.00925404891394,-0.0260985373197968,0.001355674691892,0.0006898296241574,-0.0302834251879549,-0.033190891096027,-0.0036504946509257,-0.0108704884963997,-0.0039630548912058,0.0031239095940414,-0.0024061913713267,-0.0012207202616137,0.0014885094253695,-0.0084065298613267,-0.0033097555942962,-0.0034963277132185,-0.0056724293568776,-0.0078138449006269,0.0024539428735253,0.4031838173220035,0.1366884180585391,0.0286029838100381,0.1512564659492976,0.2832775856658053,0.0461431096023204,0.1406739202863471,0.1608835469878976,0.1276900309758342,0.1087924340783567,1.3481078795183887,0.0362402927489588,0.0794381699890727,0.0247599593355173,0.0720522541685119,0.1074928783769096,0.1121985809529202,0.0473203940061248,0.0275462057325888,0.0180580978418173,0.0304395805884699,0.0237974279264304,0.0400138945322143,0.0505721434029583,0.0373601881168723,0.0258526667729751,0.0262965417277321,0.0220668183490214,0.031611684533854
186,174,89,-9.422566063835853e-06,-0.0224428351627282,-0.0436516768125612,0.0071970446971535,-0.0339448555707509,-0.0337588770257993,0.0002583229561349,-0.004979373633847,0.0109997562282139,-0.0134010412199468,-0.0315275530047879,-0.4278550060664689,-0.0209087269162464,-0.02703667759317,-0.0171625914998323,-0.0027254391341718,-0.0359657674810049,-0.0154230177411655,-0.0032931817957045,-0.0072683216002672,-0.007453043325457,-0.0155895547546721,-0.0174831082370695,-0.0121598109879723,-0.0237528138676106,-0.0103403043670679,-0.0092641015318484,-0.0034139212772879,-0.009890189781373,0.0004625588033506,8.835762741110921e-05,0.2396058415623288,0.2233756050785314,0.0244168964897436,0.1946281865367012,0.1278297576174882,0.0074850372259796,0.0842972384796006,0.1491239055441324,0.0539322289131078,0.1655566820372459,1.342468667526129,0.0552335971675498,0.0922208422091082,0.04678719599434,0.048068327005356,0.0739606531917611,0.0482921412015907,0.0321300338026201,0.0313777779073977,0.0357471534988606,0.0332085249693484,0.0448631140043887,0.0323696107762557,0.0718914440735873,0.033276645104988,0.0309469670363576,0.0155189492144556,0.0323207247236151,0.0214193213110964
187,170,93,0.0007439067252385,0.0010603585607895,-0.0254396178802383,-0.0028810465616436,-0.0079717040045364,-0.0429872842463933,-0.023336133226547,-0.0085636773429837,-0.0047306818794502,-0.0043187010611955,-0.0426591636106669,-0.6151013453820785,0.0042025902472384,-0.1022917530561822,-0.0081459212584635,-0.0033709728712615,-0.0081940403556708,-0.0066392024853471,-0.0039164848782191,-0.0065103661305396,-0.005872872285689,0.0055900524255166,-0.0021333718443594,-0.0109206101580006,-0.0141675346705866,-0.0136825184488714,-0.0031328754367638,-0.0034946592394992,-0.0022286800708059,-0.005900495683306,0.0151187047431818,0.2076900348645725,0.1191867837642782,0.0114956117925036,0.0751122396364758,0.1234969182765926,0.0462455060749481,0.1216992848565155,0.1600563332394422,0.105916130805098,0.1429941599855487,1.4519992324810531,0.0236279813434729,0.212333369851908,0.0401245295019558,0.0267103438534108,0.0311509830482091,0.0554623888352206,0.0206341080842425,0.0220331653924997,0.0559385770665804,0.0359584692820614,0.026435471734108,0.0312439903462804,0.0360378013762183,0.0276205501899098,0.0333322203347883,0.0207773855830762,0.028119837413727,0.0463720870652063
188,166,97,-0.0085019182907239,-0.0406306198133204,-0.041773811573058,-3.718679634483976e-05,-0.050901196858136,-0.0001885697034309,-0.000378661354979,-0.0451267092397641,-0.0957601833583717,-0.0030222882574811,-0.0076159409309792,-0.2314864952705226,-0.0071401459921691,-0.0203798351086173,-0.0032813417552036,-0.0076246494044507,-0.0230989736435886,-0.0337641891106897,-0.01708872195486,-0.0055961538873269,-0.0053107522319855,-0.0046102128329234,-0.0039847315749969,-0.0003307445158136,-0.0129829831002445,-0.0044626180871181,-0.0049865806868957,-0.0049239143570939,-0.0051609630375415,-0.0018065947150679,0.0715732224429308,0.2919013940854826,0.11531345488609,0.0008547273590148,0.2238897809156264,0.0120300300199115,0.0038830153519588,0.1870154798481487,0.2644970135361658,0.1733100570882145,0.1199068486799577,1.251254802533844,0.046398051002732,0.1397745326633497,0.0402824131899328,0.0306743145802327,0.0645063723413251,0.0964042808153096,0.0331813903734756,0.0407166095105203,0.0288320305849497,0.0313807972044648,0.0447356228512677,0.0281712233475352,0.0839192671734914,0.0429474177780952,0.0514281071859642,0.0306888291681803,0.0416695225610968,0.0421064335525662
189,165,98,-0.0046764373388672,-0.0544769944583572,-0.0010116299143275,0.0018076556102742,-0.0118802541278296,-0.0198856558610251,-0.0004331488411655,-0.0015305785421832,-0.0297787211889881,0.016876522224332,-0.0161272042489458,-0.3164751498067252,-0.0087323963080686,-0.0855597753283041,-0.0289871918957284,-0.0092483078937242,-0.0757811258567464,-0.0398668165788832,-0.023700655637745,-0.0030443247535499,-0.0138487466131277,-0.0289622812689388,-0.002275712644224,-0.022146738974437,-0.0176004642359175,-0.0165674962617879,-0.0078437631788037,-0.0014071585501524,-0.0063798195880132,-0.0101004148237542,0.0368420464429264,0.3674849109806449,0.109953234455111,0.0080026187400818,0.1002255277221684,0.1233112095800827,0.0185731460195809,0.2106934369188405,0.1408996816138946,0.1177867825401454,0.1413493082094626,1.2952144265469192,0.0317136019201218,0.2312322341985664,0.0827805639780502,0.0293149398329872,0.1300094024777655,0.0953879199292924,0.0457141163452794,0.0461393413958964,0.0448035818484244,0.0568888798445061,0.0259133903791882,0.0652876569756175,0.0865132461988016,0.0589021686447696,0.0426745384146678,0.0162259650849908,0.0369702715016678,0.0399344545789474
190,179,84,0.000603890910073,-0.1579680504313077,-0.0712060545251062,-0.0063536068439449,-0.0098976100214708,-0.019247795012287,0.0055465078574644,-0.0247080112147402,0.0081609976454203,0.002641239784124,-0.0083646183997485,-0.1866726386288228,-0.01374779690939,-0.0274536951503147,-0.002336313377592,-0.0057076909765305,-0.0448376887637378,-0.0052070964290363,-0.0097796921609261,-0.014372568275195,-0.0074996586944844,-0.0028119275235269,-0.009664021048912,-0.0121257929097864,-0.0213315814650069,-0.0074346660013914,-0.0077388379673967,-0.0056088229585048,-0.0042976674306409,-0.000407307638144,0.0212985063113406,0.4368801213074466,0.1943740000108613,0.0332964117573919,0.088965457299582,0.1862949667250761,0.0276151805255702,0.1565802045741533,0.0979610570389822,0.160495246524587,0.1068442518208912,1.1297820777903729,0.0331579272256514,0.088962258329068,0.0465436115685647,0.0259186271176188,0.116062476423975,0.0309959176396614,0.0251054766663125,0.0393977571343488,0.0248910782806922,0.024253069899265,0.024859067638856,0.0288860073727736,0.0688403548269942,0.0226874982444214,0.0447270554614191,0.0158710323705845,0.0242603978658182,0.0308091538669542
191,168,95,-3.484765221810076e-05,-0.0196647491151676,-0.0317138368163492,-0.0005369248767643,0.0027878802504409,-0.0361195007492577,5.640365093112711e-06,0.0021595004556673,-0.0090305647172944,-0.0124520701713382,-0.0406169427759058,-0.3783607941726716,-0.0056531184561368,-0.0209803887111853,-0.0064105906431162,-0.0023036226175938,-0.0306036269511608,-0.009712507360928,-0.005991347551739,-0.0043737726724983,-0.0076110571993575,-0.00719240473658,0.001019919623042,-0.0031677789062377,-0.0501237735914114,-0.0031541684136676,-0.0115993400745519,0.0015983649499667,-0.0056131782058408,-0.0104081286701126,7.832188190459529e-05,0.2161594082287645,0.1659089354401614,0.0013855512572909,0.0721839831026843,0.1402452207946079,0.0026868660952189,0.1247753569840655,0.1359352417250272,0.060734453789549,0.1504048624968319,1.488286802443167,0.0298826333203828,0.1202289061266448,0.038832211561385,0.0315392838314717,0.0867863300093071,0.0725715660749806,0.0153111515052852,0.025089265109051,0.0280074783860262,0.029581434649291,0.0187115546223716,0.0263453952195761,0.1637594144855087,0.029730404340924,0.0324709168020855,0.0130750567886607,0.0273406892459212,0.0370851173739251
192,171,92,-0.0047944857483828,-0.1968401165787608,-0.0147759894397525,-0.0047950903456928,-0.0978051253039463,-0.0017678541037886,-0.0048354350515751,-0.0036163647482362,0.0015510352108757,-0.010441088646112,-0.0102628530334909,-0.3335440599945697,-0.0017058911747309,-0.0233918456375707,-0.0096039656180905,-0.0144115911733321,-0.032009329303501,-0.025467397673236,-0.0109962459676868,-0.0045487092541695,0.0028797179972069,-0.0061101102430295,-0.0080215871308773,-0.0038025257275737,-0.0163824503493982,-0.0137080279216247,-0.0052504502540628,-0.0216129723504086,-0.0124641989269553,-0.0099771808350861,0.0436116360135445,0.4531376868866595,0.1378003206011792,0.0347990546298777,0.2831754666520999,0.236055273492649,0.0466500624777822,0.058131866194938,0.1540760960057357,0.197268345910282,0.1545770409289352,1.0101143497502707,0.0200794532216701,0.1017728528117064,0.0333605040414332,0.0416799022761295,0.0913400054882028,0.0873439576706201,0.0350131066236397,0.0186527232964047,0.0234469240436227,0.0194333010645144,0.0221437413282276,0.0172908759695443,0.083233806455425,0.0381432473371175,0.0234596708525746,0.0665874153964809,0.0294370269628298,0.0317026084402142
193,167,96,-0.000322982366313,-0.1310682631017599,-0.0167004083089407,-0.0002273707865546,-0.0392470431438419,0.0002623145564894,-0.0276930995837881,-0.0646638806855829,-0.0427938084450365,0.0001497048494686,0.00139077683337,-0.3076598423968576,-0.0110290020778101,-0.0161047766309141,-0.0326553613787179,-0.0093395402755046,-0.0302292166793843,-0.0126942029578531,-0.0118432963246387,-0.0065923078791398,-0.0088387466009729,-0.0083372469895706,-0.0154905417065504,-0.0008521659192002,-0.0425086121245535,-0.0103306912993414,-0.0056391341937982,-0.0024622698555879,-0.0089144194664471,-0.0091502003605055,0.0021628938807843,0.4570345106361624,0.1722259979399335,0.0088489247896366,0.0986067027264149,0.0325260801018089,0.0699476367812376,0.290764078758632,0.2046187032128853,0.1273630078002538,0.0530457522854021,1.3723657203254818,0.0353924473158519,0.0702777779376033,0.1271964426860567,0.0364399363919009,0.0590183968157921,0.057529372818935,0.0362125532090107,0.0317353293797968,0.0311457344954394,0.0399533396468063,0.0395504762715547,0.0159256596014955,0.0892107212603348,0.0513572266533561,0.0584847863109708,0.0222878692075422,0.0270251543117041,0.0672697050448229
194,169,94,-0.0171596646090919,-0.1748441669625462,-0.0103684524709373,-0.0050496912281946,-0.0409562772059691,-0.0040700818810861,0.0056798759594877,-0.0569809693649692,-0.0461850848822889,-0.0210702749316296,0.0034892099035273,-0.2935691887169571,-0.0061034507639272,-0.0338032331866565,-0.0162186427305658,0.0021060378903557,2.196162755484724e-05,-0.0018313096150815,-0.0045293257456624,0.0073241667351608,-0.004138106617297,-0.0072121932445522,-0.0096786064610512,-0.0038975205329083,-0.0072055430793758,-0.0100279672765065,-0.0023424534819096,0.0041483312145902,0.0032753557771007,-0.0020956351353087,0.0482477832628679,0.5314860415959097,0.0806192964779803,0.0194329338758263,0.2210029558887968,0.0729640093550139,0.0406380820757899,0.1883461535904666,0.1575487701080231,0.1522018958822316,0.20994991679817,1.16117245412359,0.0523754509222009,0.1280786686749099,0.0872616556921595,0.0495998589296678,0.0336875693926468,0.0267670049342719,0.0336728638003602,0.040418289326707,0.0308168510500356,0.05114766661167,0.0350985193408825,0.0350871172463704,0.075535471556929,0.1121313971188325,0.0443435150382056,0.0175542698352492,0.0372322420168509,0.0426137255437689
195,165,98,-0.0265090217092686,-0.0442430273395287,-0.0017050062369846,-0.0031955817184566,-0.078178220406608,-0.0180867099581729,-0.0087322936047559,-0.0133650742200907,-0.0219380060760833,-0.0172365917857385,-0.0240497803138001,-0.2896283156720182,-0.0090495247344944,-0.0364938272767419,-0.0113534404282564,-0.0074210848245248,-0.0335150808520812,-0.0098496693217095,-0.0040082770020315,-0.0068249794438579,-0.0125480664246985,-0.0031867038045054,-0.0071904378591098,0.0046212205076266,-0.0080618567367298,0.0023450200220873,-0.0106736605483065,-0.0082357594448033,-0.0060186262590113,0.0007353667465101,0.0340172413107994,0.2293965062690658,0.2204026213154517,0.0070738610214324,0.1433651614130245,0.0627506088852113,0.0368300348491175,0.1313388561849048,0.1011166629304052,0.0878819216376665,0.0701732674227463,1.2481118578840356,0.0202071888242214,0.0926879969556754,0.0694192415416079,0.0584937869307863,0.1166799894372872,0.040455401267318,0.0339417672125517,0.0245539327411522,0.0329214046926931,0.0164197193757793,0.0182468725698019,0.0244963715708321,0.0658304292774503,0.021842728075717,0.050604401738976,0.0294997260615717,0.0253599235743106,0.0451418232819352
196,167,96,6.806750269707767e-05,-0.0655001070909601,-0.0774366964656658,-0.0034284408393413,-0.0258907647720623,0.0007190597060209,-0.0092981973396591,-0.0306427202015025,-0.0104517320467735,-0.0253954493127001,-0.0057506755462217,-0.3520858739069863,-0.0017161000720218,-0.0039233830265214,-0.0171687787203658,-0.0124845518776315,-0.0132069536670186,-0.0110259176616434,-0.0042933332501788,-0.0067098309139112,-0.007953080866166,-0.0054466290288248,-0.0044002798305904,-0.0119572017084499,-0.0073754147134794,-0.0245750531021658,-0.0021686700550849,-0.0021216381209953,0.001987651854721,-0.0030906498333087,0.0006548159830142,0.2850253621095092,0.1582560432563582,0.009021217710983,0.2093727657379877,0.0139320371493068,0.020852702077757,0.2300320881678128,0.1256224311664183,0.0759378095685158,0.2245613375189558,1.4403912855019727,0.0495335058279087,0.0751304718280648,0.0853923680374372,0.0542206877173739,0.0846306890240031,0.0585895876777643,0.0287326911898287,0.0300013523838501,0.0354959298968662,0.0444353010592086,0.0414136692382709,0.0712446336299174,0.0510474790289307,0.0796494309255565,0.0252974753808105,0.0237124655717272,0.0556586604502203,0.0531730605157981
197,162,101,-0.0231106566595374,-0.0035252558054173,-0.0093909336142517,-0.0038310607270787,-0.0357602135941125,-0.0294703440860942,0.001417207773631,-0.0801525044095788,-0.0978495243713343,-0.0267195737561362,-0.0307465946904966,-0.3036772736166331,-0.016065126059855,-0.0225197862625086,-0.0216458251500629,0.0021781319955794,-0.0208469176323802,-0.0406238286082452,-0.0225350451100379,-0.0202672931496624,-0.0052715130272465,-0.0082586809948869,-0.0084396067079472,-0.0148355880624175,-0.0322226599531448,-0.0278937739210876,-0.0066401662126613,-0.0010354908517938,1.141586252546322e-05,0.0019790101200361,0.0644158125600665,0.2791632883018331,0.1001809809829389,0.0361036244306353,0.1724683499216563,0.1093724907545253,0.0098629600338311,0.2599914908720342,0.3521123206750188,0.1069989256359211,0.1364439623534726,1.386073882272549,0.0412932484534616,0.1179106074713233,0.0774046479503397,0.0266874476606389,0.0638174256898531,0.1254073191084869,0.0468406985473823,0.046710663251276,0.0355640071419786,0.036231516980575,0.0373795954300767,0.0394117794106076,0.0981059568896769,0.0783643300117074,0.0262536874483953,0.0150975805956596,0.0338509744776064,0.0582880622030719
198,184,79,2.045146446696782e-05,-0.0472504576450768,-0.0066491926242325,-0.0049316034312612,-0.0561638137188276,-0.0008310633334862,0.0002716926267677,-0.0157697179965072,-0.0143854528265017,-0.0066699147931078,-0.0333596504291367,-0.2516026961012774,-0.0170837622050003,-0.0612826287928624,-0.0189443469605779,-0.0170697609693959,-0.0247046992613161,-0.0063630274322702,-0.0172444238339829,-0.0173182382000272,-0.0002610459134191,-0.0023341462191687,-0.0088145561784018,-0.0063809102505956,-0.0252326430008059,-0.0044314380562901,-0.022153392140788,-0.0077837681591106,-0.0126885496436262,-0.0133885764253657,0.000716620840498,0.2755468626138167,0.1169604574355115,0.0274127950360104,0.1261825680468734,0.0280452977961716,0.0065793953148264,0.1498826079781798,0.1085560581670931,0.0472413421861998,0.1315470111121678,1.3387131066115012,0.0450894060849848,0.1444209263308528,0.0445863410320904,0.0981411242365034,0.0705955505832914,0.0793541571162708,0.0342955155007202,0.0396607504091379,0.0237429807158194,0.0341649129924051,0.0180695834344855,0.0186900848428315,0.0800913408446759,0.0362240301202853,0.0540329488692088,0.0263345728903913,0.0234689023662734,0.0476616166408041
199,172,91,0.0023093294570855,-0.1657853369977719,-0.0096611865800833,-0.0084569713812834,-0.033327484344926,-0.0239672156460664,-7.246387491334586e-05,-0.0094381368316191,-0.0098670190158058,0.0422296947189158,0.0207785406240169,-0.3675978913173484,0.0039301843518072,-0.0248819591255048,-0.0038748001184007,-0.006931813512234,-0.0184561308923291,-0.0102864164420102,-0.0036221930106763,-0.0068218495586556,0.0025676951763873,-0.0090946775489114,-0.0074116905457589,-0.003434554105366,-0.0020384733735086,-0.0010512277573654,-0.0056488932479072,-0.0017422253973898,-0.0088479693049381,-0.0089778962367406,0.0149506851168264,0.521800011797075,0.0821977905357696,0.0325889949117743,0.1949771114206963,0.1214274623518735,0.0072513103206254,0.150326896847331,0.095907237991539,0.2157360766185826,0.0862159437947965,1.4036309583576394,0.0254660830327778,0.1415339956091647,0.0548039848722203,0.0536710513775308,0.0702804833285879,0.0597343822901092,0.0258082533761521,0.0488361034456318,0.0178632585441555,0.0241141329039068,0.0251104250373508,0.0252593043676822,0.064697636019718,0.0409377057366613,0.032069734618773,0.0494321128440804,0.0268072805596331,0.0374541692653278
200,164,99,-0.0175119262215644,-0.1984581974574978,-0.0088123700978716,-0.0219576305366593,-0.0154272291019786,-0.0039815806463876,-0.0001148959196071,-0.002235034122635,0.0209521949563143,-0.0351257302719386,-0.0355680569385612,-0.2910854053857793,-0.0160956633131053,-0.0509783338711114,-0.0016247652237331,-0.0121273520793919,-0.021459324475472,-0.0139192963769763,-0.0104300955421399,-0.0096928608544643,-0.0127398358807538,-0.0082656686523215,-0.0049714195522943,-0.0097111765988026,-0.0284262723655676,-0.0095807316908035,-0.0058656507572968,-0.0059064621642626,-0.0151953587146712,0.0031901951256299,0.0751008889363314,0.4638408245732095,0.0885162570251999,0.0630732415694047,0.0907407731510281,0.0149818859798012,0.0500296685207676,0.0820687721381537,0.1606354539580097,0.0984143003956057,0.170209179274623,0.9139493068972718,0.0327400076829947,0.1195756538643618,0.0306071692831471,0.1004847653113682,0.101694783575326,0.0576856048044612,0.0504236316117688,0.057307733652002,0.0397468308228662,0.0380534822392852,0.0216632607518061,0.0328660597840896,0.0502882208948129,0.0255887514071667,0.039616891099853,0.0444638606274127,0.0328387332552664,0.0424756527038488
201,169,94,-3.6187726775993104e-05,-0.0016466334743195,0.001008327055292,-0.0016391081539293,-0.0074920155852821,-0.0229485771722727,-0.0174812520610365,-0.1150416844432494,-0.0399552214890165,0.0064839972604226,-0.0742230683203915,-0.3359641076128183,-0.0013489399288674,0.0033689428153705,-0.0078575886072531,-0.0126852509170711,-0.0607462862068187,0.0053591077194609,-0.0033655312817284,-0.0041101062432355,0.0063296545754988,-0.005530422081039,-0.0026628552713075,-0.0024386856148037,-0.0080446572082474,-0.0039210781092509,-0.0058650740914031,-0.002733143062884,0.0007213796356331,-0.0062054115168248,0.0058673819425539,0.2107786186101751,0.171999411981209,0.0083933518529288,0.0759472926967076,0.1580625022879286,0.0772323352237673,0.293451199685561,0.2117403348247766,0.1353316697226414,0.2101326961870386,1.2236163227478054,0.017576906319187,0.1029150322716999,0.0508855431545104,0.02787041414875,0.1503650597022055,0.0655628241196148,0.0268550581856737,0.0365430559617325,0.0242216847683517,0.0230824134932102,0.0287255827055266,0.0303865916013254,0.0947963962757916,0.0246430297841922,0.0254680954341966,0.0171569730872595,0.0218860847033246,0.0375856703227947
202,175,88,-0.0078303115250663,-0.1332286837606959,-0.0017353776707968,-0.0058691692162088,-0.0135861640991737,-0.0162026788436928,-0.0029046367341402,-0.0499447567105164,-0.0223447671635559,-0.0119596254531262,-0.0243104302718515,-0.4509820322532309,-0.0012963131587346,-0.0210525407467694,-0.0050948140394035,-0.0006495302591659,-0.0380057724208357,-0.0083162122828259,-0.0097608579531634,-5.977442511898575e-05,-0.0086640249628331,-0.0019589010290715,-0.0066385371915634,-0.0069956358525224,-0.0119850454419166,-0.004406164961543,-0.0050040062880229,-0.0048791894635042,-0.0025659106295067,-0.0091394410836159,0.0674513084050828,0.4622218974446017,0.0532799190772196,0.016709909689858,0.0975602041668946,0.0821667203532198,0.0150211875433339,0.3214497301977324,0.141275879743682,0.0977007445410987,0.2106107591027622,1.4909632282526706,0.0265384748606638,0.1221981242909286,0.0416003728012331,0.0215634169941492,0.1100591413984898,0.0294161668599678,0.0300022905307232,0.0247909559270209,0.0349291744442322,0.0371772941277544,0.0223893891631359,0.0368947129649536,0.0865381042263248,0.0409885201330937,0.0331168464189498,0.0157403236470628,0.0356007723940547,0.0411936411856617
203,177,86,-0.0004196732395873,-0.0808361628783891,-0.0494753997919182,-0.0035599580515732,-0.0373555738853338,0.0031871338518647,0.0008834905310494,-0.0133009796031454,-0.0087359871112333,-0.0166763986227979,-0.0399195484151632,-0.3367284054918197,-0.0053248504093324,-0.0155510833463499,-0.0016790141825118,0.0049299928397021,0.0001918092820795,-0.0088479971048925,-0.0003327651022956,-0.0051898824978349,0.0007654435726542,-0.0003151815942272,-0.0100396831361142,-0.0056751411710739,0.0012284023640151,-0.0051042943302039,0.0035059666543221,0.0007404279133935,-0.0054717325710205,-0.0097219520827461,0.0172555445525604,0.2756797305984163,0.1997764188644569,0.0199524688510028,0.0797256967805529,0.0415313995611409,0.0028039096091216,0.1949214860002118,0.0958798589960307,0.1379466199680728,0.134074505137179,1.4968658591523936,0.0351683396817896,0.0519768546380222,0.0397637795074651,0.0294024735717539,0.0558081026904573,0.0554125106665327,0.0308541113339936,0.0241979048249536,0.0393058777833861,0.0394148525089103,0.0451709548266544,0.03191226948307,0.1057811030759564,0.0459218637701518,0.0331449961203838,0.0419449326324776,0.0370034789292228,0.0484990530834986
204,174,89,-0.0007769603177847,-0.160256492044321,-0.0554040630775644,0.0017764283293022,-0.1415648726467422,-0.0131056642540532,-0.0053385347117893,-0.0341624269112215,0.0007756337426449,-0.0034627695294403,-0.0142051148844968,-0.3735166729059286,-0.0049513476698315,-0.0145263711171391,-0.0183941921169222,-0.0310355833617094,-0.0281631207692141,-0.0030863918750988,-0.0089424143094005,-0.0036426842766068,-0.0077507438154829,-0.0124842116754172,-0.0010212506640666,-0.0035731663823658,-0.0129957014733178,-0.0167533558370187,0.0034738084004678,-0.0008093917029985,-0.0078863302855079,-0.0101977742733967,0.0110684153565457,0.3971398556553406,0.1997240042368996,0.0562623483299454,0.439014235535668,0.138632200465171,0.0309635654885238,0.1953807295896062,0.0568901955757131,0.1435105542543371,0.0523182506060016,1.4990763197609982,0.0271740148004032,0.0516909731134592,0.0706844625067402,0.0639024741454295,0.1000195830481657,0.0292615191078306,0.022855630209319,0.0213605137252676,0.0303335811593071,0.0291122954016506,0.0261810017436437,0.0140593698315503,0.0426105339287193,0.0592029896108992,0.0269238056303488,0.0179821923478411,0.0170511322657434,0.0333676853457198
205,167,96,0.0001833334378884,0.0072745479156902,-0.0120200782960277,0.0014478208228197,-0.0024830574202271,0.0019993302317952,0.0005663640338542,0.0195542087333774,0.0109379267048305,-0.0011685065458905,-0.0092141828074084,-0.2940250813499471,-0.0036426890900202,-0.0116662026783883,-0.0079772747460297,-0.0084696467218558,-0.0194458932188448,0.0060746753611702,-0.0039436344226794,-0.0011270478720927,-0.0081688489574327,-0.0057831803651996,-0.0098250352421513,-0.0003855834633839,-0.0007923575692573,-0.0007299085114847,0.0039144645079948,-0.0031962907692514,-0.0099135037298319,-0.0078661693875351,0.0003938847599801,0.2072262355420184,0.1301352895060164,0.0078166630707932,0.0378049145118105,0.0986966927315784,0.0117718565037507,0.1966312039496175,0.1767997002325703,0.0268757346511719,0.0424135437551456,1.3578652051177278,0.0231582776250219,0.0763905259808379,0.0489885863752263,0.0487649832175619,0.1282382374549013,0.0487920755188625,0.0281565177008538,0.0346169464999501,0.0259083329718854,0.0146003243290767,0.0294299595890389,0.0292799793143473,0.0785490222770971,0.0264966435009984,0.0208183901978423,0.0189651575334346,0.0247452479934762,0.0340387105023309
206,169,94,0.0012175396815161,-0.1496055725475888,-0.0138392126694234,-0.0078525258877576,0.0061424909681934,-0.0610603134089151,0.0017212620391045,-0.0203926417873361,-0.0522869232246831,-0.0082071686980421,-0.0036084414973305,-0.3743067390024732,-0.0043773239051675,-0.0121727936557324,-0.0002534354499985,-0.0098044814192492,-0.0559307686964812,-0.0228365332149614,0.010355851707908,-0.0015774900447669,-0.0021622105567433,-0.0012587071597359,-0.0022085382407572,-0.001065434049303,-0.0168012454760662,-0.0077147146049305,0.0021340426892894,-0.0040691365436133,-0.0088365627784445,-0.0192652702389439,0.0950118780715793,0.5038531378749492,0.1121811854947772,0.0290587960069163,0.028425743693998,0.3430474121728267,0.0228488067448829,0.1628816149056938,0.2257677036316523,0.1294811381570672,0.1091756449502426,1.245887306230426,0.0234060446482738,0.0723740916617234,0.0974602360612912,0.0623240592295646,0.1476015124832077,0.0711369564563394,0.0354626969573604,0.0257124753793394,0.0318805565781956,0.0208598630581393,0.0312368012523599,0.0213213869165507,0.0678504554818409,0.0427587824094261,0.0308115565476959,0.0425149379554374,0.0198939178094376,0.058384146715382
207,166,97,1.4814852782820834e-05,-0.0805738784949965,0.0021668325776231,0.0028528674031631,-0.0052775962563819,-0.0128304475492553,-8.232596563479391e-05,-0.0051982739134088,-0.0090359877640002,-0.0148096077512139,-0.0115233466585233,-0.3240969059288667,-0.0022633981943141,-0.0322494488516017,-0.0096021298067459,-0.0126029756146573,-0.0244989937125168,-0.0086957807382873,0.0037084601373833,-0.0113571163851343,-0.0050242209002049,-0.0022002437767879,-0.005613762151215,-0.0077991985804619,-0.0408232637983938,-0.0077606731591703,-0.0066262115162838,-0.0036408045142635,-0.0018593703119645,-0.0054962034631792,0.0194752059485639,0.2714516651055341,0.2522265405318339,0.0170826452631464,0.0456361300433028,0.1725442162898,0.0083736640506953,0.1411194280713993,0.1650749521929223,0.1485716512661315,0.094317854151831,1.3810099601221872,0.0298680832241685,0.2526729099649111,0.0559137225220497,0.0580095689886931,0.0963867823166039,0.0522043603238181,0.0223647412833244,0.0481859512230259,0.0298188820763135,0.0215594995482305,0.0317118558328848,0.0308705456121789,0.1142743687349585,0.106459474171413,0.0251394601791052,0.0217860031321176,0.0405528474271347,0.0346833510101629
208,163,100,-0.0003064864233089,-0.1496939689235437,0.0252801721714164,-0.0424314662920412,0.004283073753242,-0.0239758140011029,-0.0002895832459498,-0.045808697711993,-0.035230036559834,-0.0235656337664439,-0.000601271084636,-0.2898650414169108,-0.0029919761064081,-0.0182664654947142,-0.0140574800886624,-0.0111467116906287,-0.0131525739026418,-0.0095381448923196,-0.0073114190916467,-0.0037258582438823,-0.0072409179039577,-0.0122433686247315,-0.0035528607467547,-0.0095494558017937,-0.0460267467597199,-0.0116195642553726,-0.0067636886343562,-0.0080148017180571,-0.0017309621872569,-0.0108631380513166,0.0018633478002267,0.5190069292777358,0.1542261756417507,0.102402673647722,0.0418986194095012,0.1726167889252572,0.014827798338676,0.2028898411234148,0.2019674847819101,0.097212719834133,0.0126167364483201,1.3777559263050887,0.0389404314896239,0.1526531986320891,0.0436909302688697,0.0540567053552708,0.0588730562000906,0.0927185750198128,0.0228187055437349,0.0381563915939558,0.0237535540259632,0.0348014591701939,0.0202023839302714,0.0444337484706496,0.1480394904992828,0.04003292989012,0.031545991308325,0.0183345320638308,0.0370687865398654,0.0441215050751987
209,172,91,0.0063812170612983,-0.1872965367300361,-0.0009232880272289,-0.0203834180342082,0.0034331068793179,-0.0055419810714655,-0.0018966513791144,-0.037019120817374,-0.0149621055017364,-0.0067806433936093,-0.0168090155059293,-0.3352823066661271,-0.0064441025069803,-0.0185550157830946,-0.0260880324994145,-0.0082546628376757,-0.0585509093267962,0.002316049615515,-0.0264230056782583,-0.0039357421954352,-0.001926134934355,-0.0019700129732585,-0.0054018512836639,-0.0056161662816556,-0.0104711115678576,-0.0073710596438415,-0.0001539362052754,-0.002101241904806,-0.005093243884002,-0.0097803426354699,0.1104967721131724,0.4463583238715586,0.1070756948199244,0.0341305845106605,0.0919899552821155,0.1405908640938062,0.0287252300763494,0.202714392721281,0.1718079068054084,0.1196813870427636,0.1524447809526142,1.1981633690944478,0.0344665864555122,0.1233052903736127,0.0558005964962473,0.03146076841907,0.1873128767364419,0.0386032322767176,0.0446412834544967,0.0342135547925621,0.0322331659314985,0.0409383756894404,0.0300636747681179,0.0205219228732349,0.0859215802233898,0.0363825738117877,0.0449695610042743,0.0335258402441051,0.0377268568012294,0.0483686351030422
210,175,88,-0.0241781954264409,-0.0039439697795361,-0.015523471715609,-0.0017692713574787,-0.0784773673576447,-0.0285428338587265,-0.0075185101531548,-0.0114984739447881,-0.0529586462559558,-0.0237212222419936,-0.0042152662378426,-0.27837262806896,-0.0022452504151997,0.001585509053954,-0.0094011750452871,-0.0037816937025069,-0.0064774833238553,-0.0097257329146975,-0.0051776499241076,0.0018060795964336,-0.013889065488124,-0.0046095558121764,-0.0086577888136904,-0.0066892204975004,-0.0240605546777217,-0.0056859536319175,-0.0016782079262106,-0.005229633300258,-0.0012718890443168,-0.0049561573834288,0.0720272803020202,0.2457191293151869,0.0488300937152823,0.0353074097926011,0.2091898866965295,0.0856056313661348,0.0478054972350509,0.0967699090684296,0.2120479152499721,0.1493271878928785,0.0903564677086926,1.3409327714144617,0.0168235735511542,0.0926032334253958,0.040230443146264,0.0197929342045199,0.0375591631484647,0.0252352221980569,0.0243560008418382,0.0368731464315857,0.0379219882938614,0.0284971577968232,0.0308499918123297,0.0282311476872139,0.0936536551436012,0.0284569325667677,0.0209535576988787,0.0188069770881805,0.0211381146745215,0.0298209382200782
211,165,98,-0.0138045270046301,-0.1784723100194752,-0.0378263807683667,-0.0013277664731044,0.0008288684743916,-0.0622790631562209,0.0043524245214498,-0.0266162166366239,-0.030609413584204,-0.0260466494627956,-0.0089445120772264,-0.3198298153306269,-0.0092650274299467,-0.0193555202843831,-0.0209513043771397,0.0036540048362779,-0.0182716265791181,0.0034337035789064,0.0007228286302566,-0.0061699417111103,-0.0040057895296979,-0.0022777547409283,-0.0058842298640275,-0.0080691524718197,-0.0150849526972359,-0.0137302802827843,0.0022823579917842,0.0022809230293933,-0.0107680591536544,-0.011222945339341,0.0364712829017992,0.5118376821872711,0.1402742369310904,0.0073546371450532,0.1311414314474361,0.2155071239199524,0.046954741828044,0.3247644780074157,0.1799126230306185,0.1086041613748417,0.0917279291281362,1.0295183616715382,0.0417242233726989,0.0733598964951525,0.0621949274793879,0.0461200638143254,0.0724185831724834,0.0379675427157122,0.0268856155035981,0.0261234151879546,0.0191972476962074,0.0279476671335137,0.0465562622948748,0.0481933812231083,0.0847696924736935,0.0815955666144149,0.0357035136313108,0.0160072323382894,0.030593053960558,0.0464352274461303
212,177,86,0.0004573711625225,-0.0095344929728105,-0.0332449454049262,-0.0007210243911952,-0.0253009522962205,-0.0567677062056541,-0.0010781262357186,-0.0341776786390471,-0.0754365463963552,-0.0193766535121174,-0.0208678681567562,-0.3496137114411875,-0.0009708889833394,-0.0405755640483124,-0.0074879726982014,-0.0115152593766577,-0.0752376367337432,-0.0475963900490863,0.0029726788374124,-0.0040520184373949,-0.0062991313896917,-0.0025303949631949,-0.0120110585937132,-0.0107222002757934,-0.0505212744563536,-0.0037575979852757,-0.0042038659378144,-0.008529147602908,-0.0073141227026303,-0.0031140328851587,0.0271722166663012,0.2490695745447067,0.2354707577586009,0.008105402930511,0.1175045102091006,0.2670256019127632,0.0059344615602069,0.101522496331636,0.3407044996627712,0.1011957517788584,0.1547536599478676,1.3645375210053496,0.0179056926684871,0.0982150841634343,0.0345070840534323,0.0677141678905973,0.1718677415326868,0.1118116007060918,0.0323430115960737,0.0127303997059925,0.0248386286960747,0.0268026717593936,0.0262076155602208,0.0262568029225689,0.1468247657722823,0.0265172837685893,0.0168507684203509,0.0203677772251519,0.0219513627703154,0.0424353187163085
213,168,95,0.0054163312843011,-0.0279876830699191,-0.0167077011003553,-0.0087269083435698,-0.0020052233331314,-0.015918418135632,-0.0257204216681751,-0.0331721280243077,-0.0163221903949217,-0.0241661461636483,-0.0278233627882025,-0.3943813560951541,0.0011726169835945,-0.0380522321287561,-0.0131243574729058,-0.0129384740602985,-0.0169028645841624,-0.0240385933405631,-0.0063266096218669,-0.0037138883136341,-0.0091935334586909,-0.0128273749458524,-0.0095404166024521,-0.0183913407321093,-0.0213851468317757,-0.0054343523090521,-0.0156405638791503,-0.0006353544151656,-0.0092114279121291,-0.0130353716086634,0.106238181503083,0.258148104513366,0.0953906775996746,0.0212341669934387,0.0446102091600419,0.1696837518860206,0.0718853357155526,0.1741801881411612,0.1480817775746625,0.118255921233159,0.0918909876605076,1.1530634949698473,0.0279662563152728,0.0952942105043403,0.061139484720199,0.0436884396909744,0.0499875359488669,0.1196045780883565,0.0261718787266088,0.0313842247487681,0.0267925547544652,0.0384090036333117,0.0372655106997796,0.0392919402047377,0.1215265332208313,0.0222804614277601,0.0515083284168392,0.0174768842625414,0.0319098861086377,0.0509457210212887
214,166,97,1.3686398405808084e-05,-0.0125613163074955,-0.0144524285387816,-0.0055628537594124,-0.0037239264002073,-0.016764864007509,-0.0080509161485323,-0.0455726648700887,-0.0009537395615401,-0.0147699510988575,-0.0496758258592257,-0.3663528449990778,-0.0034011111696043,-0.0120941491422902,-0.0073532009328445,0.0043326378419392,-0.0002299525010155,0.0040343033438042,0.0033917087243029,0.0037761622380798,-0.01085754243223,-0.0002337019601078,-0.0118456787636924,-0.0009975070468387,-0.0014975618855949,-0.0022142806931256,0.0005425454055908,-0.0012951536017453,-0.0046548062535602,-0.0059172123438194,0.0007132603719448,0.3123279000386201,0.1830544067802285,0.0172207285585313,0.0482513642448599,0.2309862612867434,0.0413926111675058,0.2087414411688487,0.116856346467188,0.1088382946982143,0.2023939403614204,1.225109991195062,0.0315741518201595,0.0866566152569918,0.0682915602815807,0.0508150353239771,0.0571648114224572,0.0550071537742684,0.0329576462359079,0.0290844654635953,0.0177529777408329,0.0319901827381188,0.0379815501139892,0.0256555102053655,0.0978930117449495,0.0497628609260008,0.0503306655958613,0.0254815839315785,0.0207394786192745,0.0278304613609518
215,174,89,0.0,-0.0558315948268475,-0.0154083841240551,-0.0093440272893908,-0.0044081482735218,-0.0164167488826482,0.00439455464786,0.0126960071334131,0.0009999661824044,-0.0220954637718947,-0.062820423625856,-0.2132575758056422,-0.0107991336368637,-0.058297910024577,-0.004127941689499,-0.0053508473012271,-0.0348741562873001,-0.0152631941259208,-0.0030693790949413,-0.0006173614828634,-0.0093354597854354,-0.018373605628826,-0.0067411417014387,-0.00300128385931,-0.0098248443315792,0.0058103721485695,-0.0006923237211381,-0.003786824959564,-0.0098051713978136,-0.0035906467489723,0.0,0.3371774483120764,0.1496353762717489,0.0258192393291588,0.0621191263166888,0.1037903421013254,0.0252290139378202,0.1440654479788181,0.0787795092505106,0.1144951128557201,0.167596677603998,1.1889757204672549,0.0337364684980241,0.1241208168422567,0.0592050760816217,0.0850285727737013,0.1282291002979622,0.0856217058730385,0.0312278413599898,0.0187599371857599,0.0327714003596184,0.0312365083450066,0.0296977228731941,0.0164407717231819,0.0493970306533262,0.0368065647187337,0.0137249711855135,0.0164926806885538,0.0331932929986012,0.0524126644587564
216,168,95,-0.0005896893713409,-0.045709801063638,-0.0387703832756823,0.0056207226722155,-0.0101104419891056,0.0033158668966106,-0.0063214713047409,-0.016594849607431,-0.0291781803009548,-0.0048432601351483,-0.0236910708233413,-0.2838395171267399,-0.0049503314262586,-0.0201261699519977,-0.0055567970090209,-0.0042100835060041,-0.0104056813026032,-0.008156196522961,-0.0038179502031739,-0.0019253705433399,-0.0060140325058115,-0.0081988577018144,-0.0045762803581909,0.0023957157741211,-0.0192379418660209,-0.0107171613942817,-0.0067520076908829,-0.0007999041009475,-0.0119902874516514,0.0087325516928714,0.0031168454484328,0.4228446629815406,0.1679178944215758,0.0074871431987673,0.0912536058503881,0.0903634719500605,0.0336865623967606,0.161731213975619,0.2783276417555531,0.143070029968629,0.2276886457071353,1.260240747738922,0.0508997534326224,0.1720215079144466,0.0475601043354716,0.043243874412867,0.0637963463739201,0.0359345953860974,0.0459526244896677,0.0342923676930635,0.0557762979592405,0.0273834953008608,0.0430568650515114,0.0366861795904658,0.098637506185266,0.0687446007480033,0.0569956841477139,0.0263256532403568,0.0423337849764907,0.0986747551599284
217,168,95,0.0010309481681471,-0.0015784068019422,-0.0213365482346542,-0.0036973339560715,-0.0025971326879462,-0.0068597824954736,-0.0071550349148417,-0.0212275118986316,-0.0281675750505974,-0.0153997188009012,-0.0429235603422034,-0.3823525661024481,-0.0057341388364612,-0.0204981685260522,-0.0125397031893848,-0.0062712224615362,-0.0432431041320302,-1.309377390757257e-05,0.0025263410662367,-0.0054387142508606,-0.0019904778996761,0.0021512162807858,-0.0059198849395004,-0.0041423910246091,-0.0167352743911743,-0.0011697360121124,-0.0070027995831903,0.0022620335809027,-0.0056419738585674,-0.0122634939679219,0.0038927141082871,0.2049326185787839,0.1793706239550342,0.0084258637506399,0.0279786649731619,0.1718270234890269,0.0335853569168949,0.0955530935869923,0.1405457202100963,0.1190050627376077,0.1352525670383076,1.317421171633265,0.0261509383371771,0.0930220256417609,0.0509725747051647,0.0276294270771077,0.143376496252893,0.064853960682429,0.0360863544529726,0.0264911877062055,0.041761932947384,0.0351630153882306,0.0343981171974825,0.0310503707292068,0.053182383045834,0.0273938408667071,0.0323302736766119,0.0158063720923054,0.0293218979158107,0.0587524047893479
218,174,89,0.0006209815020863,-0.0945156497496522,-0.0095769413615396,-0.0049672524774038,-0.028766856387187,-0.009613379763566,-0.0112746342496064,-0.0198426259901521,-0.0104911471917455,-0.0248725139049546,0.0009498954527307,-0.1697653235700188,0.0022475581717588,-0.0426259298619709,-0.0032162720535091,0.0002016001536779,-0.0014181052029852,0.011984516268203,-0.0004234690907811,-0.0012227067074828,-0.0001966666557597,-0.0066302142369193,-0.0037562202103506,-0.00301426119108,-0.0026153146325976,-0.006084659969815,-0.0042515258008953,-0.0002125324762106,0.0016374809320638,-0.0116718817182332,0.0121108457276978,0.4002133999709033,0.1129951545583078,0.0193035831583542,0.1073122510242229,0.1234904088766546,0.0317695951439279,0.1745573332667482,0.1552633593856026,0.0603983966481097,0.1906677241475436,1.0631192585727238,0.0343088665304061,0.1104816949030441,0.0451514277423534,0.0792552121069538,0.1020534121248184,0.1553818523537672,0.0237315728410137,0.0236741635909214,0.0369945515297413,0.0599257408150831,0.0363755507034358,0.0238497774065281,0.063021457666911,0.0437563809063798,0.0370722699842536,0.0284692885462768,0.0291883294931767,0.0384361869797829
219,168,95,-0.0013928168014881,-0.1071160773872248,-0.0232671610397397,-0.0197486954623961,-0.0212867917013892,-0.0864215428346315,-0.015131471218571,-0.0120502269694073,-0.0252967022170488,0.0269043489449443,-0.0112527351741976,-0.248953773531704,-0.0110202788653552,-0.0210684794979584,-0.0154286168903947,-0.0241384806973028,-0.0142726573702197,-0.0060607125625139,-0.0075747751776893,-0.0138242175718365,-0.0065673481642532,-0.012141464414882,-0.0081704009541965,-0.0042016199395002,-0.0031708285382053,-0.0119148889413459,-0.0067953535090777,-0.0024532121578952,-0.0021958301777128,-0.014692897662897,0.0838415070968173,0.3664270853490509,0.2160300350308829,0.0729363391104498,0.0638215308250225,0.2719389616237906,0.049792075754576,0.083079070598029,0.1829989220246955,0.1726865133601512,0.1788525571927232,1.1361441322257977,0.0590612309472566,0.1183836228661842,0.0538747120408405,0.0675205560067191,0.0501153780278299,0.0469626817416004,0.0341095062378829,0.0360523124075764,0.0378492713252479,0.0369382188625682,0.0377190559535098,0.0305677585806405,0.065531769298561,0.0510415716578517,0.0345951645112649,0.0154585043297517,0.0266808925757459,0.062975273417703
220,163,100,0.0007865273873582,-0.2557453881910369,-0.0442711911515907,0.0020741110077443,-0.0270236882918225,-0.0197648787512363,0.0024805609802256,-0.0241341590872131,-0.0272831343707752,-0.0256123180013949,-0.0038257405380598,-0.4288956704677966,-0.0098858344737879,-0.0019232694319982,-0.0161535315038996,0.0019821800906558,0.0055411575192654,0.0029974607325797,0.0009221796571068,-0.0070602021084202,-0.01218815838634,-0.0033627238810832,0.0037551962194802,-0.0071480052294139,-0.0084116018564201,-0.0081760048312982,-0.0043076387831918,-0.0007502054597871,-0.0073320884110422,-0.0141793408287161,0.0120956155046262,0.625022807096874,0.2464222830220408,0.0132830829540621,0.2000613797589336,0.1215257769711327,0.0377350950215555,0.2281887727385396,0.1380872454534567,0.0777538532223054,0.1619452522111169,1.131640643484216,0.0369543474871601,0.0494618946744751,0.0790749597808791,0.0307187201923408,0.0427082700900065,0.0568380658566516,0.0309532462701289,0.0450139078404261,0.0458993546066059,0.0256465438804064,0.0202436197458758,0.0306035354071905,0.0847858753619267,0.0535159617903892,0.0265091555886307,0.0248299235450717,0.0356678663647105,0.0757562970661176
221,171,92,-0.0207160611145094,-0.1407610698718861,0.0017107225452973,0.0003352119275238,-0.0132324706437344,-0.0339329095789971,0.0022541747151084,-0.0394018830267784,-0.0978211005409332,0.0104158845856846,-0.0128959474459314,-0.2806059402549877,-0.0043612194242698,-0.0455879617988935,-0.0334122570732931,-0.0158041475856931,-0.0328222204756022,-0.0348567472836984,-0.0114057382105318,-0.0091544632716644,-0.0134052698987591,-0.0085092356846806,-0.0005927191797658,-0.0117920778600068,-0.0598845845682759,-0.0189617866090966,-0.0168897023305723,-0.0074471385386377,-0.0042557324473284,-0.0117946569509199,0.058969921561426,0.3773543674249718,0.0816008383200267,0.0240755648949238,0.0926610474792537,0.3858180404658559,0.0343636521888772,0.2397491150201454,0.2702385744839806,0.1368829905031301,0.0428647438159823,1.4071678287949418,0.0192915064339517,0.0936519757380865,0.1054196529077314,0.0384870351676875,0.0833732833235608,0.0658873996575453,0.0289558993507275,0.0288160676401515,0.027791359987078,0.0215424207886807,0.0253331326840561,0.0251040968542343,0.1549117510368748,0.0285673898058172,0.0321958337856842,0.0378509348072581,0.0197431145456993,0.0457938947788875
222,176,87,0.0011873846487925,-0.0365845119345207,-0.0058994385109586,0.0022542711401653,-0.0046992184993782,-0.0027274729041643,0.0036156615005458,-0.0221885804385478,-0.0180024965902771,-0.0335017946414488,-0.0413024465608103,-0.3888422642196394,-0.001753813553466,-0.0338264593530151,0.0081682809407109,-0.0073805301027569,-0.0279281150870993,-0.0201081923641373,-0.0046658534861083,-0.0008003233837662,-0.004267498456707,-0.0028398491920229,-0.0020920820555946,-0.015437116056673,-0.0220573779571356,-0.0040626439168411,-0.0114093000377584,0.0038288378622632,-0.0039233788289737,-0.0087093116936326,0.0128487909732078,0.3655463253170031,0.1732396844538092,0.0101882843190508,0.0639678411087622,0.0700359304845805,0.0547583726930219,0.1295366615136219,0.1560057945230191,0.0735808760907427,0.222005357104984,1.1587971395323795,0.0361261441959489,0.1932691583141274,0.0604113281329607,0.0434078115115846,0.1036856499329967,0.1304973401447007,0.0234693104327162,0.0325350575548114,0.0287560340247215,0.0266279119812288,0.0267653655007761,0.0331325532782977,0.0578368281129474,0.050284932961631,0.0467823640727935,0.0523362096093208,0.0263290209011554,0.0576293811470063
223,168,95,0.0012614454658993,-0.065339126398817,-0.0455388752120599,-0.0004613202663776,-0.022968578343413,-0.0263050630521965,-0.0014796608276083,-0.0259527867429649,-0.0289611700287927,-0.0169662579878869,-0.0259959225817965,-0.2727670427261854,-0.0177642057718337,-0.0511064119591374,-0.0069294476635336,-0.0019959770750034,-0.0082811170683207,-0.0197057361219507,-0.0132012764529535,0.0015599949808107,-0.0081574276049258,-0.0065707019515247,-0.0050005208890304,-0.0063029307870928,-0.0305586344684895,-0.0087018559275082,-0.0082068051679623,-0.0093358981309657,-0.0034507957943514,-0.0060010528588687,0.0262769041449281,0.3040124863386871,0.289403793649061,0.0184522627160412,0.1726029079998726,0.0471096978749225,0.0225998177618277,0.2263688041010722,0.176235710676322,0.1118151400308793,0.1065683171771014,1.179591983066825,0.0416235455513395,0.1364316991826769,0.0548317538870207,0.0399232950776277,0.0387503759709149,0.0710661309600217,0.0347963193204516,0.0187879138752166,0.0250306225723695,0.0298245548355303,0.0188641271935943,0.0233864003413562,0.1052855667872613,0.0294502328205868,0.0381417598276435,0.0332246422425131,0.0187317000915171,0.0209672725812379
224,167,96,0.002611986649702,-0.1270992622228733,-0.0203496143236456,-0.0090652840441922,-0.0055689221883146,-0.0180369884392353,0.0198606838724561,-0.0471005412281324,0.0111139134812962,-0.010400913697035,-0.0012668047842315,-0.3460670162631511,-0.0069068601889863,-0.0343021325828446,-0.0065042136152408,-0.0131605066332051,-0.0592244371068206,-0.0042889757753414,-0.0095879753095812,-0.0096000034016024,-0.0071080906542964,-0.0058479347751894,-0.0093169549784435,-0.0095787873611404,-0.0244372336943536,-0.0253144786723599,-0.0089589465338883,-0.0022114030566728,-0.0166788073356664,-0.0098512471668431,0.0446245125423886,0.4481640497705824,0.0946707618186968,0.0270425614648116,0.1065374012697867,0.136218979835479,0.0554715526615073,0.1556912274584302,0.0970877984571924,0.1594079614873826,0.0718591983976059,1.227630705668548,0.0429887479437456,0.1348113039157485,0.0414521350149177,0.0293884734509465,0.1116400142474209,0.0633213898871917,0.031969367538575,0.0212863395858673,0.0218176177187716,0.0383963008005881,0.027352750435274,0.0241175081895176,0.06011007043662,0.0452223413979358,0.0270617791954748,0.0228254009258242,0.0270484197374772,0.043027311682858
225,169,94,-0.0189929513717819,-0.03652745008585,-0.0207147710943618,0.0033934614844002,-0.0056817517561645,-0.01216843145998,0.0019711955955931,-0.0381011204471656,-0.0391106854936937,0.0363873298460013,0.0062352467000787,-0.2721170030884028,-0.0071620272766174,-0.040729665138998,-0.0101982113799299,-0.0068168829178426,-0.0289246151097603,-0.0177507031340515,0.0008338986556015,-0.007242297729551,-0.003711764401381,-0.0077260498839951,-0.0055296409123456,-0.0118238682837404,-0.0112658143729096,-0.0121734568496849,-0.0116454725729224,-0.0010723986809269,-0.0105124399268851,-0.0032583360000845,0.0244293094290666,0.3431092177723375,0.1140269720035385,0.0215166411476576,0.0892546087298844,0.0399105459974968,0.0172048105530096,0.2144176336856791,0.2052032786202564,0.1535800453407864,0.0802589603905737,1.2059097138128658,0.0265740164874554,0.107420843226409,0.0451745147843282,0.0408446467746856,0.0688535296164054,0.1480352336438243,0.0241437030324253,0.0280785612575449,0.0241224672349157,0.017992153574415,0.0274079593333918,0.0233188973697551,0.0720221033618051,0.0401700537984025,0.0284172857440013,0.0291772076635969,0.0300759059138908,0.0486325913693638
226,165,98,-0.0282816159953143,-0.1196110579193184,-0.0231070525989729,-0.001430106973407,-0.0289771869136339,-0.0184401972736125,-3.5310922521280394e-05,-0.0856244954263611,-0.0285757233600511,-0.0058392287380928,-0.0117368493754298,-0.370291728312787,-0.0132979580486245,-0.0180096830168404,-0.0096707898379593,-0.0016576439925124,-0.0103350335727953,-0.0474742160887558,-0.0041824088855968,-0.011430104447331,0.001138652754879,-0.0085072496150694,-0.0051978009660937,-0.0019117151303579,-0.0036303222961003,-0.0121796329106896,0.005944702595997,-0.0062107479623017,-0.0149086943759283,-0.0001853073235101,0.0797346282547413,0.4771878498881051,0.1065891066757398,0.0160921218426123,0.1018585123959699,0.0595816954257957,0.0117050308533878,0.537682690739147,0.1711885518155035,0.141647180642836,0.0544191825460971,1.4149193987240194,0.051699538062977,0.1329155794045223,0.0930118302552895,0.0296400680441621,0.0560646832894869,0.235043408710631,0.0264810214013605,0.0337716478752161,0.0291544598453198,0.0303688519517654,0.0227109980295031,0.0261031614873662,0.0823543575363865,0.0334000531337087,0.0506845684943834,0.0237316158726512,0.0326038065948925,0.067312494505383
227,169,94,0.0019825102245162,-0.0424398166627158,0.0121880980988795,0.0197000187615408,-0.007951779790887,-0.0045951129427506,-0.009522921818377,-0.0147763895682261,-0.0483499891787592,-0.0248034201694223,-0.0019727180331743,-0.2657789653773292,-0.0092358939164648,-0.0564420769301216,-0.007058200722053,-0.0082397499837914,-0.0866873671363617,-0.0320274022651696,-0.0056640929730669,-0.0054259499731875,-0.004274177168613,-0.0076380264485945,-0.0155098913856973,0.0001699226736499,-0.038391811593946,-0.0151132587768101,-0.0025762715362215,-0.0011569752556951,-0.0114517421019788,0.0026328426730566,0.0243226823427641,0.2402418040391315,0.212503132380763,0.0437275613073696,0.0585820325201914,0.0374046419022397,0.0434207146179623,0.1107696569917796,0.2617833516127509,0.1429467168402467,0.0892993585315708,1.0629630964992132,0.0332483939907327,0.1980658784170151,0.051763419765253,0.0432347879586542,0.2503473022763695,0.0858123922455634,0.0344037089939451,0.0243351910775183,0.0223084653720086,0.0250319553240008,0.0484532277246195,0.0276848499272994,0.0913298837706864,0.038630732588977,0.025267757216096,0.017346200833789,0.029377251244315,0.0340669510341691
228,163,100,0.020343713765819,-0.0722396150172888,-0.0136694269027921,0.0002571818872334,-0.0056390881520037,-0.0506261003222257,0.0002333915237943,-0.0198766773773004,-0.0216012275358192,-0.030005769457034,-0.0387922153903607,-0.3482457922748735,-0.0101901801946863,-0.0126969184287976,-0.0170862215519815,-0.0180059077741044,-0.0139044369615884,-0.0054383919944543,-0.0046724344739756,-0.008766090156066,-0.0124021624844948,-0.012274023541826,-0.0144776571645463,-0.009026874528234,-0.014946761290236,-0.0142958878552033,-0.0147689241874471,-0.0068076550450789,-0.0042658783095769,-0.0080039807608725,0.0586937036611146,0.3619069921559927,0.1043320227212305,0.0156506268038493,0.0319016932425266,0.1450642106751729,0.0261838206258501,0.2274785477920343,0.2230480410045072,0.1257038519680952,0.2367759807896257,1.2755136173483748,0.042022256258986,0.068328359193649,0.0574610386643225,0.0603341978461049,0.0489443586670796,0.0464450140945862,0.0277872516491331,0.0314375113004044,0.0376307022710384,0.055647043824918,0.0386982588080871,0.0376367172985887,0.0469829267373352,0.0616534568824359,0.0383062241740973,0.0122688164633989,0.0308462989986206,0.0567079700528816
229,167,96,-0.0030573244978511,-0.0833571403820664,-0.015584276457831,0.0016293391948221,-0.0285453324890691,-0.0027416897901036,-0.0007104365249586,-0.0541233405188888,0.0101815776890727,-0.0383129149783373,-0.0241592601655665,-0.2584119346006073,-0.0038831953260281,-0.0291922067249509,-0.0014101981043452,0.0015917967013954,-0.0020737484944026,-0.0086861159167164,0.0019048638500522,0.0004108303617603,-0.0076644723377876,-0.0055483502090912,-4.682768198633591e-05,-0.0011857157920656,-0.0038285462979281,-0.0007309530472381,-0.0021945822160156,-3.483289986226772e-05,-0.0034412044283736,-0.0070928339087161,0.0328900291145579,0.3228607822061184,0.2229710045618769,0.0301471755979151,0.1045518992794019,0.1961841061683359,0.0355580260073066,0.1995716952150374,0.1118257608693697,0.1186066117514511,0.1269283237308082,1.1173075834358812,0.0318934555283994,0.0773250682938083,0.0385308149571843,0.0571580785206125,0.0978520313774843,0.0470817415315366,0.0221666553529332,0.0287668945156149,0.0320336261132684,0.0193384575464793,0.0171239451543986,0.0219310012881353,0.0642285233699284,0.0234099510411258,0.0144461578548882,0.0170492403314152,0.0194881708570773,0.037737988218933
230,157,106,0.0011252869972512,-0.0670398702439358,-0.0828988039411689,-0.0009224945855147,-0.0150736150274804,-0.0437113086296162,-0.0265554744014356,-0.0036993799819165,-0.0253914952574331,-0.0144267032851985,-0.0568796299327551,-0.5482741107215051,-0.0081929030673943,-0.0171108576790642,-0.0100919232442794,-0.0001920904162448,-0.0121861763258613,-0.014830269745295,-0.0087008264872509,-0.0007422350317101,-0.0117644212857819,-0.0043727567078097,-0.0126096099003969,-0.0073852803869306,-0.0057184334214201,-0.0181092781589673,-0.0058909778503817,-0.0016827825309727,-0.0194231943024809,-0.0025500212076085,0.0052732103976235,0.2493067091029102,0.3437414092526367,0.0055171655849544,0.0880098096120053,0.1224510741855109,0.0351567688109573,0.0764189787503949,0.1359926101017982,0.0870907152080345,0.1802186053902891,1.4157965682333469,0.0481953804855512,0.1153402968671074,0.0416748224562493,0.0300572716859002,0.0381430412383773,0.0519227428185016,0.035957568838874,0.0278606566369516,0.0559798765730934,0.0378147454493261,0.0562746710143611,0.0274404732167143,0.0654990889563579,0.0382955354964049,0.0203539947476133,0.0339241072971045,0.0436810799807811,0.0280278321380981
231,155,108,0.0024910314555202,-0.0564747133272524,-0.0058618269299456,-0.0007769905367516,0.00876058804754,-0.0166846855452414,-0.0013473372689521,-0.0248952548021272,0.0026567603674062,-0.0094655748200708,-0.018125746769165,-0.4952491471513387,-0.0048319944876022,-0.0218871902820572,-0.0161429881415885,-0.0083692318020926,-0.0427170864540441,-0.0068573486437455,-0.0074659350310408,-0.007278078811183,-0.0130968563325752,-0.012910352677368,0.0031076848872519,-0.0023049565380845,-0.0145156433695723,-0.0091644140389763,-0.0094835715268167,-0.0030708289908709,-0.0010846075069937,-0.0112225080633746,0.1282063679131243,0.321663365923995,0.1989060000447114,0.001560680941518,0.0385438010589928,0.1013469807297135,0.0106205147310286,0.1027598132427001,0.047120619163234,0.1408617939613616,0.1535456551937113,1.3998432481768308,0.0136092499318326,0.1486925167204429,0.0524694734108037,0.0732177914172935,0.2594835602544339,0.0527861302989833,0.0241224926314571,0.0308846195246165,0.0362241494571245,0.0294219876095557,0.0326387140113502,0.0319547126733424,0.0808346295254161,0.0449321823275382,0.0510944791102778,0.0177779782470018,0.0265599451562075,0.1051813481833468
232,172,91,0.0002536522932764,-0.0639879705639252,-0.02521408842698,0.0002246202294659,-0.019684368554443,-0.0340045029898671,-0.0400726523288523,5.2115830081236974e-05,-0.0354757390481622,-0.0174016283918598,-0.0230773977766838,-0.3946276122475208,-0.009236118723555,-0.0092486615455261,-0.0116884239883883,-0.015683350773274,-0.0222130944448725,-0.0127226254400211,-0.0024088240843974,-0.0092664861043226,-0.002317071106669,-0.0067755608976061,-0.0087883292815975,0.0021225601024326,-0.0165670914904106,-0.0075925659164584,-0.0001993024392628,-0.0049175910720267,-0.0059290294329874,-0.0162952379049963,0.0038886759639376,0.2987815869678051,0.1236857733043681,0.0086959057796383,0.198943321930597,0.1388768887949201,0.0677358813605657,0.1498199306131402,0.15518569255734,0.097150684019208,0.045151382888059,1.2427879813001557,0.0234278386990198,0.0642535860561978,0.0391682044551845,0.0830794795036935,0.1040763744176442,0.0585771007225356,0.0291882780513264,0.0215914658071961,0.0292723692920261,0.0273877855182488,0.0201578919854443,0.0143450489518501,0.0751014387634024,0.0305794152318378,0.016296220094294,0.0128987278521339,0.0217583609399433,0.0396224488283415
233,169,94,-0.0001255033003777,-0.0263145424812638,-0.0119455986392258,-0.003742698293143,-0.0077381358321749,-0.0110292561750665,0.0004952659813245,-0.0391045795986937,-0.0564415428673741,0.0078499335530659,-0.0905973411122307,-0.2458496784122233,-0.0026935045526281,-0.0431764734746899,-0.006613625002012,-0.000328392101802,-0.0582474355668375,-0.0226534643367606,-0.0084620049256696,-0.0014867036087107,-0.0010141105302751,-0.0056402532602745,-0.0071406331952914,0.0035224459945563,-0.0142820689985062,-0.009175523448691,-0.012818612509467,-0.004876341148441,-0.0089211280245396,-0.0001870753306473,0.0027411249740724,0.3670354212714815,0.1335147049503443,0.0224707920067184,0.0797094877616999,0.073753894812861,0.0450598455070961,0.2311926274570943,0.1923922954195729,0.097229032949686,0.2488750671638383,1.2106346686252334,0.0468333827989574,0.0989003020038062,0.0501259108336626,0.0305254402225451,0.2089909831483772,0.0522047628448263,0.0372212110605865,0.0427984322355384,0.0332456529944745,0.0235748042656148,0.0217397090280236,0.0311584040837832,0.0741460579233808,0.0414783257635622,0.0410591118017476,0.0151824456256187,0.0405698362223793,0.0311114676327897
234,167,96,0.0128096517384362,-0.1192762702457554,-0.0090654194204957,0.0016113086678564,-0.0164622963496573,-0.012838231456216,-0.0003704875390936,-0.0179586055091325,-0.0138289911992222,-0.0221747863409678,0.0070218260838006,-0.3148231617891753,-0.0200994347829316,-0.0613224955590372,-0.0114703693201762,-0.0038183329526283,-0.0404210523317476,-0.009106536778488,-0.0051479659980016,-0.0137232767590739,-0.0086388502406856,-0.0052137908897618,-0.0019143024666967,-0.0091664994019856,-0.0386290642816658,-0.013869503033541,-0.0103127052404721,-0.0018519360604356,-0.0083013479409178,-0.0140626893590691,0.0907179737151026,0.3291178011809886,0.0974255566814709,0.0056841312319934,0.0967415330084788,0.0449083727828204,0.0113060854543909,0.1406611507392637,0.0936145432888955,0.1459941610625937,0.0814852025648335,1.139859567528224,0.0648086330792278,0.1650464990388296,0.0635384154823797,0.0265329756747023,0.1029397097295146,0.0536051188693811,0.0352724965675086,0.0498362740838812,0.035273261755792,0.0487762400582282,0.0212686414836322,0.039069068267508,0.0954916730168484,0.0452606085731534,0.04687392680483,0.0151546183973275,0.0360698314359985,0.0480231086464926
235,168,95,0.0003597121241391,-0.0481606115245462,0.0019793606712214,0.0018181666411633,-0.0221858631703703,-0.0748234065301344,-0.0028216116103043,0.0155095252337885,-0.009586393368858,0.0083863600960024,-0.0325686171228337,-0.3111336600339794,-0.0090993731288783,-0.029847580290714,-0.0126311164996311,0.0013937909776072,-0.0219661197222999,-0.0056827342030302,-0.0041694913182074,-0.0112250779185844,-0.0051025452231085,-0.0015125332932319,-0.0075349641089601,-0.00927118638533,-0.0213039359579542,-0.0157861874426992,-0.0062014013596735,-0.0102231496208816,-0.0067377969549992,0.0036001310355899,0.0014545562083162,0.3379272033285198,0.1024909205232446,0.0114362026875966,0.0752936841420707,0.4030491349216591,0.0101146414880602,0.1299637141343747,0.1296860771273346,0.1893093353652271,0.0944156980642771,1.1742918395132338,0.0414812343086989,0.1328443580402811,0.0635685925993262,0.0230742275601847,0.0535125231044462,0.0462196135928784,0.0271191887206415,0.0255712443349256,0.0305771994408861,0.0259177100457122,0.0343066456714759,0.0230253518583106,0.0718275629307825,0.0921457068233741,0.0244978689342208,0.0240809737947489,0.02438744280325,0.0290622450403025
236,161,102,0.000308518002466,-0.1339063437481579,-0.0421688610509052,-0.0016888603463669,-0.0023004618602221,0.006535961011465,-0.0028300369577623,0.01395027790848,-0.0558402614185877,-0.020949712535564,-0.0090438584548082,-0.3380802165801624,0.0014465836488556,-0.0216240610920244,-0.0191026626224369,-0.017973634288489,-0.040920422144612,0.0009313813080938,-0.0047718506234559,-0.006042347385308,-0.0029411698411543,-0.000751858212595,-0.0021542114569797,-0.0029667969656272,-0.0112097825938613,-0.0111778892151194,-0.0021187110720905,-0.0029014815581442,-0.0031195484882571,-0.005278771431384,0.0086002644478566,0.4791290261616936,0.2862376148115265,0.0298870367242139,0.0639748259773449,0.0417385484824424,0.0132991305806478,0.0843104273786324,0.2297514013248712,0.072007280984717,0.0960246204830463,1.2203200693697778,0.030336944882368,0.1315113395108478,0.0606820869630391,0.0671421991658121,0.1537415480624674,0.053371650721203,0.0521078675766345,0.0260973128629995,0.0267832950276712,0.0315831375558207,0.0357298130653899,0.0249328809570525,0.1016268505677682,0.0354661936373591,0.0369014900829531,0.0452151524700169,0.0276378557860244,0.0426294905555233
237,172,91,0.009986485454137,-0.1591654377148384,-0.0216623098300359,0.0012777095225266,-0.0076548153527202,0.0094165623990282,-0.0026814085039338,-0.0334759479062115,-0.0126048026921095,-0.003562512901266,-0.0044990125508729,-0.2747273874522816,8.072593472243968e-05,-0.0012793597061987,-0.0039373122883515,7.49518919838184e-05,-0.0057341422546109,0.0025869958435957,-0.0005488014072988,-0.0057598015604134,-0.0155080271671126,-0.010997348152288,-0.000778757383166,-0.0050428741512133,0.0015225840781342,-0.0072683602189095,-0.000879869218094,-0.0044646428127441,0.0005052448855544,-0.0137084760065157,0.1175572792796039,0.4933504845292716,0.1027929490405989,0.0309449847474585,0.0906572042953168,0.0473645333038167,0.0136820373893981,0.174104310266749,0.1940312292202279,0.0945362006714674,0.1025810682455929,1.3046508937986203,0.0283958095750585,0.0518485218994428,0.0272932462290125,0.0192536525299073,0.0346273174286423,0.0455635176831394,0.0196190521567602,0.0280525644321206,0.0507723796966813,0.0394633958926554,0.0401278606139013,0.0319116664900869,0.1175805026647463,0.0441817763730384,0.0234615047351886,0.023278762744237,0.0466396936492059,0.0309707491344079
238,166,97,-0.0001443655713833,-0.2311870322185636,-0.0359138143674745,0.0052198367812938,-0.0112151971540294,-0.0538967888612454,-0.0214171009929596,-0.0570915222722603,-0.017715200212503,-0.0038756793566439,-0.0206277704579874,-0.551066727587003,-0.0052846760163618,-0.0362457916176942,-0.0138611821104298,-0.0055808327263859,-0.0477297094393702,-0.0185184515207267,-0.0055851436399119,-0.01134074959294,0.0004947977609189,-0.0027197013585316,-0.0058145973875739,-0.0171381850055712,-0.0181670116399935,-0.0165426355018385,-0.0136642143926968,-0.0012766702214636,-0.0113307473107756,0.0004420096669762,0.0014096164871254,0.5509631637948521,0.13722591855631,0.0287406734034676,0.0683958315461353,0.2875009774076255,0.0647982316522535,0.2330440152902165,0.1794649977637019,0.1138577561322581,0.0900336160009061,1.446343732338468,0.0386846229283475,0.1411488065704204,0.0526729351976469,0.0243988951531749,0.1342104213714857,0.0616888851578334,0.0341032663119603,0.0291656944289028,0.0199389052787557,0.0223679828407822,0.0313954076864707,0.0402177981411767,0.0498534396593287,0.0722401147312644,0.0290969339523041,0.0130919775692958,0.028196991915199,0.0237711270977881
239,176,87,-0.0103121358656668,-0.1010943392810332,-0.0293903418463016,0.0018323401484154,-0.0203665714367265,-0.0167903234544502,-0.0010350266103395,-0.0008915186925048,-0.0013415072668899,0.0240887619749848,-0.0175560279125474,-0.3699101518286501,0.0012605729586095,-0.0462504208608907,-0.0076947266709446,-0.0080621894065723,-0.0083802715196324,0.0108381242004737,-2.483254217027109e-05,-0.010259200413492,-0.003071992422139,-0.0023179674108218,-0.0030957459415298,-0.0038143337055397,-0.0049200398091863,-0.0075085540443173,-0.0029883942808604,0.0012115988320711,-0.0112669009777956,-0.007618962064052,0.0400293724503707,0.3790305916157731,0.1097398242180296,0.0248279656673775,0.0828188418588244,0.1074972076908132,0.0138298553721172,0.4386347696209365,0.1131315895491538,0.1667424965748853,0.0941574574884542,1.3836960813589825,0.0228359278839306,0.1503853679131186,0.0538182697970862,0.0416042082119592,0.0452482055965784,0.0698270582585487,0.0281993039778478,0.0397595181332767,0.0329683657207204,0.0197451550323131,0.028931716011523,0.0229234083549438,0.0497168293320469,0.0438042482527133,0.0398628783807602,0.0383506515864008,0.0307971196181565,0.0465227941368929
240,171,92,0.0023458465969018,-0.0912850997067626,-0.0195869571163504,-0.0014233221414256,-0.023899415200664,-0.0663087559305384,-0.1117217456971736,0.0064171917526395,-0.0068067169484336,-0.0084154294836016,-0.0022782961187829,-0.4249389522099413,-0.0009244044222419,-0.0165030052423713,-0.0071568326052617,-0.0057006620244693,-0.013227014155055,-0.0160806204667846,-0.0096827646958413,-0.0027540631773238,-0.0039238154297743,-0.003601562020982,-0.0058335065986649,-0.0093784695939091,-0.015339407227679,-0.0097215973282041,-0.0041957602330026,2.2736592964977064e-05,-0.0027242126922319,0.0011550735320122,0.0244812869069608,0.3366117399661552,0.1766550722258947,0.0092981095498418,0.1603248549156515,0.1167189790942073,0.2206427493571187,0.087557913976138,0.20008953712092,0.0850580728253785,0.0838184687602502,1.1453765697528675,0.0404400403985851,0.1920034666566708,0.0267080171645053,0.0329972374581559,0.0736882771357326,0.0402343066072606,0.0348389491567889,0.0252546535461434,0.0318940499259276,0.0373022645327581,0.0271287025672446,0.032195743529233,0.0621473454727331,0.0609494865945737,0.016565951983892,0.0096142708754613,0.0292619238382722,0.0324909549296674
241,168,95,-0.0250361999118108,-0.0133912505407881,-0.0186397088454652,0.0032406410671681,-0.0100297094199439,-0.0319525717456289,-0.0145128098339158,-0.0035253747212259,-0.0026905398007189,-0.0156764779808727,-0.0193482385941891,-0.4185159638512931,-0.0052429545329807,-0.0440342878947661,-0.0029518304088279,-0.0067499302301999,-0.0238737219954742,-0.0106491170727453,-0.0117202824918962,-0.0153828466519066,-0.003784819760727,-0.0031266704768644,-0.0083826983292015,-0.0049755280887285,-0.0066794639315418,-0.021456957654415,-0.0077398823968315,-0.006773650401737,-0.0023041749732761,0.0033063984840034,0.0405244352497669,0.2397372029763954,0.2557955746357589,0.0101960688740399,0.0613172255688569,0.0794037213040852,0.0452801279486332,0.205970546857812,0.093934017695177,0.0486947818360286,0.1057953044064715,1.2051619755630614,0.0277824611863026,0.1222975780743099,0.0427360145906945,0.0634146038291137,0.0831361322366149,0.1316978708136112,0.0325013691302452,0.0379391838311847,0.0254415651724641,0.0285779579268645,0.0406983415116535,0.0436079105548697,0.0507231307434696,0.0718743672440704,0.0303784826680085,0.0318034151934819,0.0296701459443083,0.0411626430029673
242,166,97,-0.0290908153907112,-0.045111252481878,-0.009299885792772,0.0040963205513281,0.0085255463502307,-0.009969854406637,-0.0339964578644494,-0.0177100627559032,-0.0250061804987796,-0.023486373331021,-0.0019408041410253,-0.3862442872694238,-0.0094968805657286,-0.0204040840400037,-0.0046684932078448,-0.0067482248961884,-0.0369189681035092,-0.0201322869274524,-0.008572000254047,-0.0051136769284523,-0.0055758955019926,-0.0062415588578973,-0.0099105973756303,-0.0053175086059386,-0.0266065686245504,-0.0173643997073526,-0.0096648369637603,-0.0032426729434236,-0.0067118797163159,-0.0126710609436253,0.0673016508633168,0.2606697452434536,0.0684219145322655,0.0102627523864834,0.0944400790445492,0.0425892056235616,0.0615595027137704,0.2099203001848543,0.1437195578602389,0.1205222729373517,0.1532588384165099,1.177832763529326,0.0306361928393909,0.0913424572269892,0.0261864050455921,0.0298763357347761,0.1055735837424761,0.1073643907460479,0.0268454708494154,0.0323649008560699,0.0273558144622391,0.0197691460653079,0.0280440214378611,0.0253209319717105,0.0837419625622572,0.0730794842252061,0.0226206775920162,0.0272969986714276,0.0241968267912054,0.0386080664869681
243,164,99,0.0036212161388996,-0.050730014506948,-0.0337896841926887,-0.0034699994968112,-0.0224983079121199,-0.018714098345162,-0.0099720488080939,-0.004042619879034,-0.0090428791118938,-0.0269364589852041,-0.0239212912529869,-0.3147352111979528,-0.0125503183412324,-0.0035270407291709,-0.0095915426034032,-0.0115029974258297,-0.0460752289446993,-0.0086081661965624,0.0026030750812635,-0.0120077970807265,-0.0116622538339851,-0.009843051016223,-0.0172266026069927,-0.0027385599453303,-0.0339293942564392,-0.0125181612271912,-0.0002892172674242,-0.0012732775148672,-0.0111576701873588,-0.0138251083315903,0.0275916237689847,0.2886106553534784,0.164181468645565,0.0059762475259505,0.1037678371388748,0.0809836640175131,0.0470983756927839,0.3058941682864498,0.069462242614256,0.0917545509234233,0.1863803161953443,1.289292926939201,0.0242606244149163,0.111737775525651,0.0457332325214821,0.0228529574059428,0.2134882060190831,0.0971007931306332,0.0336746966175865,0.0409856563469637,0.0259062478860347,0.0246275524091857,0.0380618528886595,0.0292256994026122,0.0927213270249605,0.0437089768411538,0.0339966601156178,0.0239773837582518,0.0336038562545379,0.0197491721362188
244,164,99,-0.0240530324412851,-0.168062698156774,-0.0352413342093948,0.0015223173075469,-0.0135668900261568,-0.0077745950461932,-0.0021402236707073,-0.0445526527455118,-0.0160828995396694,-0.0024037019796157,-0.0157741646407665,-0.2648469715192973,-0.0026440683914804,-0.0148402511102682,-0.0201984492150676,-0.0120410417662781,-0.0204679425150738,0.0046215822992488,-0.0157463247434696,-0.0108022888535312,-0.0081566136169025,-0.0103116896816046,-0.0094114416926012,-0.0126489598464979,-0.0409231622398924,-0.0076201495911037,-0.0110210630345419,-0.002348655542383,-0.006701366398084,-0.0167579658259998,0.0503125163846243,0.4394297616960511,0.1885843033255436,0.0108795440577377,0.0800059702089397,0.0825419423341539,0.0186163718016879,0.1736372078364417,0.100895300026561,0.1663811601036258,0.0961558518712472,1.2053807115434083,0.0172313557280567,0.0898341077142059,0.0492574666293063,0.0344519202078226,0.0821855672356603,0.0469209182010814,0.0395204477644151,0.053616122005261,0.0372236156801044,0.0301203638948117,0.0328567368804365,0.0474780136845656,0.0798173253161297,0.0523799024473869,0.0552516018711584,0.0225266229220052,0.0321786840671284,0.035390028756276
245,163,100,0.0270429848806328,-0.0284689817765309,0.0125885340913967,-0.0134130129306153,-0.0167192278941057,-0.0104532768526239,-8.314805217292338e-05,-0.0264290319796803,0.0005612837137492,-0.0369500243898453,-0.0391949683191848,-0.2874818174832702,-0.0020255476005654,-0.0330039652700778,-0.0125504780968274,-0.0068046510363604,-0.0195449613427882,-0.0153781262435072,-0.0076405122857331,-0.0046517554083721,-0.0093002653386266,-0.0072952827574976,-0.006790816133194,-0.0026173944643809,-0.0191969888642023,-0.017725512338095,-0.0051494633255735,-0.0044299122705027,-0.0211260301870626,-0.0108338224612989,0.1571067882366125,0.2810581245118446,0.1124820942544868,0.0304545479886834,0.3085644290017288,0.067170284903154,0.0075419190974134,0.1305994200732439,0.1567817813688171,0.1160661107022873,0.1711165798432477,1.139602620655524,0.0277916082659168,0.0973727784109419,0.0704623664180551,0.0332395963519027,0.0434691071018283,0.1023448661924075,0.0844618938145781,0.0402159540471345,0.0258421931461039,0.0224953232098579,0.0384696918092395,0.0244887482355647,0.0606115431518803,0.0576163772283398,0.0279974672912572,0.0334599757223014,0.0498766881020043,0.0401222621719946
246,171,92,0.0015426098512882,-0.0810005659891884,-0.0199196572961197,0.0035924611385776,-0.0035402052123033,-0.0103915971848481,-0.0002635226450805,-0.0500308903053121,-0.0624587132483514,-0.0153444516680952,-0.0045509222159805,-0.4531042398221383,-0.0129692714848897,-0.0587923187464607,-0.0086598467770851,-0.0064282451781684,-0.0054383107295797,-0.0112124801436707,-0.002266176941949,-0.0051030524947541,-0.0032509724278679,-0.0079024873020627,-0.005472047518319,-0.003502357854423,-0.0221098757790836,-0.0105271110070798,-0.0031430260594209,-0.0014940032699295,-0.0046636364607528,-0.0026735316575164,0.086958270472558,0.3385360774565029,0.1180021051929687,0.0277183307787819,0.0617451898732039,0.1669818224213471,0.0037768790552742,0.2266319067182489,0.2515604450142714,0.1218993620266725,0.1000388479001947,1.3748740276042342,0.0305409537285322,0.13865517716213,0.0420105222808942,0.0406409663491802,0.0546674217030593,0.0442833098393201,0.0172969630234578,0.0332263416588394,0.0165179226858196,0.0327279454340909,0.0282768313031001,0.029857684572276,0.0764545348150671,0.0255128512900414,0.0289812123213376,0.0145495933275673,0.0260437331265946,0.0504933611603212
247,164,99,-0.0002626048373115,-0.1132852012519959,-0.0171738311951689,-0.0104442482185549,0.0007607323465003,-0.0058760024595646,-0.0001658572371478,0.017318518627676,-0.0788824688511023,-0.0096123300629385,-0.0126226182345921,-0.3025191712287901,-0.0138857048408791,-0.0305408704743483,-0.0011048267294909,-0.0002519462853118,-0.0331009239051476,-0.0146758709484608,-0.0116145801984232,-0.0050541462059667,0.0021621155426833,-0.0033353791223914,-0.0017850598124789,-0.006601444724707,-0.0077049820275099,-0.0086759890206196,-0.0043237790564853,-0.0012809829203006,0.0012812753656239,-0.0002824144293393,0.0007952589831695,0.4283705052585941,0.1675826765735163,0.0502006725054266,0.040212614874961,0.127720463403718,0.0172342313090297,0.3462134459690925,0.2422339134693734,0.1142708971085067,0.1735325350067175,1.5449561922592905,0.0548744933002207,0.2028849546770033,0.0281245093346369,0.0268358981502604,0.1029240072318195,0.0348351196007713,0.0295011883472465,0.0234111674558922,0.0242816952931815,0.0236398951043566,0.0240511674002201,0.0219857574418124,0.1246917522827326,0.0472030471135742,0.0281949905290597,0.0225148881314627,0.0325651186175462,0.0373713087483556
248,165,98,0.0037195864421205,-0.0856410748918229,-0.0065059668263148,-0.0066163466366437,-0.0033823692612288,-0.0127928999075449,-0.0046813489568075,-0.0818456348492973,-0.0407003218214905,-0.0050993966870211,0.0031642159602614,-0.3061840317499375,-0.0033759551397792,-0.0514287218045012,-0.0121928176847235,-0.0117380800018648,-0.0205014389530478,-0.0141339662569559,-0.0004480316882503,-0.0085877044251629,-0.0092991981015307,-0.003229225668874,-0.006561084931254,-0.0029609738090467,-0.0254569372802567,-0.012374750026478,-0.0019641186927288,0.00066298535253,-0.0098341872762745,-0.0125677405436989,0.0383961536067356,0.3266173857558396,0.1811844288936407,0.0153864285373367,0.086764617517712,0.1326205449171149,0.0287238850737878,0.4342159632967375,0.1668035017932066,0.0458171791639375,0.1424117847489149,1.3390039491669634,0.0357820442595338,0.1374762030686847,0.0651632851736838,0.0348755530425338,0.0775568901453215,0.0696195773047307,0.02496194865282,0.0330538305202399,0.0356334142870077,0.0355596060653325,0.0390452440603251,0.0196908553597526,0.0753795539535035,0.0474771036074669,0.0335298023477362,0.030576522015543,0.0324500388829395,0.0458354787372134
249,161,102,-0.0117310952062215,-0.010853362693039,0.0017726209968439,0.0056137652563688,-0.0170358569390468,-0.0185198794251441,-0.0048847680967656,0.0087988596561162,-0.0432515280119117,0.005848467224045,-0.0063015915294751,-0.5070702250382563,-0.0075477746603696,-0.0366770540064695,-0.0109342002352119,-0.0194757321310082,-0.0515318915409913,-0.0059864299211453,-0.0066906043518392,-0.0039010053339056,-0.0030385960945192,-0.0132909106011011,-0.0123813561234287,-0.0140593848381961,-0.0137148182441015,0.0006095461867728,-0.0079844305879494,-0.0064496402951394,-0.0084540242598228,-0.0214381522992216,0.0698597709546436,0.2428517639467843,0.125909596535312,0.0302044601694652,0.0343021277114804,0.0876052952859991,0.0181793832087607,0.1445690791964736,0.1859838988688127,0.1479041223447398,0.090987465852771,1.3947420998069635,0.0333611234084483,0.1172877054955461,0.0506609809457089,0.0545977957479044,0.1444744379164772,0.091194536717742,0.0254703079064835,0.0273830689079823,0.0308099109642724,0.0424796457171156,0.026745501828604,0.0424441590067293,0.0605746837378923,0.0267044034641409,0.0206996103424678,0.0308681768574442,0.030859730171622,0.0561737763646142
250,160,103,-0.0189219537873148,-0.0969019310704153,-0.0051504206274577,0.0038347388251201,-0.005359708279948,-0.0394426688576593,0.0048384924827083,-0.0140394407854552,-0.0060771249436158,-0.0152992997883105,-0.0508531825659283,-0.351510189533767,-0.0143967275452712,-0.0290428919733488,0.0049840583171175,-0.0035501299726485,-0.045280836914237,0.0076601031749582,-0.013120664231584,0.0021372515469835,-0.0069385053071636,-0.0062272203322036,-0.0020891461397077,-0.0067780223443681,-0.0147740684068515,-0.0040227199005875,-0.0039075894050621,-0.0020002413958247,-0.0016806213659641,-0.0068301029085999,0.0861464815676714,0.416921189861944,0.1036939521989172,0.0118392253628804,0.0476632634677278,0.5166246954673389,0.0166568934786272,0.1536031763274205,0.2562496629553682,0.0452024720513834,0.1846497235149632,1.3839162379672738,0.0266956665997563,0.2043461556066143,0.0393962514805171,0.0725818818204113,0.1770715245760578,0.0417622232980212,0.0326274835110144,0.0512004801919317,0.0341280507593434,0.0289125340286405,0.0246028290714545,0.0357065891246896,0.0612828794073952,0.0172148864819156,0.0471038615775436,0.0250840861415108,0.0198942422251793,0.0343274899305456
251,175,88,-0.0010636333462944,-0.0548678655832333,-0.015178213420972,-0.0013655799932869,0.006671635053262,-0.0170002536559059,0.0043770524412706,-0.0320324150985217,-0.0090121632097293,-0.0127436287945185,-0.046965159682197,-0.2580983614551863,-0.0123156154625036,-0.0225951641648429,-0.0185642027752473,-0.0011220242306256,-0.0811140246217466,-0.0029797147979237,-0.0003988891516107,-0.014170167456309,0.0023718421051396,-0.0032547789533141,-0.0037638961860339,-0.0111414953171041,-0.0102100871391396,-0.0144797966361101,-0.0142750467160351,-0.0027829812359528,-0.0044309502555465,-0.0075168464242403,0.0064468669960027,0.2126582562407704,0.2107797389870107,0.0070190207543246,0.0495681560436618,0.126064669557277,0.0303932470101832,0.0946134167654554,0.1308817679023387,0.0686622698626955,0.189617913206205,1.052384210864675,0.0414265021844251,0.1024966835348269,0.0605184006629021,0.0738598175201623,0.1776231791044051,0.0331337275395402,0.024280038905932,0.0329000812360008,0.031929196511296,0.0282651565019956,0.0250650509349818,0.0472699400714186,0.0662807653683461,0.0564190606170569,0.0389582150132418,0.0146101920501006,0.0242605061628647,0.0423002749467065
252,157,106,0.0002336857500829,-0.1374906224671495,-0.0322990498249539,-0.0388449243066609,-0.0232667317981879,-0.0226408196066764,-0.0234710674047402,0.0028000106056785,-0.047757440034946,-0.0096611529959929,0.006763090009096,-0.3197449082035996,-0.0108665326388008,-0.1116088082634189,-0.0259574389303534,-0.0141366280743075,-0.0141502484295711,3.345790180901065e-05,-0.0472645806790858,-0.0064726013224414,-0.0064345603401053,-0.0275735879733376,-0.0107303486672549,-0.0141768262975629,-0.0431667549278759,-0.0124912000735034,-0.0434743156070903,-0.0319584656408568,-0.0037665373196117,-0.0239078258445419,0.0067356868933515,0.4499004805029085,0.2464965159997801,0.0869382206253137,0.0971812889354972,0.0724958369650998,0.0384828496989722,0.092652230519972,0.3066052117384611,0.0339473406080132,0.0993635132884609,1.3095219433241152,0.0308948880681127,0.2214049195980448,0.0641011361115906,0.0671391727400984,0.0737052142074784,0.0610421621227057,0.0783969070241377,0.0407249316099772,0.0229037772827995,0.0388949842845267,0.0373802485087043,0.0441830648176847,0.1624716291966056,0.0378485169304882,0.0700440730579504,0.0603973439979983,0.0314859278693114,0.0486882169604633
253,163,100,0.0038554924066338,-0.0283264810276515,-0.0151747813665967,-0.0094994179081984,0.0020635635859604,-0.0236682861429497,-0.0037686071928571,-0.0101849495652969,0.0006115609162051,-0.0187941574863705,0.0094611690283116,-0.3680913650512905,0.0047775744704445,-0.014797594964184,-0.0035707105468261,0.0022166792416751,-0.0102758963257149,0.0053815521728408,-0.0014425827863435,-0.002642214951288,-0.0073809657343235,-0.0010834708427551,-0.0078161133375795,-0.0081612541635934,-0.0117044652819455,-0.0077571489155618,-0.0012020726637307,0.0037342403959772,-0.0069083456790173,0.0023756027791216,0.0282580673758633,0.2548528790100424,0.1490968535688166,0.0332105973155968,0.0857901543832675,0.0668592628142395,0.0095682732661546,0.1951928738637588,0.1400141513353592,0.1192493858713631,0.1481984566386098,1.359443485773712,0.0167014129658456,0.1974560001446209,0.0428541359515219,0.051698391246031,0.0825137311786704,0.0385716585904335,0.0238602120128936,0.0281971916541263,0.026056169448034,0.0187819228101828,0.0276324003110459,0.0259388162693022,0.0784072383227223,0.0351915547626596,0.0224537589370507,0.0244838304345909,0.0272816019373888,0.0768604896148516
254,165,98,0.0074457528312314,-0.1172007306527595,-0.011295986673351,-0.0036467363512919,-0.0082827724551522,-0.0142467786405429,-0.017635593041134,-0.0184902869091264,-0.0243862737029983,0.0121934985182045,-0.0051053300031169,-0.325522279624653,-0.006553572230083,0.0091161064615675,-0.0040885267437775,-0.0051228790724672,-0.0697190665996126,-0.0082894698354284,-0.0159989354395642,-0.0006764584279492,-0.0105763164848938,-0.0072173558482732,-0.0091214970060367,-0.003765174442232,-0.0278924203862218,-0.0111712357921719,-0.0031161961559229,-0.0062808358127445,0.00561288668341,-0.0014089198694804,0.0234319388317505,0.375308668121424,0.1749899192818945,0.0188216272716834,0.1026170920640798,0.0674202896937989,0.0387040085682377,0.2180514516475016,0.0917006302730195,0.1208905300972065,0.1275785493609675,1.3563443805146804,0.0333958596936732,0.1009633040094347,0.0500130762408422,0.0433929010355344,0.1506296364681012,0.0512128729068231,0.0577178258324545,0.0173907517843896,0.0317787265351613,0.0308956371774647,0.0368708807888239,0.0156826580764122,0.1025356034187304,0.0439639228070133,0.0376623987698983,0.0307746715975729,0.0265988154432345,0.0307602699779386
255,164,99,-0.0198063770603049,-0.0430844235252646,-0.0109623593292249,-0.0090374396520684,-0.000644912936433,-0.0614962217236041,-0.0168692992083536,-0.0470117616778217,-0.0071735895646823,-0.0015050587584981,-0.0462118815844581,-0.529948215471437,-0.0193459927569761,-0.0243097095848463,-0.0171099152492052,-0.0112104584107911,-0.0255498193371332,-0.0255323702916608,-0.0273166257280023,-0.0125743482020067,-0.0156835853619722,-0.0211054550360573,-0.0085256839763627,-0.0085606067934399,-0.0353520627612267,-0.0139167255201696,-0.0124810104232841,-0.0042657852571899,-0.0087768199384492,-0.0119884891534935,0.0914297990918222,0.2715434096814313,0.0923583134346005,0.0331155645694204,0.0801363728354763,0.3396750030067866,0.037367586955761,0.1539870001460465,0.1696015292032797,0.1380547769095624,0.0923731167466289,1.3540435297364048,0.0407307927755286,0.2134146689128676,0.0429641244637035,0.0639491969233824,0.0670166394213675,0.0632972988981899,0.0506958120110914,0.0527970004880672,0.0321625045757321,0.0420489800760353,0.0242467615993934,0.0258607127988666,0.1002610762074989,0.0407797403436001,0.0271226336798714,0.0198065860392832,0.0513914618830267,0.0481331457179409
256,164,99,-0.0020960029878058,-0.1303206431753099,0.0008119147670717,0.0002557149537305,-0.0032814600047017,0.0059988581798136,-0.0014050346767432,-0.1211155453594897,-0.0090017833718054,-0.0228111174914481,-0.0306896275078291,-0.2391952417095124,-0.0063892729173343,-0.032035319273001,-0.0105894210702454,-0.0061974539532294,-0.0496068943328633,-0.0064309948456635,-0.0122370622072634,-0.0039804230007155,-0.0134411317890807,-0.0013072736213108,-0.0163905018321378,3.8303643403037305e-05,-0.0541679393498238,-0.0108896752316506,-0.0125256417494556,-0.0072281109081885,-0.0116529556451498,-0.0081342563463246,0.0210809494633037,0.4468132300860329,0.0887499348054039,0.0037316087118974,0.0311679480057255,0.134334446267671,0.0265164936472158,0.3768603297705832,0.0765283882005782,0.1280737202346139,0.1029106277538469,1.1658757524554102,0.0338395651487587,0.1664235862534682,0.0708051241867872,0.0431055985161943,0.1266215686950609,0.0325238233724802,0.040144478858471,0.0556371485358334,0.0459978275858582,0.0306276715004868,0.0320382249109611,0.0224626088275535,0.1313773744872851,0.0452343555371815,0.0457619558884761,0.0215417663876354,0.0330243866040482,0.0566204154708888
257,170,93,0.0027876643063132,0.0027936203582659,-0.0040052314308716,-0.0003157494428446,-0.0065481165531716,-0.0113103824410807,-0.0413761392200258,-0.0445742812425643,-0.0903539752515623,-0.0287600293152406,-0.0221027273925074,-0.4774928308762945,-0.0120250730561372,-0.0180530383191688,-0.0190134592919133,-0.0158796873251424,-0.0085527610216447,-0.0253951814610854,-0.0093377903574859,-0.0061596491991702,-0.0231534109505462,-0.0090794263001471,-0.0055096759842928,-0.0031554131054379,-0.0161165940864665,-0.01172102663273,-0.0096946693006813,-0.0033028264102291,-0.008930831783929,-0.0046238592246281,0.0150162946352022,0.2016116144135608,0.147394338159592,0.0055465743363591,0.0602012999916309,0.0751128742143992,0.0821169477890556,0.1411709708372911,0.2749506111527067,0.0793349936209527,0.0986105446939707,1.4279867485324176,0.0540489649295007,0.1535516380605,0.0720815318555826,0.0689403217220725,0.0542766543623631,0.075817273988977,0.0210471334237696,0.0268349448427966,0.0553671835516454,0.041024286766565,0.0321641017642593,0.0208286957927666,0.0541774729656854,0.0349372257496977,0.0381029504134704,0.0171569228512795,0.0368585893680522,0.0415170555013882
258,160,103,-0.0271209422949112,-0.0459333786901921,-0.0003740360730628,-0.0014504136432385,-0.0684056415271305,-0.0086567856381254,0.0149441652080412,-0.0299615684699489,0.01625404666383,-0.0009289662248953,-0.0079055208680041,-0.2977834807620917,-0.0044614100814999,-0.0331345583873826,-0.0146768554032785,-0.0081199315762511,-0.0170160298157292,-0.0116688963842356,-0.0262099744560117,-0.0086760755047458,-0.0087054345831932,-0.0127575591776709,-0.00235900611048,-0.0150668934217492,0.0070257986629447,-0.0216207491541454,-0.0037150475190194,-0.0053330918133289,-0.008933812590418,-0.0025346724875313,0.0728410124775249,0.307990275472119,0.0744673345804322,0.0123131597735507,0.0967073958459114,0.0619629840216766,0.0653705721959899,0.0971565724006136,0.2275588913276428,0.1851481095801752,0.095113334710528,1.0810168896403125,0.018700264773411,0.106970763148818,0.0553815495533634,0.0243340301986706,0.1333568903111339,0.0428330380495134,0.0402355924466747,0.0240186789004002,0.0207106501774298,0.0347377264604345,0.0216299167862734,0.0339588064601299,0.0586588191201287,0.0470273973308233,0.0185856250195873,0.0134332836607911,0.0180726042244134,0.0341551835331656
259,149,114,-0.0009508357602382,-0.1558264981166152,-0.0322898811794949,-0.0030342817419952,-0.0524973030608844,-0.0753848528283,-0.0073956302037583,0.0105826880394008,-0.0147909157138358,0.0053199228510512,-0.0321254441723062,-0.2571364124753479,0.0019776645864733,-0.0111697075422598,-0.012289997532946,-0.0093043261028218,-0.031296482079241,-0.0050100039222357,-0.0092541889220812,-0.0044168175084571,-0.0057716202959509,-0.001325446110281,-0.0051645330868462,-0.0087385381821058,-0.0160517317645186,-0.0031016687064888,-0.0146528948779003,-0.0013262420648845,-0.0014500281366408,-0.0088779194409527,0.0052398275149191,0.4381749669109862,0.331724732574078,0.0186115483280847,0.2002152284619611,0.229023466864845,0.0341097662969517,0.1214955527661242,0.1657498628002423,0.1318382431621382,0.1645123196222432,1.3087832294172983,0.0416888442587379,0.143347106863542,0.0312085583316637,0.0551156509663597,0.076867169774819,0.034482092237579,0.029945938862744,0.0399014270179353,0.024151710999053,0.0283498238943515,0.0253251397713735,0.040625313736123,0.0482273730166496,0.0232391347123446,0.0416884331927351,0.0146151646677325,0.0283349704969182,0.0339512296486031
260,179,84,0.006117629842372,-0.0622424909011336,-0.0334715489051155,-0.0018763874503698,0.0123079492493232,-0.0336280389364023,-0.007041218506435,-0.005970086397193,0.0164610688177467,-0.0349860318836657,0.0115661133590382,-0.4266451378608115,-0.0026098842942394,0.0087800387419663,0.0035253181072744,-0.0053607074520834,-0.0011320016153625,-0.0027015431205653,-0.0099103908656919,-0.0062566598019375,-0.0011700065288029,-0.0079732174656347,-0.0029145150905247,-0.0009443247285834,0.0016935566041152,-0.0052391030787259,-0.0077128793473273,-0.0069233119370871,-0.0049092014905055,-0.0103128408391211,0.0555614723869921,0.2715143215419848,0.1942876816771059,0.0128236321570588,0.139531577168616,0.1004099686141666,0.0302102321743304,0.0598292935928144,0.0888800378481265,0.1088178736287902,0.056614614599679,1.0984899352435584,0.0303357677175046,0.0824362683016387,0.0605310711039413,0.0716716022218426,0.0900573820239103,0.0381370842870545,0.0314556724578717,0.0346807117910987,0.0313232840680859,0.0238593670416055,0.0183493256444624,0.0249730258231466,0.0413203932971076,0.0290426934201001,0.0287298367537419,0.03770167378789,0.0206971930119229,0.0486265302245998
261,178,85,-0.0043986260023541,-0.1482669785581677,-0.0544772328476355,-0.0030544719240444,0.007027253498543,-0.0056878152721006,0.0017410068472304,-0.0196556990687907,-0.0554126550785043,-0.0266682350863754,0.0052813913885117,-0.2270372150730243,-0.0048052764493793,-0.0323719461704291,-0.0196243623524478,-0.0004733539845449,-0.0185451475885169,-0.0052400532520617,0.0018257673788899,-0.0004185484738934,-0.0099411170370627,-0.0034946672302956,0.0063582997304709,-0.0109511188803448,-0.0188039382640551,-0.0141092037174683,-0.0057574719104842,0.0033269828092949,-0.0035714619708796,-0.0100595418853109,0.1121043719399597,0.3865765555360762,0.2018837123905185,0.0287388934431726,0.0722045206930658,0.0800255940557607,0.0175859564594376,0.23775782967168,0.2420781258461983,0.1493252011317704,0.1093148393234762,1.1134410377956288,0.0313364454366251,0.1371517564804144,0.0625368348137175,0.0471239230448106,0.0808699919512032,0.0495841120283298,0.0322621702880871,0.0292184639140475,0.03284875279623,0.0169247758168632,0.0248137356107976,0.0257696499745486,0.0630809963055106,0.0407762986522612,0.0267454763214828,0.0319117542564222,0.0260922686545632,0.0425608205980741
262,170,93,5.123744291726021e-05,-0.0241690044798042,-0.0583073916238567,-0.0024164016398553,-0.0712338085868173,-0.0265482265111198,-0.0322869931842811,-0.0303652794873231,-0.0448703188374798,-0.0102096844304403,0.0224355324622202,-0.6915731340433772,0.0009343860020393,-0.0180126723080293,-0.0201857130390721,-0.0104960921528541,-0.0302993484138609,-0.0065143657796649,-0.0052401113311973,-0.0075049389635984,-0.0048107464012518,0.0029882070540766,-0.0080991114586956,-0.0110313553074876,-0.0093127581640637,-0.0077399240313301,-0.0017613595910588,-0.0058001166575101,-0.0131641459377597,-0.0208253860828069,0.0007377423794891,0.2440098781369748,0.3064074924361458,0.0205754065933189,0.270580221518272,0.1203869857569802,0.074675911990629,0.1495457874269686,0.2488389622473455,0.0907206291030803,0.1436063481112349,1.4845572656415158,0.020583509706929,0.0603663853600899,0.0842435793178411,0.0301017292641388,0.0759324274940121,0.0929065897125629,0.034087139576273,0.0330468848242861,0.0344444857024183,0.0222349381570382,0.0262400047211186,0.029110751424386,0.0845632053348374,0.0281897486061838,0.0266945173239603,0.0265587919724631,0.0267546879938748,0.0382260150172181
263,167,96,0.0077089603080745,-0.0476556222594935,-0.0325299762553078,-0.003237150435913,0.0149929777191224,-0.0202112328577016,-0.0113751153944064,-0.0109843480188801,-0.0356365647288667,-0.0245100409776736,-0.0311128426100632,-0.1965878421022219,-0.0203895284360843,-0.0703880917461227,-0.0221843629128676,-0.0072187734457225,-0.0056881734173895,-0.0068724083264866,-0.0111252649531171,0.0041137085796885,0.0004177558128362,-0.0016319457829413,0.0052174435949552,-0.0045592287663191,-0.0256151191537864,-0.0275763227225435,0.0003127720342357,0.0002063930666559,0.0074281728946183,-0.0070922297634377,0.1244552260497506,0.3167127038366814,0.1034220378581709,0.0297362141340161,0.1199595378419073,0.0886504029010409,0.032411209638621,0.1388884123657058,0.209672093206761,0.0398642026530239,0.1320988444918462,1.1819170489968789,0.0354741701936487,0.1849356560599391,0.0628925678350871,0.0315277107900299,0.0739287890832803,0.0439947646861519,0.0391245441238102,0.0303691688065515,0.0227739008713458,0.0216152102007433,0.0193532573215351,0.0171550595901864,0.0817158143618315,0.0628070780630006,0.0297767315454986,0.0218011598918388,0.0301563893567092,0.0386781081725935
264,166,97,0.0006106748568925,-0.0371415394914297,-0.0035505240749013,-0.0090996987988321,-0.0071136812499274,-0.0205965111044644,-0.0012746414942143,-0.0060225848480149,-0.070469816505355,-0.0239460646566842,-0.0121477984209243,-0.4525692236392654,-0.0048170844482617,-0.0131857036802174,-0.0006865670760962,-0.01262580193022,-0.0673022875600568,-0.0057099852333052,-0.0082990696801007,-0.0099321005560385,-0.0045920141543086,-0.0070596279163769,-0.0070419455528484,-0.0100154660280488,-0.0179007869507502,-0.0038013558203091,-0.0026398271651375,-0.0123814283126337,0.0011850391246951,-0.0121640879406185,0.0122982855612698,0.2341641383947582,0.0883981011654617,0.0487049205802412,0.1361203546157763,0.2376665613712583,0.0027694556484827,0.0894642243505506,0.2319628658360758,0.0992610175227372,0.0724546439226133,1.3922369675193431,0.0347076596738528,0.0926232572424417,0.0430789065046964,0.0376310390604308,0.1526092564514879,0.0380148167315914,0.0383504428878316,0.0345817317443255,0.0178952030841557,0.0263304262844281,0.0347467945218853,0.0277764825716106,0.078624111960706,0.0299459322239728,0.0317373233867943,0.0267380948083448,0.0372772477442677,0.0308719790080456
265,155,108,0.0256063828497644,-0.0856893032736296,-0.0434190163749053,-0.0016537400384638,-0.0195701463608913,-0.0853753991758375,-0.0110402141337092,-0.0288259307789608,-0.0356777677207537,-0.0258159774484728,-0.0502174542980748,-0.4495757478377075,-0.006924327167829,-0.0204755998701174,-0.0092845236143275,-0.0293083918076056,-0.0170682524492824,-0.0112827559686167,-0.007239166493639,-0.0122253362192525,-0.0023698564657879,-0.0043429279814607,-0.0086495073094253,-0.0075516703831374,-0.0064863301356977,-0.0135047402016402,-0.0128699128804261,-0.0077210860314882,-0.0139737621993249,-0.0075622917255995,0.111290720449112,0.3216643459413118,0.1005309681895964,0.0043607940152346,0.0749761641587102,0.3604109713697206,0.0409440012500045,0.2399514188068326,0.1654306415537272,0.1494773055659886,0.1765859187306311,1.342835702476645,0.0363790162602882,0.1325883578188227,0.038862807973343,0.068620463531942,0.0801547503180773,0.0550746901678632,0.0385309342293626,0.0276199947259109,0.0355373035694276,0.0299474031122047,0.0382638859134046,0.0306484285993849,0.04968014685428,0.060345820189649,0.0389459254841753,0.0387999385140364,0.0429874205527179,0.0395568010651157
266,175,88,-0.0003145349770305,-0.019355546786005,-0.0096421817390289,-0.0107340601770643,-0.0223586420547189,-0.0119005089027676,-0.0005311419081125,-0.0335601667728687,-0.0187777896847912,-0.0101588024051548,-0.0216773987259765,-0.4048982283567059,-0.0086310403023879,-0.0231019303495772,-0.0130849954488326,-0.0029785887185854,-0.0277259868099109,-0.011601523686227,-0.0014611490256538,-0.0089790821060923,-0.0085598170222138,-0.0066979318477061,-0.0028136634173275,0.0002199748775275,-0.0159807248111613,-0.0046534396352985,-0.0082575404401359,-0.0042870794084355,-0.0105566850616127,0.0053594705652896,0.001382480269316,0.223807082582919,0.0770376214450859,0.0285831817195061,0.1101588771001586,0.099163586304538,0.0145307014674578,0.1781021464332259,0.1555943411453464,0.0780475658310314,0.1153482970375824,1.3002319976684484,0.0182552891827068,0.1441268583575526,0.0386862293827543,0.0388894882038131,0.1233136558030334,0.0874455758989438,0.0222380052334187,0.0327596522375408,0.0224574131117474,0.0160282325732977,0.0294558676143153,0.0217539344545733,0.0703983637456242,0.0187476983852703,0.0274926554889074,0.0133873663784656,0.0259725661370121,0.0393942028289666
267,170,93,7.513024842589542e-05,0.0015353340825694,-0.01005428549728,-0.0191461885852885,-0.0385069699539741,0.0037378524241324,0.0002584974965848,-0.0195278818884241,-0.0129191652356379,0.009987174136611,-0.01542014260552,-0.3443844112101583,-0.0048507309649572,0.0022626551917283,-0.004304755884704,-0.0053854471744097,-0.0179812806354859,-0.0038592316881416,-0.0058189177473529,-0.0097228562447157,-0.0056839341390856,-0.0064371516733499,-0.0151862245524049,-0.0125894018122237,-0.0071132513789582,0.0004095036914289,-0.0089436830041325,-0.0071346746974574,-0.0046099642868854,-0.0081981460515571,0.0006786853664652,0.2801487782798463,0.0968176596690874,0.0598816411929598,0.1676051105493107,0.0635512521392544,0.0967832103266783,0.0945677117218563,0.1321229024966644,0.210343245692924,0.088700727527558,1.3099570401868454,0.0307274954985792,0.0769656073717339,0.0316555057295421,0.0390715171204771,0.0388469357846146,0.0360964552601775,0.0345785719522921,0.0325871753802173,0.0230196286840162,0.0311032033098401,0.0309106820575102,0.0288943278549687,0.0429945721098678,0.0283437378811835,0.0368148449581246,0.0187057053224645,0.0257766419704202,0.0448134050880128
268,153,110,0.0238076438356137,-0.1450338754284184,-0.0108956670245159,-0.0097605658809804,-0.0884932302813534,-0.0152908081498112,-0.0065059122867906,-0.016233080000054,-0.0063491061679806,0.0088440320366445,-0.0129885456424653,-0.4226190442991662,-0.0085549483934562,-0.0496401806084918,0.0022317176412802,-0.01215847646583,-0.0279792912859607,-0.023862043239645,-0.0134356778521489,-0.0016829782325269,-0.0092213956482609,-0.0128802574761167,-0.0082568734773755,-0.0045239593672682,-0.026019205041506,-0.0034450824595412,-0.020608109786039,-0.0063977592413685,-0.0128209355663824,-0.0300501505144904,0.1167700381685741,0.45601700384356,0.1492798472649394,0.0481475478270412,0.1796669559410739,0.0881813013244582,0.0238585322209876,0.3048106554769947,0.132608560646615,0.1076962452891432,0.1822523251920463,1.6274525633089083,0.0387029393907408,0.087902225375777,0.0413678143935361,0.0349062515833497,0.0572376300122545,0.1194954270078917,0.0320104652257699,0.0310600049902622,0.0289828275835248,0.0332861430742404,0.0346365619130855,0.038516167144409,0.0663121105297153,0.021664967500596,0.0399085365983127,0.0211751732106923,0.02970969129494,0.0687527833196578
269,161,102,-0.0047271836053192,-0.0006314661796383,-0.0141212481520001,0.0013325460177335,-0.0214898474010613,-0.0097810234139199,5.289102349004336e-07,0.0110293806395728,0.0334292984823979,0.0036820240451764,-0.008064763736936,-0.2808462220810278,-0.0293544432386268,-0.0684314254623597,-0.0341171290877053,-0.0038799952377278,-0.0185087260824207,-0.0258088580518858,-0.0054626366313889,-0.0070922240581592,-0.02538237590585,-0.0171462337953479,-0.0143360913126813,-0.0115917102781417,-0.0235274176720571,-0.0384953446691687,-0.0222345333761922,-0.030575174060655,-0.0343913552348046,-0.007097862427148,0.0905196117030257,0.1457223946714342,0.1520219074478951,0.0104199022735009,0.0814418548372773,0.0287999758095985,0.0211063008536265,0.194549176290121,0.303003480791751,0.1481521226842784,0.190819546371962,1.1605063521853782,0.0714636905998625,0.1845431047896894,0.0798567781388451,0.0421604583762898,0.0876632597280392,0.0991987349423378,0.0337515277497448,0.0401210729273979,0.0554706202807865,0.0389522250588372,0.0482109006717467,0.0410740192121993,0.0831247680605686,0.0679897406219871,0.0434300147471062,0.0805418263643682,0.0589625107313244,0.034749137057486
270,165,98,-0.0012817864033139,-0.1065802020680096,-0.0156986949201184,-0.0020390139201519,-0.0540244753405295,0.002795523478331,-0.0039471179564511,-0.0248152848326356,-0.0218979489960028,-0.0160032612085394,-0.0047903555438756,-0.1770756080471568,-0.0144338696195047,-0.0085535188058099,-0.0254566749844438,-0.0019945235102618,-0.0424009205164926,-0.01374116959243,-0.0098471144135141,-7.746651211513367e-05,-0.015397750744462,-0.0060298586552087,-0.0154994854056063,-0.0074692541224582,-0.0310484626665377,-0.0071530932456399,-0.0054816772470947,-0.0057268264613081,-0.0102368135121782,-0.0010115824953732,0.0172890751367802,0.3123701249333429,0.1489806677258007,0.0074888474119275,0.1714042533268515,0.1619712580169366,0.0143677939918997,0.1679474971214973,0.2014253136322608,0.1378643242305316,0.0322149229553316,1.220025595288343,0.0407688009205187,0.066692810295512,0.0786528999485736,0.0427018091969506,0.1692260003145598,0.0464569324091958,0.0309640602010798,0.040336347929291,0.0403396692364748,0.0456926697268977,0.0422088259810515,0.0425563427066772,0.0762905501728266,0.0330286239649834,0.0484170550885273,0.0239358900076303,0.0471006733040503,0.0493218187789005
271,167,96,-0.0004279375601716,-0.0902844097329263,-0.0428105654692786,-0.0067315549745362,-0.0189911235567519,-0.0284648465829002,0.0002934359722666,-0.0185489244214325,-0.0189185860823305,-0.0085046555389722,-0.0456461877707789,-0.3522241559764801,-0.0067162562299681,-0.0249774106191757,-0.0260108451401378,-0.0125907333148966,-0.0084536779539585,-0.0267101141448421,-0.0049817045120424,0.0001743964085491,-0.0065780245780808,-0.0049505697463626,-0.0061041198900081,-0.0103225247150366,0.0062084112338208,-0.0095516747765492,-0.0007507568292476,-0.0028646007294679,-0.0059369973414708,-0.0149411876503915,0.0054724678104282,0.4104915102839572,0.1663150910480549,0.0264306653802556,0.0993028414268969,0.1026817684412452,0.0010722967943516,0.0957297252767292,0.1775155087091062,0.0993486590434305,0.2119027997996751,1.3823070275813598,0.0253373423855064,0.0858446972852979,0.0569566810282678,0.0469935236738176,0.0437334099727879,0.0740011210029932,0.0298515614712455,0.0370029563373952,0.0264812207207041,0.0173289833971583,0.0394616148042535,0.0307937357528918,0.0767743944072374,0.0355258336121226,0.0198882208665991,0.0130713070459718,0.0296425191472425,0.0345192232498743
272,164,99,-0.019829361649665,-0.1415832783617328,-0.0338863553423812,-0.0085950171137716,0.0161604117240049,-0.0232155349802387,0.0001593062966721,0.0039060537495538,-0.0137458055878122,-0.0132251771817769,-0.0187291397960026,-0.3309655890525696,-0.0077109987487911,-0.0336852005668631,-0.0265165960634622,0.0008057823179782,-0.0228206004988122,-0.0213224141122659,-0.009131303888432,-0.0053547850370157,-0.0037071137068467,-0.003211689896327,-0.004022636115571,-0.003680511248067,-0.0217388939184219,-8.558443802465038e-05,-0.0088736286666075,0.0013804921849057,0.0007579050116252,-0.0150424190157951,0.0607691389478534,0.3768123732122613,0.1432506008267474,0.0319332234915008,0.0978349450374809,0.0735119154729811,0.0052714651919715,0.2697740637524536,0.1944250427857335,0.1145718775415207,0.103646411343213,1.3227622859940422,0.02793932074893,0.1742411653453649,0.0693980427548945,0.0575863227049593,0.0745610276192312,0.1442939876272896,0.0368233229948411,0.0279063432385823,0.0387066105489471,0.0284899791781114,0.0274829183116275,0.0307533868892253,0.0819828248331167,0.0401282204345935,0.0449379479205621,0.035359208670988,0.0178094907990549,0.069147059974618
273,157,106,-0.0005602803355826,-0.1578811549939116,-0.0287192537210493,0.0007374308170363,-0.0035103650646864,-0.0195636368321736,-0.0160201492523967,-0.0313498557803411,-0.0188150346498685,-0.0087429075075193,-0.033614330312932,-0.3092735500836673,-0.0113974835243367,-0.0183234010303867,0.0025760640819557,-0.0131490505549019,-0.0140862400082039,-0.0111714940795804,7.099344671706167e-05,-0.0051149033027852,-0.0010331435563169,-0.0071862629454327,-0.0177003171120443,-0.0121802367567305,-0.0089941006899728,-0.0125938876281166,-0.0062853315343571,-0.003325260534771,-0.0122299055665754,-0.0106678162499614,0.0022070298885476,0.4511859983305653,0.2186695072574795,0.0068538572673364,0.1331484642133058,0.0833792706867896,0.0373439444356202,0.1483972803601912,0.1159374143481529,0.0695994667198769,0.1061524898024309,1.374565460774797,0.0358241530775161,0.0912823164022304,0.0601920362262549,0.0434254067839989,0.0446648419862024,0.0724792428244048,0.0363033222828956,0.0385023049371513,0.0337713110280249,0.0310555772080218,0.0350625812114916,0.0362191007436679,0.067690317780853,0.0415821170868009,0.0236874325960659,0.0223929163457446,0.0427774502518497,0.0407651710675923
274,165,98,-0.0077935009099074,-0.092874912516141,-0.02979105415805,0.0011823727981228,-0.0212200440372459,-0.0147412629609098,-0.0098724495143203,-0.0323210043350666,-0.0215851711867123,-0.0019587443030515,-0.0201198572027599,-0.3055620831018069,-0.0109549358857895,-0.0336742478266595,-0.0187368659072455,-0.0074451356806138,-0.0142824886449839,-0.0310881974294727,-0.0060599733618367,-0.0055975807996532,-0.0038202802833443,-0.0077508973202181,-0.0082838699734003,-0.0143030702098348,-0.0138963588518462,-0.0113697044643199,-0.0087953445412077,-0.004628604424121,-0.0094539112472542,-0.0057062987600541,0.1027684561882795,0.3270646689676558,0.1150989500156592,0.0116347876616336,0.0578761976573359,0.1257820691487677,0.0392252545791971,0.16624558470931,0.1570417993499512,0.148202878429139,0.1152904911170652,0.970728068787588,0.0379549078501511,0.1573815234726261,0.0459045603791723,0.0419697280896327,0.050894223559337,0.0920572566170271,0.0312034729986123,0.0337110732913424,0.0342689424465883,0.0307518879281657,0.032259414191704,0.0332369927987428,0.048522836809738,0.0307233238796498,0.0344191893596048,0.0135546481344174,0.0253176331873066,0.0370260555322628
275,167,96,0.0040646790560527,-0.1487276124459778,-0.0276530524467441,-0.0012103165071672,-0.0710622980939823,-0.0191213017989197,0.0059180326298746,-0.0309895811387261,-0.0124610290001824,0.0008934426409757,0.0099446196465207,-0.2521398356447946,-0.0082791121681552,0.011296027563461,-0.0043592630214986,0.0063644580889032,-0.0025789918156764,-0.0001166434781865,-0.0092247338666633,0.0009002630845583,-0.0017258623723154,0.0024066704884177,0.0003254886874332,-0.0022066203039071,-0.0177655355883426,-0.0137142987170532,-0.0030383979608548,0.0005103876960212,-0.0012390663403316,-0.0069606078817689,0.0191239944688365,0.4461511905569795,0.132715398022764,0.0203863460189916,0.1528637205487114,0.0850858807539388,0.0380047333175814,0.3652011515448237,0.1382117882970775,0.1488937432659594,0.2033603165003636,1.1760446339512307,0.0254406722814113,0.1194074739349459,0.0696870568338956,0.0671761502249353,0.0407477400788664,0.0336491449451495,0.0375027163446504,0.0246233555947261,0.0246722878663033,0.0178427596098043,0.0245864229465402,0.0244293106657196,0.0739800883275749,0.0666583600236153,0.0275129218304839,0.0179827642902531,0.0142731014247409,0.0656434694007689
276,171,92,-7.49849501351155e-05,-0.1591766049818332,-0.0255673642266457,-9.177054938409578e-05,-0.0083178808995603,-0.044145752256538,0.0043299055201439,-0.0535657620746781,-0.0563028631294969,0.0021973349740728,0.0240809060283614,-0.3223470392130254,-0.0104018943978026,-0.002770647532465,-0.0236854606135723,0.000517264961838,-0.00725766575634,-0.0110116675456559,-0.0032390998753245,-0.0171370522929546,-0.0152082435089864,-0.0021826633934874,-0.0102764428803706,-0.0068169779923472,-0.0029775195415901,-0.0131328531099029,-0.0046140115717686,-0.0022916886794956,-0.0020651234626575,-0.0056815132446502,0.0002361177054931,0.4815555036163559,0.2186473794077492,0.0197340010772913,0.1423255481646385,0.2212055567685614,0.0249885319369917,0.1623485815802283,0.2009623874798329,0.1666622248938546,0.1332151644401547,1.1459341814354178,0.0278955480219364,0.0662880498618041,0.0871285791433466,0.0190819495888457,0.0470943576463715,0.0469839206871482,0.0225766471216924,0.0313374266862646,0.0354167040334228,0.0278015219130351,0.034208518600041,0.036021879908453,0.0518257807949667,0.0714847043383822,0.0300124570742167,0.0298874822084481,0.0221958425085486,0.0275550895564027
277,163,100,-0.0169008663774547,-0.1476577365904528,-0.0083417611871579,-0.0085002083542391,-0.0075971988782408,-0.0106907264080387,-0.0192140199984542,-0.0120879136725268,-0.0227072450611136,-0.0013118672486205,-0.0166329211452905,-0.4207590222003388,-0.013994245492118,-0.0511671783489798,-0.016082016148924,-0.0005717517033186,-0.0720521818460384,-0.006103166107699,-0.0066941724377967,-0.0222151044307085,-0.017365728228063,-0.0068410754033814,-0.0222020610378177,-0.0136014507076188,-0.0244548485271725,-0.0355409867504393,-0.0022202469543814,-0.0035291019008987,-0.0041938557786267,-0.0050977932291805,0.082287156518842,0.4581746205082918,0.2629873268002302,0.0325980241137099,0.0464467162568141,0.1641603406102704,0.0635711952445828,0.1508789891316674,0.1431986273389596,0.156225290919609,0.1025675030934215,1.2083492658566657,0.0389364830549867,0.2573171855854393,0.0700646443262454,0.025067537065756,0.1963955296811763,0.0360457206120548,0.0243129469826857,0.056859934773579,0.0451400373918003,0.0248105787763307,0.0495992565153007,0.0415880814791868,0.0702215312345203,0.1164267915384817,0.0334724723734191,0.0110055693642523,0.034122243665513,0.0272551827397236
278,165,98,-0.00110247845425,-0.0486737129422806,-0.0290406927317244,-0.0012730272064702,-0.0124952370035096,-0.008775027533069,-0.0033506770468071,0.0085481557710048,-0.0039053452142695,0.0068285550889833,-0.0250761454990276,-0.4448796820089871,-0.0099387844847234,-0.0503835279518077,-0.0132650720470672,-0.0025899463990815,-0.0236630810990207,-0.0035615130999081,-0.0133521992859313,-0.019474227135593,-0.0091859199635211,-0.0094957068451156,-0.0118150416967052,-0.011023227135147,-0.0095756504113778,-0.0139762178098733,-0.015255905429982,-0.0191152265730728,-0.0072993407175705,-0.0063906872372897,0.027679579568433,0.2848192567727519,0.127423722750577,0.0187505517138722,0.0417579213300703,0.0953555086607315,0.0093682887100643,0.114049405843106,0.2504190501142112,0.1411459913725613,0.1538548741170525,1.231857005204161,0.0492409666152817,0.1356216726598904,0.0467096953051397,0.0466990200911961,0.073763662071588,0.0442743871643463,0.0331767919764542,0.0423028067763677,0.035120710172063,0.0302661757866351,0.0267468977758776,0.0302564621933336,0.0627345982532999,0.0424680577425243,0.040997340431174,0.0399029094449548,0.0530778645609749,0.0359643359528504
279,173,90,0.0003431091474701,0.0078285710414946,0.0028387518901022,-0.0079929039999392,-0.0245783132777315,-0.0162733869445555,-0.0150366102792662,-0.0114482933672275,-0.0247768767976214,-0.0024766202951272,-0.0127404944695956,-0.3489800155824126,-0.0193002334457954,-0.0592961061537016,-0.025796433551017,-0.0068015887609877,-0.0400741445064727,-0.0402751822125701,-0.002363551738944,-0.0062753958460921,-0.0065349199825559,-0.0051293128545839,-0.0068020794511254,-0.0073980293399396,-0.0322388843627062,-0.0028081998433001,-0.0102850612921094,-0.0077896584945975,-0.0079837182890385,-0.0136852851413181,0.0026224225834078,0.193053735568987,0.1148937400690209,0.0248599565987381,0.1150311254811376,0.1524972884383089,0.0411097855418821,0.164191058527797,0.1423228580023907,0.1700064042162509,0.0797287360196046,1.1640141421303285,0.0397401604124012,0.12127325044117,0.056784684746275,0.0391845157212186,0.1008090390258393,0.1223107046976825,0.0379702558332982,0.0492713391029256,0.0212070994020209,0.0248358041341835,0.0319565864422495,0.0343612476863238,0.0781450580581626,0.0198165957809099,0.0318106989019085,0.0209092215696168,0.0493453407456385,0.0375090390812703
280,168,95,3.874802481067347e-05,-0.0687925458429985,0.0059938698994239,-0.0006785644761874,-0.0550235844376641,-0.0384687698102068,-0.0095034186768643,-0.0266511612367464,0.0010383841788461,0.0097838082966032,-0.0152907722714627,-0.2345765552718603,-0.0056265478222923,-0.0108523416273376,-0.0087576314525794,-0.0039400539509717,-0.0626579864540996,0.0126700698776715,-0.016370925993013,-0.0108293129579125,-0.0116132245057449,-0.0108485843359735,0.0032592429176533,0.0018944184406594,-0.0307642304154521,-0.0034246796568931,-0.0151715438920694,-0.0107941681335949,-0.0096325102949092,-0.0118606068602146,0.0237287142333666,0.2293912727211667,0.1004317650223945,0.0101263217387418,0.1755428241175947,0.2148733221979133,0.0454080080817032,0.1699609730461728,0.0778827931604137,0.1649668232055765,0.1230604700073851,1.2266621953266132,0.0357348687508943,0.085688090326314,0.0387468230940845,0.0406845693518496,0.12282149618978,0.0535501083487127,0.0548508184542798,0.0362580264969257,0.0389099732340642,0.0281446120519853,0.0280474654892583,0.056483391518014,0.0875802349543867,0.0368318706709169,0.0238736750575483,0.0260436948212662,0.0268570588019736,0.032082421921592
281,171,92,0.0020780227654683,-0.1860173649237035,-0.0016955975835472,-0.0043731708594088,-0.0214093054655364,-0.015525313116705,-0.0015498960014096,0.0028135491085927,-0.007559684114036,-0.0236289797871643,-0.0156529907941107,-0.399064848882613,-0.0142441733955183,-0.0718120513113268,-0.0124447036350544,-0.0223189367769054,-0.0736229510874375,-0.0359699312093372,-0.0057601489280131,-0.008238158261155,-0.0075927842996792,-0.0077603611281055,-0.0061977003583688,-0.0102803791158183,-0.037176887461366,-0.0242082546335835,-0.0141456670669791,-0.0100824539057768,-0.0117364299035774,-0.0068242010564306,0.0119894639955306,0.4468923641087411,0.1230390115830655,0.0192097699626108,0.0530404548437792,0.3635210013480957,0.0072071008557273,0.0392795596096076,0.1700804918224408,0.0975171782069584,0.109780248193529,1.2601445893686345,0.048698994275505,0.1794373556839275,0.0349485349946957,0.0455731429804914,0.1424008210223485,0.0996532545568324,0.0323645925551233,0.0453750826725681,0.034042415010308,0.0465140371575771,0.0189277576344777,0.0355072709266303,0.0803307606557733,0.0593472384961175,0.0443755914599949,0.022575177725591,0.0293714687309519,0.0321971377538958
282,176,87,-0.0001735903249523,-0.1980746492483301,-0.0176859097316236,-0.0012579844181683,-0.0281668013185928,-0.012260654800975,-0.0038329399116227,-0.0058801834449189,0.0090413544863544,0.0268417363898873,-0.0119190213328815,-0.1746254030558084,-0.0063782099558116,-0.0769691020532576,-0.0135076703150303,-0.0114360151128081,-0.032711508509078,-0.0430344517723039,-0.0081197726488541,-0.0104818215750619,-0.0022598452888404,-0.0073042129298651,-0.0019320925596994,-0.0166204934716308,-0.0276115549792818,-0.0186284682847215,-0.0094141696464412,-0.0142318788375494,-0.0070388738676163,-0.00472750652061,0.0340165570652222,0.4649904354098538,0.1271918466209207,0.0158758019658981,0.1419865404118732,0.098034306611953,0.0240075214990319,0.0963201792450935,0.1103641619973926,0.1977843089877123,0.0679944120163341,1.108666078830485,0.0198314549677642,0.1203223009092723,0.0844561943071647,0.053602089311461,0.084594471067031,0.1101343008401003,0.020258506711762,0.0455721289563753,0.0276950863063868,0.0438424958680786,0.0115914056694671,0.0373826556271107,0.072340023051007,0.0651420321778373,0.0338826226702127,0.0571698471103609,0.0282193015303079,0.072251213979802
283,177,86,0.0085969774443201,-0.0517824078297563,-0.0272918636979496,-0.0066913309914396,-0.0385443456968132,-0.0111806056139339,-0.0035241597921152,-0.0664573066909505,-0.0188888874773085,-0.0356992325747749,-0.0169658882220328,-0.2752921302208002,0.0029176384412769,-0.0267539962693219,-0.01542095302908,-0.0253360245119336,-0.0103211846306409,-0.0004256709363567,-0.0211931698590604,-0.0344019164001987,-0.0086499684185319,-0.0007979740348374,-0.0051327435165087,-0.0033398558575916,-0.0423420103094575,-0.0067648010841792,-0.0089010651967801,-0.0199662350917285,-0.0125970440824629,-0.0107226548290054,0.0366942281737316,0.3292046321027917,0.1336414650565731,0.0273347874031328,0.1900704164736646,0.0968934972779467,0.0153514622927099,0.2599084357768728,0.201460793113255,0.1215824856033228,0.0751594678350535,1.2712424334545014,0.0376945996918969,0.1001772885264436,0.0439562562640637,0.0705200684805078,0.0416779205201153,0.0271684066887723,0.0507009890848592,0.0935061315469577,0.0244941833297356,0.0296344612301494,0.022205547821435,0.0220325353115105,0.1079436820731982,0.0266551134696622,0.0337144083155408,0.0329402190247524,0.0478666340484969,0.0345594849691504
284,168,95,-0.0009201485786503,-0.0759686749356413,-0.0076065745803555,0.0002431655167413,-0.0128183354338817,-0.0231697708700306,-0.0478795756327536,-0.0073310767571436,-0.0106637822150826,0.0041559644009772,-0.0342396601568696,-0.2233003461012685,0.0025120484876639,-0.046651453417486,-0.0059028822914201,-0.0095553133111577,-0.0189285857458446,-0.0202431143906976,-0.0073132587241874,-0.004976830728009,-0.0028296944669895,-0.0081312107587657,-0.0100856452218418,-0.0055242874235533,-0.0089267001659752,-0.0055096631263157,-0.0044472840551772,-0.0055558838251223,-0.0037817992537953,-0.0113491484671679,0.0064799404480002,0.347825433795678,0.1319142426548017,0.0055962740262225,0.1221057848049236,0.1102689777342529,0.1074498515333002,0.1868198612973083,0.107460098343125,0.1359110039494443,0.2037611159654502,1.14890169518888,0.0309168941301715,0.123826526419454,0.0537498798976697,0.0488795188129763,0.0458968225172014,0.0841355023452168,0.0372878491606913,0.0404228778446318,0.0328652151309017,0.0469756221146421,0.0375077018436226,0.0283374312511714,0.0675934858642042,0.0528334253536677,0.0331039612923258,0.0202730972040311,0.029851050239541,0.0397010353991203
285,165,98,-0.0030623716285691,-0.1156488026411201,-0.0116597134344335,-0.0003517435897823,-0.0099939959256169,-0.0242445397635823,0.006942987672949,-0.015933799927516,-0.0372110528988776,-0.0059182800622574,-0.005210917903962,-0.2785417459367112,-0.0021248419270444,-0.0141109095632521,-0.0056568708831454,-0.0149610045126172,-0.0216293462609248,-0.0106477670057598,-0.0143799490286543,-0.0083584442411435,-0.0081666289878542,-0.006398469585062,-0.0005942741034747,-0.0037813592247693,-0.0032229979437052,-0.0056291216101034,0.0002658757989319,0.0022395854650566,-0.009337316532084,-0.003439082577955,0.0895386255898755,0.4822982657484959,0.1663911835964505,0.0013951830337526,0.0429660046721133,0.2354678442795376,0.0192915051919835,0.0970335562810505,0.1706415148379121,0.0841282650707436,0.1649102012456923,1.0819675013872525,0.0386596392898445,0.1302333094704308,0.0515294365619328,0.0484694911803502,0.114342315848561,0.0938678528446986,0.0379191551155237,0.0508925237812733,0.0408768620087998,0.028723420845749,0.0284414365448436,0.0364917984951917,0.0727966523772717,0.0446747468941519,0.0325471836903,0.0340064956980663,0.0449997977881904,0.0429745128564638
286,167,96,0.0334163591613476,-0.1012535253674141,-0.0087908029444069,-0.0135985948209977,-0.0153582925956723,0.0077012188317996,-0.0232988290451896,-0.0878793126090771,-0.0073096794432122,-0.0293705866263307,-0.0118198602646231,-0.4124345561458065,-0.0103032265537716,-0.0216977760209033,-0.010738462548782,-0.0187245171640226,-0.0465797676111318,-0.0146687690725616,-0.0007728200485753,-0.0082243318059231,-0.0060016945699286,-0.0104905212232939,0.0007184877306014,-0.0032947841616514,-0.001655273756166,0.0003507799804976,-0.0093523551857378,-0.0029041248737667,-0.008776987283673,-0.0201365917162498,0.1568085977846609,0.4000916553789364,0.2302535086184925,0.0348863655042626,0.1549709930058922,0.0363340954807432,0.0574416065990176,0.335788966168188,0.1162720724746836,0.1310182123266737,0.0884933706482012,1.2730078256301631,0.0292354508498618,0.2175006514721402,0.0445927669349104,0.0387024765065519,0.1125626585831428,0.0739423721322866,0.0146013108197328,0.025139190590573,0.0240997078266263,0.0221303750709888,0.0290125683274641,0.024585765259924,0.0357840463938315,0.033718274255373,0.0278435916415959,0.0138193675832095,0.0299860300357745,0.0405977253840496
287,174,89,9.258822100254756e-05,-0.144070500847104,-0.01018458432684,0.0011231830655783,-0.0159714411020075,0.0088764034739027,-0.0874230342377731,-0.0072292367292054,-0.0082788175746115,-0.0017950620396371,-0.0132365510750623,-0.2133535066367067,-0.0179256780023496,-0.0505671954820671,-0.0071767819740683,-0.0037255102482419,-0.0324968257054862,-0.0194577978469446,-0.0091238362289739,-0.0085497198788435,-0.0121363092711549,-0.0194604858736183,-0.0160164564103505,-0.0114815069718305,-0.0205845101521102,-0.0068175451024244,-0.016085942472362,-0.0069736197661556,-0.0114488274519943,-0.0232601489362375,0.0012128633951132,0.4904314858986768,0.0999267137047369,0.0190853111484506,0.0669690804439298,0.1272505286047633,0.1446886978409138,0.0513851195091062,0.1317545259542324,0.1208004061624931,0.1084435429309893,1.074768754752645,0.0536013783578022,0.1388790651305295,0.040628676573281,0.0300447105254871,0.1036197270623777,0.0650867251188039,0.0458314954177196,0.023165748949808,0.0357189464952953,0.040918509290472,0.0378417588419338,0.0410341320860164,0.0584295306608622,0.0316177265702683,0.0441333588953866,0.0227852636829627,0.0298194428427746,0.0607840127738467
288,172,91,-0.0176298007919422,-0.0427107569860881,-0.0606811353770063,-0.0026980741396758,0.010869831449523,-0.0205469249952516,-0.0019466883342877,-0.0222173903886251,-0.0460556355347248,-0.0066233158254148,-0.0560554589756018,-0.4169195270757132,-0.009491187682669,-0.076916966924316,-0.021615393734289,0.0103346185564194,-0.0465866985906293,-0.0073107458904587,-0.0083262627062056,-0.004017094909888,-0.00434908900586,0.0009867999577382,-0.0037646381569467,-0.0056922238126732,-0.0212330134166011,-0.0149541870754106,-0.0009194547836538,-0.00062722829569,-0.0050504068780255,-0.0102911844893236,0.0718476226983516,0.2762473032691255,0.2741341148231077,0.0249477441414408,0.1427961840197645,0.0939360208312197,0.0292939331529015,0.1286254657078899,0.2126045558704949,0.1056788639422864,0.1916952147350106,1.2433157070371026,0.0239614371362491,0.213210855739666,0.075973673803301,0.0356926625375183,0.1171714684604645,0.0437880277173765,0.0275383549872172,0.0352111914834123,0.0173950620379585,0.0183217853867098,0.0235562382946645,0.0289238554081107,0.0778666942089081,0.0335414908914012,0.0350815009148369,0.0117837329215075,0.0244617321649754,0.0401338373177784
289,171,92,-0.0256289302809924,-0.079932438253313,-0.0076437071729849,-0.0013321143590815,-0.0192664558074968,-0.0104561550677756,-0.0272077392363742,-0.0108976322338098,0.0082144240307391,-0.0076217899672265,-0.0754830177717226,-0.2075748199834493,-0.0159131775651764,-0.0335014860420598,-0.0051612206509492,-0.0055864749668678,-0.0162066535146964,-0.0152682156353206,0.0012563080935591,0.0015561993855397,-0.0066937730483135,-0.0031772395153238,-0.0039759161906747,-0.0033750936579043,-0.0173704640610867,-0.0162192106308858,-0.0033688442098251,0.0004944219386278,-0.0095535328364723,-0.00472384893668,0.0412145569682694,0.3422701605296946,0.145661577485282,0.0304949605410272,0.1966957245803762,0.0668443022557638,0.0655160823867037,0.1721834021464044,0.0859801576658954,0.11765130805775,0.2568993955329802,1.0614090447073157,0.0520414227823627,0.1249298861007876,0.0495772861722196,0.0315243060537597,0.0883788780252692,0.0516469332835127,0.0235810381952881,0.0376914873183161,0.0251081242474643,0.0181469740483816,0.0256092253395177,0.021042945941522,0.0845289215965545,0.0663466546582762,0.022738946291697,0.0101966089229287,0.034040116180161,0.0340039759058221
290,169,94,-0.0029330429258774,-0.0930773238267912,0.0139564162245424,0.0014905651220576,-0.0002002931844017,-0.0099478564500096,0.0008201063258542,-0.0222004932293827,-0.0398900185549435,-0.01423656919852,-0.0142428720037536,-0.2309634066258181,-0.0030682392970741,-0.0133829864728519,-0.0018187280125955,-0.0050718412340916,-0.0405401298150858,-0.0097215703750114,-0.0075791446545306,-0.0034959151187944,-0.0083419056208008,-0.0041314625786781,-0.0027594645861664,-0.0030738049215149,-0.0061710400547293,-0.0169935911023295,-0.0012545732771334,-0.0029068476660715,-0.00271944983838,-0.005121261629586,0.0736371827864356,0.3949445582209568,0.1537902502542781,0.0081821457321064,0.062649588006148,0.0576510197463082,0.0137406049713532,0.1576206402986368,0.1875540216929542,0.1222638161863263,0.0795331205717281,1.1138875289077923,0.0367162620809872,0.0992230063353186,0.0657681457586402,0.0620729225789547,0.1325542828391422,0.1304033316666383,0.0347921898568518,0.0309015168860528,0.0371130935244838,0.02929663248281,0.0228170863305187,0.0339193034933754,0.0596962904160565,0.0499487188521224,0.0234836563037722,0.0182135423304199,0.0291094257868143,0.050003889508648
291,167,96,-0.0242010346315646,-0.0400035388937524,-0.0340313844386168,8.413288208512784e-05,0.0020497951676195,-0.014863747511081,-0.0117211657985253,-0.0164644418285647,-0.0230073632797597,-0.0216711654161137,-0.0178324896666862,-0.5055143512015459,-0.0115955513976971,-0.0284021274988223,-0.0188826114997535,-0.0098445896762994,-0.0017737623425834,-0.0134705530297648,-0.0057103014494907,-0.0141442898141605,-0.010059907836471,-0.012008606759567,-0.0093474290601974,-0.0039403435504611,-0.0099157154447695,-0.023129840945816,-0.0120029160083139,-0.0012007588634389,-0.0160829904062206,-0.0133480827430896,0.0851873782485846,0.2938912414431981,0.2267126407910631,0.0134439083093125,0.0257885873297289,0.0378584092206365,0.0383889199508992,0.1616693592729321,0.1906722808344255,0.0655457090723482,0.0597358607964763,1.4116293168433354,0.038915761429254,0.1528146616860914,0.048482287889534,0.0364829074012099,0.0589053010727229,0.0908700486142513,0.0442129111095576,0.0367737023803611,0.0313423597673345,0.0360126062267622,0.0290597249609887,0.0415672423050847,0.0584787177313533,0.0514572741173934,0.0364297600265776,0.017400114771172,0.0457449995503761,0.0489901415883089
292,172,91,0.0006843362967369,-0.0334199877572043,-0.0394887696269689,-0.0029035078978957,-0.0962407178997496,-0.00037645607887,-0.0078158395575826,-0.0303234293923963,-0.0320293952440469,-0.0255921259056421,-0.0277992414258282,-0.4547512684536535,-0.0403615022908746,-0.0269176356439243,-0.0251423371652633,-0.0044734560961029,-0.0266711635738488,-0.0263712373893256,-0.0068622289852287,-0.0132450965102116,-0.0161271793202212,-0.0193346253438494,-0.0089291284598516,-0.0128343281985477,-0.0218100369460257,-0.0142481877319837,-0.0037689339809871,-0.0035504834937443,-0.0130563057444666,-0.0168285944623884,0.0038865923401173,0.3342423208752848,0.1927205129752567,0.0156595011973103,0.326111564078841,0.0242954806838087,0.0435595976698609,0.2720604816339543,0.298002850425203,0.1067964100323352,0.1146237511030354,1.4634295881559534,0.063426846972789,0.1032829558995372,0.0677856125261051,0.0346640118797219,0.0534862507445189,0.115646746525756,0.021861136845872,0.0345190757387045,0.0465424852287964,0.0509553468312035,0.0419298631796145,0.0282231327522353,0.0819337412718786,0.0749280039639965,0.0263612917993923,0.0110419403544844,0.0271204159534413,0.036211313653013
293,167,96,-0.0070665866231445,-0.0043469647789241,-0.0219759066730934,0.0054610996740466,-0.0104569546228276,-0.0226814343561918,-0.0002353260516049,-0.0404295932839391,-0.0445867896008079,-0.0126239436304026,-0.0245100582874057,-0.3198647080662573,-0.0112772122271194,-0.0470676892784808,-0.0127466933680835,-0.0041257055222539,-0.0315907045917143,-0.0286071667008357,0.002248505946507,-0.0129342459878112,-0.0124146725392884,-0.0113894700499602,-0.0065377959763829,-0.0043303521059749,-0.0313592545014694,-0.0033521884970852,-0.0077469837830511,-0.0009614670322684,-0.0081442466120877,0.0030861995214138,0.0856440300775729,0.2487331112249861,0.1653116131603849,0.0166320394919976,0.0243731120770119,0.1004855947860793,0.0076515742953218,0.1984167940531587,0.2418278131359362,0.0901218284450929,0.1092075837613474,1.4706134813777954,0.0314573371116186,0.2135139405885618,0.0665306714276846,0.0624544792243983,0.1319098864158103,0.148166266901632,0.0217647389040321,0.0383209382049851,0.0285645869963063,0.0300037169186993,0.0264718384392911,0.0310869361389747,0.1479226283784738,0.031061380338999,0.0388561139334509,0.0439902512601974,0.0229684656710488,0.0361604620470551
294,169,94,0.0002615161887554,-0.0853288716221939,-0.0310613539194272,-0.0022271194284194,-0.0155086538921038,-0.0200182080956561,-0.0050894708633417,-0.0609725497048281,-0.0143029154312449,0.0531284946858209,-0.0173837989283436,-0.3090924993842825,0.0038856995621813,-0.0453829973857775,-0.0013029365207489,0.0104901363024481,-0.0658304636751766,-0.0048933753131409,-0.0021485428931766,0.0023466812196457,0.0058065127063652,-0.0144305387068208,-0.0106125320654901,-0.0198159854191907,-0.0054475729336514,-0.01420332815477,-0.004481362118346,-0.0118481537342314,-0.0027988078758216,-0.0104035688990789,0.0010763942243453,0.2904612262023066,0.1269633765331844,0.0084851184539283,0.0971314294221146,0.1316113637021121,0.042126298546164,0.17552304038767,0.1211632431387269,0.2315993107762191,0.1042057292172457,1.183917178158049,0.0202223314418499,0.0964774691733425,0.0409011554183565,0.0641258109269939,0.1334442135243648,0.0891610615334815,0.0206808513427907,0.0167851361441685,0.0260932894963855,0.0460396253927779,0.0297613151290497,0.0425601394400285,0.0413329571177575,0.035490824217245,0.0253392944773605,0.0619355394136088,0.0220673071875692,0.0347797473935194
295,155,108,-0.020158233099286,-0.0208245943635452,-0.0497096766696427,4.531758636136232e-05,-0.0183527719439095,-0.0296918372924859,-0.020767718098257,-0.0142691054417259,-0.0054318615711145,-0.0123324125298761,-0.0323276436679546,-0.474417711742796,-6.161853185102667e-05,-0.014160321205094,-0.0076621979406212,-0.0039439052143225,0.0076936882698093,-0.013837635901159,-0.0101351886686757,-0.0134871520460265,-0.0061758607235142,-0.0145736499535123,-0.0125822334098687,-0.0127911499760874,-0.045453318667815,-0.006506076120358,-0.0123728724856762,-0.0050023056792471,-0.0182184429453261,-0.0501609355679274,0.0321354055159323,0.2513883842528864,0.2600891468361577,0.0088375618084392,0.0972983573635491,0.2869288169041496,0.0475140732688342,0.077459110930501,0.1110698035993703,0.1091581335626575,0.1687811281955989,1.257932564928372,0.0335689688256791,0.0693910111084278,0.041079308028218,0.0360295149907535,0.0348048646198607,0.0299452988631871,0.0413036790615228,0.0601915540826252,0.0250261277421867,0.0466837560793912,0.0377056874868803,0.0476029728944074,0.0883100784849107,0.0308283745171365,0.0355415709195998,0.0176093863974139,0.0559813427228896,0.0872055917737787
296,168,95,0.0003711503368484,0.0016128819300971,-0.0290190784127449,-0.0096222909537475,-0.004968269462941,-0.0138441940794496,0.0021862333377363,-0.0215555801849847,-0.0712446568656883,0.0101116414636401,-0.0502869812118917,-0.2468653163578805,-0.0070255884594387,-0.0386098087906488,-0.0065788071433176,-0.000908569878752,-0.0127021599110712,-0.0083850003584709,-0.0078132089027927,0.0004368465085783,-0.0108326122778811,-0.0110342252023181,-0.0187630807279998,-0.0099198338187329,-0.0072719292761197,-0.0156761568808825,0.0020218641944527,-0.0003963189733207,-0.0118160858365216,-0.0054374358549707,0.0078881125368569,0.3134474662611294,0.1563885653930764,0.0252961570660745,0.0524206240779733,0.0617503400836857,0.0096973212818092,0.1514029807375068,0.1535446204987252,0.1144939651806304,0.1442121714357692,1.348925775221793,0.0410054044653951,0.1104218699881107,0.0471144838833589,0.0234982478604053,0.0324901516268865,0.0416891204813036,0.0250504836576554,0.0243004609222325,0.0415084854589958,0.0422269300954449,0.0431779540025613,0.0288836957248853,0.1342133037805057,0.05634599154883,0.0127903178664582,0.0217303185442006,0.0458703749617549,0.0317648313571033
297,158,105,0.0070754642177343,-0.0960098074614487,-0.0310422365530204,-0.0046659271376056,-0.0348493456427532,-0.0181057254152462,0.0002689792419649,-0.0612919189206176,-0.0246640102975595,0.0239296143882214,-0.0096696541813807,-0.3609238633301641,-0.0070465758220795,-0.0349032268534906,0.0027917019842974,-0.0059811158905174,-0.0335171393939835,-0.0189760656367806,-0.0097489553479399,-0.0010691680950727,-0.0081477364814096,-0.0009998707997949,-0.0069072615089745,-0.0016039424064679,-0.0177899436902826,-0.0110410789477529,0.0027743427355306,0.0046923420690049,-0.0100684305489398,-0.0082040493379541,0.0954939096446017,0.4455674214482908,0.163583301967583,0.0091410052662313,0.1429379964675987,0.1083944803666505,0.0228707396363234,0.2458474068607663,0.1857899992676145,0.190341076951182,0.1208901311506787,1.4268984364551114,0.0443330736981955,0.1660327710793002,0.0507110662680335,0.0444791409826957,0.1104752774609425,0.1642005066097019,0.0244653120761596,0.0271419872826891,0.0279218821202366,0.0202944088055298,0.0307782469009831,0.0199003985354906,0.0390394183219097,0.0542204122307052,0.0295313124543227,0.0251480356632379,0.0218802691928402,0.0393992559392195
298,171,92,0.0014351628251627,-0.1490977218976403,-0.0045907558542791,0.0002149985539932,0.0037467041570269,-0.0132605838515262,-0.0013691559137165,-0.0209535380434053,0.0008213456803241,-0.0368880421940157,-0.0555145369613513,-0.2611563440421212,-0.0062044265437419,-0.0098570384763651,-0.0135794952110653,-0.0104205344832748,-0.009789675448234,0.0050900540140172,-0.0040352236648897,-0.0172218480521989,-0.0057006800534956,-0.0075388074433738,-0.007822010596759,-0.0179825079551933,-0.0020106531306359,-0.0025271209451788,-0.0072338034511128,-9.079196359674854e-05,-0.006039018062258,-0.0262730297393179,0.0106457821145907,0.444502029594839,0.1834935725130291,0.0031934287207699,0.1302010774166811,0.0857771365614866,0.0088671933450982,0.2506448730669516,0.0956037361811414,0.1052166160301975,0.2394260425720013,1.2422038521104417,0.0380429726735837,0.0800152693007664,0.0636084201795745,0.0440036102767694,0.0299607662530846,0.0593420843186975,0.0410585910302679,0.0590377298445096,0.0378244240112807,0.0445324114112112,0.0476847797768155,0.0510820708515536,0.0974662768843893,0.0435169754766724,0.0355322792129219,0.0165170494428737,0.0412278880972163,0.07872180626953
299,168,95,-0.0001675754815583,-0.0949234807660737,-0.0276572204330098,-0.0017473522804133,-0.007474826208672,-0.0237276941173752,-0.0161042336257252,-0.004212619556596,-0.0087913459093069,0.0105765719719122,-0.0178076211423387,-0.5154765504855113,-0.0053004139464112,-0.025305869682983,-0.0156983016958405,-0.0039768799608187,-0.009691182906256,-0.023120846728197,-0.0129570693702752,-0.0046016837909941,-0.0095541900103336,-0.0112914959874642,-0.010975545529352,-0.0091767969505176,-0.0186263700912811,-0.0126834806008079,-0.0055727837523766,-0.0053942075707011,-0.004703317263524,0.001491303897727,0.0002387027668517,0.3395763255722177,0.2361022613157903,0.0066840655889088,0.1070765623351395,0.1695051734932296,0.0500961667990349,0.1678497646988104,0.1764532219759846,0.1394783980349286,0.0761544928662655,1.3864520452438456,0.0285323639116278,0.0893312914889126,0.041089796405054,0.0861012789630721,0.048214550056629,0.101135270916641,0.035763755703165,0.0359051812295094,0.0322280571724201,0.0315712225191713,0.0272004699175232,0.0300069603150027,0.0532763202649362,0.0295740129696247,0.0246652762284439,0.0146859093593443,0.0465221278713288,0.0288772580464112
300,155,108,0.0,-0.1717536648978341,-0.0306969262591721,-0.0016573420404425,-0.0206526994021805,-0.0439873311933103,0.0023060814105666,0.0096554473785023,-0.0289109974070933,0.0053810837341308,-0.0037806990231208,-0.1933846617648022,-0.0020868903188786,-0.0190417468049424,-0.0067342349445141,-0.0009565884755594,-0.0461225438287463,-0.0021018674318993,-0.0079840608302811,-0.0040298458993124,-0.0033172029723487,-0.0013643606911379,-0.0030928972710477,-0.0005896289019545,-0.0055955087391346,0.0048572174712651,-0.0014558210065082,-0.0018024402917827,-0.0011319372530199,-0.0158770979519415,0.0,0.5517760145328842,0.1763819105658,0.0147413668743032,0.0974212836431411,0.1541264075809023,0.0647144050040069,0.1075785691029006,0.1507569798806368,0.1447608801228211,0.2028155584199381,1.1657970631583547,0.020379845718167,0.1188735975192879,0.0433366199298645,0.0405032839660088,0.1092524702203654,0.0631218394019768,0.0434017476741891,0.0224074082363906,0.0215818878261835,0.0239318839082868,0.0289282034732923,0.0208227556872178,0.084456646234568,0.0327019977573658,0.0245395894512103,0.0142756628802638,0.0147720738109234,0.0494062725347224
301,170,93,-0.0059832140263078,-0.0302571531124161,-0.0123942758109549,-0.0257900741348711,-0.0137789704531102,-0.0300596390302913,-0.0105393715063336,-0.0037255522995143,-0.0768801991927546,0.0034478599869587,-0.0017651506769671,-0.3225772185408888,-0.0074053093452368,-0.0418523970058633,-0.002595767203194,-0.0021199579349124,-0.0308816477116417,-0.0042722981834847,-0.0095918439860672,-0.0071361712096547,-0.0184639734422677,-0.0050673097337083,-0.0030176643121597,0.0015788605366046,-0.0217960229404737,-0.0084993093169752,-0.0077668066749532,-0.006342619327189,0.0086770940699402,-0.0079658384460143,0.0966909235146302,0.3018890911686698,0.3405823088822111,0.0640072674287846,0.0975100846096557,0.3522331639971652,0.0647981086273604,0.1209783724547395,0.2336443643043924,0.0663027588352011,0.0921869556624756,1.0331536217723636,0.024143456475742,0.1298059160842038,0.0585405311513929,0.0415216446026939,0.0796424833283836,0.0444011338538592,0.0301489597922728,0.0310304733176635,0.0321187722594111,0.0330649036984425,0.0210401021744734,0.0161569971302805,0.0734836375353745,0.0258570535001366,0.0335479641952741,0.0284381326515061,0.0208960179267603,0.0595592198886827
302,172,91,0.0005422146067439,-0.0986047857268404,-0.0104536497148194,-0.0153235050063864,-0.0154194145365789,-0.0104316672091046,-0.0155279542477169,-0.0394843093238901,-0.0008081448387201,-0.0056623197217059,-0.0562013360494796,-0.3081299046982134,-0.0199133580816141,-0.024770755773523,-0.0152833574353366,-0.0105246623049448,-0.0542437011025809,-0.0055831618848535,-0.004732267725615,-0.0066175763417541,-0.0112581921607333,-0.0128226597149489,0.0006202761721649,-0.0104150079383676,-0.0149494263800225,-0.0133322226736348,-0.0158303396388861,-0.0037715090025799,-0.0226763780000187,-0.0196867507607308,0.0139111624183102,0.3942630791184939,0.2421951543016396,0.0437179077444617,0.1146817172379451,0.0206124149924901,0.0543181271522756,0.1234445336346011,0.1022124051255838,0.1712651972140597,0.2412901575612435,1.259858591421005,0.0411693457859532,0.1439346319206251,0.0764527874807844,0.0348396185376281,0.1294231708871635,0.0226891364397784,0.0280980692584718,0.0426870453611845,0.0364518378746581,0.0372095571856136,0.0314235435303254,0.032878099658642,0.0389036148947791,0.0583512687667586,0.0457070435690676,0.0200588080536233,0.0460557325608455,0.0493464462627461
303,159,104,3.916388210404413e-05,-0.0677377130366449,-0.0429708808364723,0.0001187912223897,0.0042860146667997,-0.0585486217162803,-0.0038193348935738,-0.0342990796587188,-0.0264167237104093,0.0264795250818489,-0.003265570724652,-0.3960015745503416,-0.0040576009190674,-0.031474632012311,-0.0155519786804055,-0.0084177518665646,-0.0447258962516166,-0.007355616942482,-0.0075523995527516,-0.0113506598596762,-0.0132798010094891,-0.0082179530820402,-0.0117099896920337,-0.0196284563409704,-0.0117084969135038,-0.0135586140623063,-0.0105402320838056,-0.0083208160307242,-0.0125361680358361,-0.0072555728699444,0.0005417695536121,0.3263463484345854,0.1299191165248611,0.0016972756199445,0.0955372545059248,0.2096232609623699,0.0200191614526789,0.4143388853500211,0.1968325282520754,0.1798442656785059,0.0666047890850786,1.4567283236571738,0.0355419442443124,0.1218085847833023,0.0697575865374667,0.0347783049784533,0.190941736483311,0.0471509018286361,0.0320694065723771,0.0382292405391214,0.0223387694323076,0.020585958793268,0.0303534751015344,0.0387216516329982,0.0459298270469557,0.0636576582255457,0.037267780358998,0.0440411895931077,0.0393247249030348,0.0305686558298743
304,160,103,-2.196079310079411e-05,-0.1978669618582429,-0.0063074218927369,0.0016850439497399,-0.0035078157335842,-0.0359205470092503,-0.0101221172243563,-0.0206086199026225,-0.0084036315459006,0.02287719803136,0.0089263212994531,-0.4053567985923879,-0.0177906166640986,-0.0456217368389847,-0.0100560525043014,-0.0136641339574818,-0.0781858403297313,-0.0081394010741991,-0.0079995962243672,-0.0002812321377608,-0.0090600894724269,0.0015046899253486,-0.0079640453595899,-0.0178439203892198,-0.0091702842266047,-0.0006928850515513,-0.0065227937051306,-0.01430807692038,-0.0192142647503543,-0.0067598375976968,0.0021619858814186,0.4978107787956505,0.1762425847212419,0.0172576792257307,0.0619967303337016,0.1388690909108311,0.036427890525688,0.166794636197673,0.1855128333042466,0.1467651361579799,0.2082618025683453,1.23662928594725,0.0444481024199045,0.1208279236865691,0.039217126054909,0.0388546457751973,0.2840864499036487,0.0411582568516885,0.0441974885483459,0.0370097894848148,0.0348429695279314,0.0264636992499247,0.0455220669551039,0.0368417337176678,0.0519086149595632,0.0582651476507045,0.0268831012784126,0.0224475975103551,0.0440075038979808,0.0365373667942725
305,169,94,0.0007089971750968,-0.2160627010673367,-0.0399893835239667,-0.0098586572241241,-0.0273037106679216,-0.0316907299192647,-0.0001771104322802,-0.0089232577407523,-0.045891977442941,-0.0193852765780511,-0.0194747781674736,-0.223721228599827,-0.0056881641941618,-0.0563722732273536,-0.0223325806664271,-0.0152240551078711,-0.0199286306949331,0.0073130876210885,-0.0197885944820664,-0.0141465630802858,-0.0242375136089545,-0.0027853866074731,-0.0009652453644777,-0.0096428911492387,-0.0365692772347943,-0.0005976159991346,-0.0064617362807306,-0.0098749394198513,-0.0203906933236814,-0.0069333693071535,0.0193587551900552,0.5032962555383972,0.1940323813168098,0.0563352470181582,0.1093707147491915,0.1395053637288919,0.0192060812090384,0.0783192120576494,0.1740372758914586,0.1087589888738498,0.0935898064562579,1.1709389964917,0.0314719831978567,0.1308317362994358,0.0656134564472987,0.0715219367857839,0.1003691753933237,0.0627503258296839,0.0573376657967715,0.0596101102742073,0.0424817817918688,0.0170333370278394,0.0299630577980085,0.0234926316039411,0.1619878625766432,0.0273889700890303,0.0344454608889223,0.0279500482713155,0.030397585988426,0.0849202040243572
306,169,94,-0.0087602011643924,-0.0364822485822711,-0.0193930221680125,0.0072585155867741,-0.0076509379216903,-0.0135495968734974,-0.0695372374790457,0.0084294750049734,-0.009446593285371,0.0010335680210233,-0.0375259049820314,-0.3293624706772281,-0.0057418522525956,-0.0720488626565842,-0.02300453458214,-0.0103494009353734,-0.0225484217180515,-0.0120760621880741,-0.0109745630743032,-0.0005832204100629,-0.0105621861651596,-0.0013077915839645,-0.0157948187259095,-0.0182260735647785,-0.0159624304412551,-0.0331110569407627,-0.0176009675306152,-0.0075699946401226,-0.0155245481206903,-0.0056043017217782,0.0447720940698411,0.283639201709063,0.079950459701213,0.018206984225582,0.0864210594030123,0.2422846659431922,0.088502917853892,0.1411902236665034,0.129504060854346,0.1713824149279444,0.2553384943140065,1.1818827158782146,0.0443928273135093,0.1604619754100189,0.0583453277827992,0.0646882456014811,0.0666359656776641,0.0491027031019167,0.0315001821357988,0.0570616280262421,0.0406891101583583,0.025092215026804,0.0396825741245422,0.0867059979621211,0.0806018818770549,0.161111991207613,0.044544657984376,0.026443335397566,0.0478947674632884,0.0623111752047227
307,172,91,-0.0421757344070488,-0.0357991416481834,-6.555442285740468e-05,-0.0051461372940553,-0.0422049522026154,-0.0971177623592429,-0.0194560829133865,-0.0736316690568314,-0.0339579334802104,0.0043225006182865,0.0008066314569858,-0.4744926247285541,-0.0089243102867295,-0.0111785260555399,-0.0211902992003742,-0.0110381597193543,-0.0172155826530054,-0.0123895243536845,-0.010484339359346,-0.0154393610089364,-0.0030002913849165,-0.0142080318278559,-0.006234627588101,-0.0048835718031946,-0.0366558775370432,-0.0098852429516333,-0.0068770468330748,-0.0068836529254186,-0.0110063589339368,-0.0148917652946868,0.0971113247916065,0.3332509750866809,0.0592406145786844,0.0335182797108573,0.1382192061754582,0.2583195991935966,0.0748482411443917,0.2466249544923193,0.1529973116440621,0.0276653695605372,0.1228001120808865,1.4448285272879555,0.0364711503141211,0.0769059663190507,0.0517337047520503,0.0320614730790985,0.0512528605427312,0.0519767406530208,0.0275282894685336,0.0421307295526906,0.0307619920587506,0.0305771518436849,0.0205267263104529,0.0334768698034637,0.109374397536521,0.0482361618479635,0.0385116342431567,0.0188060004827005,0.0467746347748255,0.0452914178811348
308,172,91,-0.0010414524092906,-0.0062224877507915,-0.0198779584572486,-0.0014444144001351,-0.0090665872460226,-0.0012324381896171,-0.0012203739394975,-0.0033771912213621,-0.0387956706016227,0.0191028963523659,-0.0322525330556241,-0.3474252599819283,-0.0137669120984931,-0.0154774630662593,-0.0120190994587125,0.0039866283548855,-0.0165109454893047,-0.0008020508035262,0.0017754372377931,-0.006752654409291,-0.0040318205174533,-0.0044436937598386,-0.0076202856625064,-0.0031872130278735,-0.0141061628083439,-0.0074875452235532,0.0041884287776467,0.0036225142445439,-0.00200509542412,-0.0062010705940408,0.0145319911142092,0.2045384177401119,0.1603066871986263,0.0022237711984643,0.0453930667706194,0.0977987047446607,0.0145560248841858,0.0392347572843692,0.2435151554615079,0.1895215611729849,0.113483566861659,1.230184095558042,0.0261828238155377,0.0774689404188175,0.0435755626053316,0.035765316102998,0.0538507873742228,0.0218816028176549,0.0314809686592787,0.0190717154217642,0.0287135099899203,0.0275480348052368,0.0440974187558992,0.0301928183010159,0.0805012846471101,0.0250683485211397,0.0276489957904452,0.0272667877067865,0.0377952563694109,0.042243300003816
309,165,98,-8.495547339412024e-05,-0.199577773889793,-0.0412215380586316,0.0039944560512467,-0.0155207011762993,-0.0210212614298105,0.0013125030082161,-0.0095823213738707,-0.0027567563827729,-0.011091269043726,0.0076741873988634,-0.3111752795495087,-0.0125317814270813,-0.0314838529175551,-0.0122662913773673,-0.0036390412139755,-0.0357609280117932,4.828072418435123e-05,-0.0180697878452243,-0.0116020412835964,-0.0198292587834501,-0.0043007163834992,-0.0069506019750135,-0.004216436099201,-0.0101150196569428,-0.0160545264591331,-0.0094180333591851,-0.005431515282016,-0.0166885618590939,-0.0081012073660811,0.0021951083180722,0.4114475578367607,0.1962147763693747,0.0074793990262077,0.1185596405859672,0.0768134865119709,0.0132612944335324,0.2236729865428161,0.102434109787176,0.0861497297269168,0.157824364888718,1.1974652319894523,0.0543645961279994,0.1728022851522614,0.0651830611710419,0.044346281054564,0.1048890399112204,0.0582811880761098,0.0436942760097024,0.0454607246469201,0.0513506440283923,0.0225257291265088,0.0474162232033953,0.0493778863165018,0.0736170399791884,0.068729582853675,0.0384398822928611,0.0238082300211682,0.0343468079809536,0.0321800392868639
310,177,86,1.677729549773962e-05,-0.039115053393428,-0.0335392143908182,0.0016826658814827,-0.0042024986223155,-0.0234903973106699,-0.0024543733302461,-0.0324815503129801,-0.0177244252118921,0.0007682395286384,0.0002933674555853,-0.3123065962642239,0.0040002423913777,-0.0109025446910703,0.0011023599533026,9.686305581316795e-05,0.0059008843535717,-0.0094952332244661,-0.0014215145849261,-0.0002082420280055,-0.0017381951343153,-0.000683489030066,-0.0115800102956128,-0.0026979883588766,-0.0045972669620876,0.0029157709333074,-0.0065243796588842,-0.0010859517470882,-0.0052223365152706,-0.0056158565989607,9.4167662364938e-05,0.3375019807114833,0.1049391713685901,0.004819378533618,0.0547512030357314,0.118931636714668,0.0442476554240261,0.2159491058585441,0.139170557190757,0.1993484074343799,0.1106971129778552,1.147233138989429,0.0152410013182758,0.0865215800813927,0.0578824612292783,0.0429278341680082,0.0448420608352087,0.0330549878677521,0.0283276603883937,0.029437217195454,0.0213078228281941,0.0206969868892428,0.0300353866956778,0.0245190143508151,0.0688156054193234,0.0303304545074717,0.0253069280614521,0.0341334240001785,0.0231355760079162,0.0429119401726077
311,163,100,-0.019603078266701,-0.1048324360318696,-0.007882697915536,-0.0018374650848487,-0.0452439182812291,0.0010591116158724,0.005044619636043,0.0118187315782744,-0.0084053963664826,-0.0042565590745517,-0.0837450649652249,-0.4771625864704297,-0.0158813922385302,-0.041930179009467,-0.0104359726527547,-0.0066320443747888,-0.0105130748886787,0.0040032839693481,-0.0087297926593734,-0.0007086422082634,-0.0178743896481765,-0.0089176215474153,-0.0167118506184298,-0.0036892818815533,0.0046775666639905,-0.0112492361323712,-0.004692779041268,-0.0008693531671382,-0.0135181689630518,-0.0058332787474674,0.0592996368437987,0.4009763227401552,0.1059421480552183,0.0062882673602284,0.1279823248343645,0.0115387985982092,0.0182294628716143,0.1528225144666607,0.1658333841761227,0.0723191196068443,0.1835768441316648,1.467032766495976,0.0442170717716972,0.0986463524673478,0.0711274817571048,0.0301501038224105,0.0636254999019639,0.0407117563391885,0.0389172530659163,0.0238517654603818,0.0406333754067374,0.0305264485943746,0.0420930637258147,0.02368715124004,0.0809740388468026,0.0346382233439716,0.0336484582841207,0.0194419627811391,0.0448746509135127,0.0427358113494452
312,173,90,-0.0001576211026853,-0.2760549607385662,-0.0164356497047709,-0.0002330930768465,-0.1116776317934549,-0.0295396147797928,-0.0040173850043496,-0.0340208034233816,-0.0195957574649468,0.0053203080805724,0.0053487530717454,-0.2833936948229656,-0.0109481005593391,0.005699099140187,-0.0182366401377001,-0.0149174091719673,-0.0055263349393266,-0.0018133417820485,-0.0099939853147933,-0.0036480403428804,-0.0055397774974465,-0.0070911662549989,-0.0041160150404051,-0.0096733354214712,-0.024198927407906,-0.0115082659800209,-0.0035550948932675,-4.225854362883951e-05,-0.0063584723324263,-0.005331995122554,0.0004888792938212,0.6012756133551362,0.0951536456839983,0.0076555072318888,0.203628297713075,0.1508642790525706,0.0587568634057007,0.2003681057364293,0.1334645500637352,0.1651762224683255,0.0438147965698308,1.26581255270119,0.0372492833674538,0.0783257386718086,0.0474833129053707,0.0457153626957514,0.0542965627289175,0.0417861532677136,0.0503435223005193,0.0467166090234114,0.0397030122702148,0.0194868497467646,0.0404928399526507,0.0306069025313644,0.0604856212384253,0.0334799469887207,0.0362471549861406,0.0125362760735508,0.0190613822974128,0.0295159018938933
313,159,104,-0.002578459553478,-0.0270165462968294,-0.0197975936497816,-0.0020690990000037,-0.0155234872150473,-0.0758608059511226,0.0013127632895215,-0.0162313905802083,-0.0305762247822805,0.0372290732093034,0.0121357830685061,-0.4561184038212352,0.0073495681181055,-0.0269885846351772,-0.0079579503052686,-0.0094954257751783,-0.0224098755853484,-0.0179335296749366,-0.0028038213237899,-0.0035888381026493,-0.0008357117964532,-0.0016433189872697,0.0020900277522187,-0.0046408578983133,-0.025211910872956,0.00397264034439,0.0012528319886627,-0.0048454372491079,-0.0011154855629342,-0.0040813049963023,0.0073171628967365,0.3440130827651274,0.1642878553571229,0.0181772242574918,0.1145004224150702,0.2622472685457393,0.0080422114569726,0.1518951042486374,0.1510972062353717,0.2101368513519075,0.1836109456546757,1.2680801827745658,0.0512834342438537,0.0898363394031784,0.074268308790413,0.0540868832249502,0.0720550014878929,0.0578154690698561,0.0401774680066001,0.0434420918603933,0.0205649561283613,0.054285999985916,0.0436677050535095,0.0273011336979757,0.0979696062204306,0.0766827856964293,0.035219681260278,0.0282819582105729,0.0477590935257113,0.0442253216309046
314,169,94,-0.0003248356893331,-0.1399806215427024,-0.0186969070514416,-0.0065995827644967,-0.0148697347244687,-0.0073826819291404,0.0015191289346859,-0.0189587086946769,-0.0103343481791291,-0.0269457390832579,0.0008635325441831,-0.290096174211216,-0.0032361046177416,-0.0211710641081253,-0.0067489042594027,0.0005982742268427,-0.0376133594254108,-0.0062427645388,-0.0032794107379913,-0.0111418765470564,-0.0062581556031005,-0.0044606280826961,-0.0096104937005754,-0.0189234651518353,-0.002728710122207,-0.0040576004252356,-0.0029952263133052,-0.0021397580764514,0.0025789267513874,-0.001345188670059,0.0161270355235966,0.4700000064521844,0.1329172950647072,0.0134298008540088,0.1094813766863456,0.0269838925754644,0.0165323679321613,0.2735675248719409,0.0856457777559771,0.1093293356776914,0.1019975542562043,1.2209083346716536,0.0263797115336656,0.1045003054450039,0.0420199474054922,0.0477789399535752,0.1485297045011894,0.1500275210968835,0.0623455791364464,0.0239377751847416,0.0223588358831632,0.0322518465863063,0.0213985975831154,0.0354901096682414,0.0510356756383545,0.0417934871718336,0.0418216570689505,0.0497489312016548,0.0229062388534782,0.0450104393356129
315,169,94,0.0012590106288191,-0.0766020090938818,-0.055586064016638,-0.0066211396107085,-0.0188088995677806,-0.0041218748391711,-0.0002037447534586,-0.014235591566345,-0.0024309887896512,-0.0184416359756665,-0.0304638889570376,-0.1787559396881949,-0.00340136581425,-0.0088814191812378,-0.0153734341847505,-0.0096801046325565,-0.0258143008478542,-0.014485823394345,-0.0027134477979085,-0.0053306114527368,-0.0027619143253126,-0.0089055184796075,-0.0051740485625934,0.0008432810583467,-0.0137778452835212,-0.0043256447156727,0.0013885086892472,-0.0023897448992213,-0.0008950710463008,0.0022146215364769,0.0092417317359144,0.3645351927159799,0.1792870091655786,0.0383193730795867,0.0929986754211599,0.2599807517988558,0.0197333834385416,0.1387717424958802,0.1158357554529886,0.1025104591420884,0.1627044948624552,1.165658010047144,0.0249201362657997,0.0723750868707888,0.051839158421719,0.0286804595385553,0.1499250844135334,0.0443557048014088,0.0348128262864485,0.0202472058860597,0.0298747382671712,0.0266592199194511,0.0253600674758408,0.039862006890178,0.0850640695455151,0.0146230921796651,0.0220895851618924,0.0166716265549118,0.0284803465276645,0.0351389387846677
316,166,97,-0.0153065415495145,-0.0418824082529693,-0.1324773692368958,-0.0008332936748691,-0.0197138979179566,-0.0092406758626977,-0.0033035787251222,-0.1085188146138794,-0.0200047459616118,0.0569852743682488,-0.0325840198117136,-0.358967457560684,-0.0064527488520663,-0.0236070888866438,-0.0190774385426967,-0.0086746841387963,-0.0747133579999507,-0.0182481862696138,-0.0091387991518574,-0.0054852789471375,-0.0061429739099723,-0.0057872904870735,-0.0067725974794462,-0.0070625728251228,-0.0098921846574524,-0.0102725802959116,-0.0114826456715751,0.0007312993478978,-0.008780327395455,-0.0116279372090044,0.0487173236758481,0.2675892965430598,0.2272511412559689,0.0168956844477789,0.1605250850622199,0.0677133869531958,0.0101127905556634,0.319833834682387,0.1514017191873473,0.2516832063558851,0.1168228069428478,1.3399482888834968,0.0322632926619277,0.0986457217601818,0.0418523283848194,0.0275242819675361,0.1842299471951508,0.041655024952018,0.0267364207414571,0.0183768548596256,0.0314582038328447,0.0291025106361888,0.0330307474601765,0.0318998799878104,0.0362507446979185,0.0246843656998925,0.0268519216716567,0.0253569999805598,0.0319676562040337,0.0483211761581072
317,168,95,-0.0002757599737793,-0.0055489691032793,-0.0302783045229341,-0.006557422390394,-0.0281305706202183,-0.0094589880342504,-0.0061478989174717,-0.0236272979187589,-0.0954830745273357,0.0112230404072075,-0.0040029908651126,-0.4268905662380688,-0.0070584502503628,-0.0146077827490321,-0.0018482528329374,-0.0139236248029354,-0.0320569912302841,-0.004630104239763,0.0016307418755203,0.0083778986785796,-0.0084471295701603,-0.0022897615381335,-0.007957680785935,-0.0128928051813572,0.0034426018104005,-0.0067445027680462,-0.0017969300203876,-0.0020705708230893,-0.0110436241767204,-0.0035705808355287,0.0006390310489633,0.2828639204541763,0.3364257592142083,0.0261715633172737,0.0829088376659634,0.1066726481245359,0.0473754505547993,0.3023326476014481,0.2690791957601258,0.15837368020835,0.1316420436111164,1.2220899270637091,0.0284635648125263,0.1486785772946356,0.0550695687628196,0.0937865865936614,0.1389934629356838,0.0796909223963324,0.0389180377783703,0.0490649366371499,0.0297681776291227,0.0240012403200085,0.026043107705916,0.0301271740387613,0.0620925975336856,0.063820553418328,0.0345607483989393,0.0224372109101997,0.0331133034073521,0.0354363906047217
318,175,88,0.0048848234905427,-0.1142441059462971,-0.025994537543117,-0.0004013550541868,0.0043454401604816,-0.0117144705010642,-0.0083805953304313,-0.0327526263671758,-0.0450908312915815,0.0108142030458037,-0.0195463896603568,-0.2778242324630318,-0.0147092693662784,-0.0099093227070434,-0.005998539562011,-0.0105985088498715,-0.0308968755544112,-0.042193522994948,-0.0054953158882286,-0.0160254174268531,-0.0077580133877786,-0.0052810171162722,-0.0089335810498551,-0.0122680399018667,-0.0115849055296571,-0.0169094299960941,-0.0075144698200512,-0.0086210352051337,-0.0019916512888888,-0.0204790600392042,0.111934635210991,0.3865138946685599,0.1626837421512086,0.0035460235538537,0.0268874926265417,0.048950196108912,0.0490409058130353,0.3767701497709595,0.2052170403188708,0.1772372261797872,0.1298238822736352,1.100029502103,0.048286313981037,0.1245692961146458,0.0324683292540636,0.1046278354415213,0.1114735175644963,0.1350590748008635,0.024382159743368,0.0269716917985657,0.0302301649271282,0.0281515275563496,0.0593547476077595,0.0232993335528715,0.0547366959753747,0.0339387880049923,0.0276201795143636,0.0169395880748731,0.0163560670367421,0.0459004415175504
319,163,100,0.0060277633151717,-0.1512412899419984,-0.0411558003372103,0.0082223762151477,0.0019101394559844,0.0017298360195016,-0.0038306091913841,-0.0738728947923196,-0.0032897325934614,-0.0018734892952036,-0.0063619303540703,-0.3239901108521257,-0.002664104107414,-0.0127521590657124,-1.0633233191614272e-05,0.0005383762553546,-0.006606629624618,-0.0110141265263227,0.0077441987152226,-0.0074464845831428,-0.0036344751208188,-0.0064090914496828,-0.0045411715640515,-0.0176804733241926,-0.0064752277438715,-0.0030563233453474,-0.0064361435030425,-0.004347720810443,-0.009900020199046,-0.0008855362329373,0.0255321648250997,0.4351298090210369,0.2063173777907327,0.0193057554111695,0.0674807633035816,0.2639207862880173,0.0202073824535681,0.2574181508942703,0.0738375347366713,0.2119291598307734,0.1511313954189294,1.066813463008753,0.0244468591959211,0.0469953494980542,0.0531801070129178,0.0661056295997975,0.0389769323819114,0.0282202303982125,0.0339424376500821,0.0364080261315307,0.0355435705221197,0.0227349155705349,0.0418216942623132,0.0332616755671541,0.0594330757664414,0.0448960310527515,0.0371560071152263,0.0238237027220534,0.0281715931372362,0.0287519502064431
320,165,98,-5.077238728467307e-05,-0.2304103978950301,-0.027229637984596,-0.0059235903143968,0.0004662952611921,-0.0004617120558562,-0.000146090254531,-0.0113702587094108,-0.0189510910969127,-0.0012090386601185,-0.0100530957399335,-0.419540899543716,0.0008386634827923,-0.0470400320338265,-0.0090664649212912,-0.0174645453518208,-0.0415257394126632,-0.0161778856843125,-0.0087505077056792,-0.0032325138957059,-0.0126027090487033,-0.0012588454399813,-0.0132911686207412,0.0049396022334805,-0.0095022490591128,-0.0044939403316181,-0.0097361693672084,-0.0099347137206139,-0.0084059771827937,-0.0111906566466056,0.0012126660814661,0.554945596496321,0.1471084464370247,0.0419813014987229,0.0428302257850831,0.0525641163458586,0.0491143016378147,0.1307846062222193,0.1276251472000338,0.0105220623224313,0.1205067105827253,1.3362421620692042,0.0224710808665756,0.1310226754683968,0.0560281559519301,0.1238578251213289,0.1249887806545687,0.067766797144293,0.0192361437690737,0.0350453372602164,0.0394680256538046,0.0300497374403123,0.0421195208465893,0.024652015722999,0.2297524107769511,0.0260542553144043,0.053693421819782,0.0444451083910736,0.0367924960280586,0.041054963900093
321,164,99,0.0006269720116017,-0.0318466731462696,-0.005459782104086,0.0049670530403562,-0.0162482549920542,-0.0120788481919318,-0.0646909354324128,-0.0067426492010081,-0.0201504603809384,-0.0001877022474557,0.000281414941135,-0.3013038325640347,-0.0026831740888278,-0.0056964866668023,-0.0060482270420682,-0.0090294648564484,-0.0233330004193548,-0.016572056896189,-0.0043399379832164,-0.010485186466262,-0.0088782572653938,-0.0001272573333524,-0.0045556295030183,0.0010322754151746,-0.0071673979829292,-0.0085698347966861,-0.0066180233213573,0.0031722487690012,-0.0073768831361839,-0.0134780108018319,0.0030185935965347,0.2605958354018743,0.1990756556324601,0.0272636657382232,0.0946640480151394,0.0347643402503807,0.1097156272004461,0.0983653745466602,0.1066357738439241,0.1650138874471326,0.226345169326689,1.179615051225068,0.0414715980290392,0.1480665847774725,0.062719369479506,0.0475744813989308,0.1295363174295609,0.0653506374089308,0.0334595953212932,0.046763496258625,0.0429355148473649,0.0155082057366471,0.0249184607719923,0.0389932988622862,0.0510113590480222,0.0344766710697375,0.0546895279771427,0.021248284309694,0.0229777016310624,0.0617945568678045
322,169,94,0.0005036806845792,-0.1359291498532029,-0.0179660693339475,-0.0149378275488557,-0.0206299348633387,-0.007380562985676,-0.0042741308903435,-0.0664944622785704,-0.0392027628844047,-0.0155219205001807,-0.027992824939752,-0.4109198452739877,-0.0091889311394846,-0.0136450092011955,-0.013185089785813,-0.0289045932869051,-0.0198365639219983,-0.0125759977454688,-0.0115765664221034,-0.0106015145494636,-0.0012813573999547,-0.0078927947624168,-0.0104622628847592,-0.0023864096126511,-0.029733455842856,-0.0078592953185589,-0.0053295124116214,-0.0048493198646301,-0.007413836180514,-0.0051189780622247,0.1028511951527057,0.4245135054562801,0.0621759181611496,0.0456460518880529,0.0507049312969821,0.1994393103732924,0.0256447836325071,0.3283864473531754,0.1857051162151327,0.0891788115133686,0.1322960867176063,1.413289614833253,0.0316891694232527,0.0842713887494573,0.053485279423997,0.0808343860635368,0.0492251841911915,0.071594636663431,0.0361903098289226,0.0440095673088249,0.0145157844637281,0.0314922660822698,0.0339277252820915,0.0177412281700155,0.0909373486842346,0.0205916968211718,0.0215390449405693,0.018995440313416,0.023334155799219,0.0344739236357975
323,159,104,-0.0265948099870543,-0.0639880268026171,-0.0330151591481219,0.0070160006514194,-0.0138359212529811,-0.0348379689294426,-0.0046802784569253,-0.0418142327709359,-0.0720502722927972,0.0205752429891904,-0.0315775466960745,-0.2413577065127314,-0.0019378497839918,-0.0371129437118043,-0.009044228774015,-0.0093581348139595,-0.0405506727292089,-0.0056491553086924,-0.0134475001327603,-0.0053639101639301,0.0012959561221953,-0.0017931190764127,0.0011964202346034,-0.0030295248343155,-0.0144032735878726,-0.0060871184662127,-0.0048509129046861,-0.0057747514901717,-0.0029895031654875,-0.0014557289993561,0.0842194179101023,0.3172909091563805,0.1782246396560308,0.0476748532362528,0.1234467696514303,0.1082895012996608,0.1308710875240036,0.1566369368359128,0.2171799742748341,0.1849662488862648,0.1358864777338503,1.0042719085230845,0.031511856557933,0.1115588515085816,0.0508715668742223,0.0395891407470097,0.3500306774078638,0.037689897220476,0.0417467728555647,0.0170868196753029,0.0286807726982242,0.025688229742753,0.0200683430192932,0.0283793518291591,0.0687427518253869,0.0432205674377694,0.0215321385157355,0.0205245197153907,0.0354760454968087,0.0754016291839845
324,162,101,-0.0091555780106477,0.0282174175481724,-0.0252801572946085,-0.0005900504707488,-0.0177637949287028,-0.0146765157799602,-0.0021457617416717,0.0008677969409738,-0.0277289248216157,0.0055417109684625,-0.0162743615488384,-0.430880243252241,0.0011616858208322,-0.0022963113594226,-0.0068246710036347,-0.0218889429642661,-0.0347966870964987,-0.0033641378742305,-0.0029664143724112,-0.0097062811480992,-0.009108450791573,-0.0095535561039749,-0.0100227256378616,-0.0023833166199003,-0.0104864876338976,-0.0028346498143005,-0.0154152267385617,-0.0073415707820891,-0.0063778065534802,-0.0070763103632143,0.0777867638675296,0.2466978251354571,0.2182609878534147,0.0098723201936404,0.1197149375618409,0.076134542528639,0.0320067504699727,0.1462972539212463,0.1282370099509501,0.1150075976720069,0.1547808055973346,1.4458819341416371,0.028400774239006,0.1427116572713452,0.0392749914875849,0.0676707763253777,0.1306446464146066,0.0664944727535846,0.0306011938978661,0.0275627858829178,0.0330495142475702,0.0261183547802702,0.0209484475037551,0.0201519059622156,0.1275535248904616,0.0358212485931384,0.0274602107588024,0.0419929564212927,0.0155001685527692,0.0404566162997443
325,168,95,0.0037824571070225,-0.0022047229678765,0.0037494374924411,0.0005928881672808,-0.0092875770026179,-0.0322136768719476,-0.0441340907415934,-0.0086324124070131,-0.0033568897061734,-0.0060101041085723,0.0073454225930228,-0.4220926145302702,-0.0147344316888374,-0.0708245716705201,-0.0061433225034006,-2.600946533097748e-05,-0.0142357331010425,-0.0205036062065767,0.0013106488690031,-0.0077116100492462,-0.015084819063959,-0.0081939098512435,-0.017520677876558,-0.0091812794878487,-0.0307408083644964,-0.0196111710682528,0.004591265850339,-0.0043525619999452,-0.0033307023660925,-0.0135862650184631,0.014203208113381,0.2022378609551445,0.0740633853347552,0.0222165097250247,0.16273687729069,0.1277876018476522,0.0917013922603862,0.0802451960306146,0.1598955495353509,0.1838222644287309,0.0951287958231821,1.145136386878255,0.0435971048426523,0.1280466628499137,0.0218205443243084,0.0464153947544096,0.0517042212262696,0.062418545074376,0.0405813659941341,0.0439623697259501,0.0334296044106586,0.020974458188294,0.0395444901477357,0.030773175787459,0.1261899773201402,0.0800852846942764,0.0287605215948995,0.0147205853040932,0.0208969065039178,0.0430510079695519
326,164,99,-0.0170822479305976,-0.0382235346725036,-0.0040162700992219,-0.001185012396119,-0.0487702618209214,-0.0020755414193271,-0.0058547491885428,-0.0221041218415671,-0.0265030687343903,-0.0082974277674888,-0.0017079267011509,-0.3991551929722607,-0.0085509063641648,-0.010403499970973,-0.0155207799109928,0.0049467168701537,-0.0120860463798396,-0.0037828963346623,-0.0075844317928423,-0.0019478133091471,-0.0107855429500859,-0.0082397918448846,-0.0037010876056528,-0.0051930644905145,-0.027233494078893,-0.00387687979071,-0.0072063669026903,-0.0057936023559952,-0.0097702666324272,-0.009090746238863,0.0689636833454994,0.2410425921269688,0.0675073549247495,0.0062943482751958,0.2264866271512128,0.0161907290636034,0.0567769160395824,0.0979535808012148,0.1851506167032166,0.0469195455509745,0.0983599049972543,1.4514394723074922,0.0350445573998967,0.122899670911368,0.0504173885725631,0.025571240957601,0.048651217334836,0.0505375041849167,0.0308068675364382,0.0301152924603474,0.0279224055286573,0.047933158120281,0.0157538496903301,0.0234090853237847,0.1093051550432964,0.0277086961242481,0.0253063204865483,0.033488595495671,0.0305700108688026,0.0461443896703337
327,164,99,0.0287708574518154,0.0413711665141152,-0.011679697332863,-0.0450078706425023,-0.0031442119736893,-0.0236834847155315,-0.0006866796265427,-0.023583229897184,-0.0332760294578669,0.0156058258261538,-0.0148892394701285,-0.4004760630749291,-0.0025550889968444,-0.0440668064892267,-0.0148519030543899,0.0099463237593888,-0.0080244320516816,-0.0166319563932941,-0.0030823537998567,-0.0067917814565395,-0.0140706345868023,-0.012276172754433,-0.0167860870713704,-0.0085473968509616,-0.0254822350654529,-0.0098459226163278,-0.0049091392497009,-0.0083655948299754,-0.0137482854814302,-0.0019115521337107,0.1409728438810601,0.1648130617252867,0.1462330115106674,0.0818956897152077,0.0168296158536414,0.2098151622252396,0.0013872705888837,0.1888319265492811,0.2070938653839816,0.1394858048350385,0.1157454071401298,1.3643940787754454,0.0330184582233832,0.1059598711553965,0.0436424966871724,0.0329567343111545,0.0304645672780265,0.0590900115915408,0.0246858884561691,0.0312648514812814,0.0447522597462509,0.0266808796880416,0.0369531937930997,0.02774241050446,0.0854589256986666,0.0349427492663545,0.0379242680153075,0.0229114352056518,0.028907950872513,0.0306022316126042
328,171,92,0.0003904377929953,-0.024120451003355,0.0057313697728411,-0.0174711670393707,-0.0239678420058634,-0.0192666647723884,-0.0442480486227977,-0.0635479232683678,-0.0807558048244975,-0.0244333235442754,-0.0180500386146553,-0.2969358675287294,-0.0029495419740485,-0.0459272191277446,-0.0178703608244236,-0.0082025413047202,-0.0194577271938776,-0.0025566449060486,-0.0111619449292286,-0.006408899545677,-0.0103608087527227,-0.0100549149837126,-0.003134585937878,-0.0064128647405642,-0.0282347249250622,-0.0163101815770489,-0.0082560943728726,-0.0039160425302312,-0.0014835220178187,-0.0106715296078794,0.0010349964126478,0.2576157771627182,0.1402855412473124,0.0483069005847757,0.2140229464442989,0.1144346830184964,0.1007807775313327,0.249613561107004,0.2496111240693595,0.1013024681597507,0.1818584855146976,1.3357963515208773,0.0176812528106878,0.1487768410150715,0.0496724492253652,0.0241988600641085,0.0829910334692295,0.0227654419540611,0.029817995632494,0.0244075779268641,0.0356341060403446,0.0248402122344943,0.0200009974391849,0.0258193073607797,0.0910018497715758,0.0367832412228979,0.0335581385560668,0.0207952262532902,0.01596780769909,0.0256276126491133
329,154,109,0.0002876881485411,-0.2085633403952493,-0.0351726669763829,-0.0319488159172259,-0.0167965755051574,-0.059601202092423,-0.0015727907667876,-0.0087598751666315,0.0039682085820293,-0.0056082581576753,0.0067746103608955,-0.3258471703596747,-0.0086822016423682,-0.0207845266413138,-0.0090644699350407,-0.0381124654800855,-0.0044741003719784,-0.0042340511838788,-0.020173152053643,-0.0188819985366974,-0.0122784160724852,-0.0112041126432893,-0.0108018565151172,-0.013760462004982,-0.018880053486416,-0.0239437588230099,-0.0262852905703732,-0.0173062849966497,-0.0060768051218657,-0.0193611935298768,0.0014621812933153,0.5587460092301717,0.1202720618745118,0.0472469018058795,0.0641322553047838,0.5648223022461374,0.0253303610725567,0.0830672298216579,0.1621601078765742,0.1237144861069746,0.1180494502836069,1.1885071067619413,0.0377012301334882,0.107220039790212,0.0466099957254447,0.1202050431631293,0.1197355458351275,0.0429977210993861,0.040561880512237,0.0560888948159087,0.0400864022154091,0.0310572960902268,0.0496099712364728,0.0300082101311149,0.0650359304642351,0.0999604099245365,0.0628226319106421,0.0452302505877561,0.0319930217609729,0.065382557221956
330,169,94,-0.0038888377523218,-0.1045276285563222,-0.0065502239528217,-0.002827475431958,-0.0132604371247343,-0.0165515733203379,0.0003686267873819,-0.0610284564095618,-0.0434897258761567,-0.0043399758518473,0.003590568603615,-0.3501937181982807,-0.0127742678129071,-0.0160899403891101,-0.0060136894882779,-0.0049799762142944,-0.0488209524590378,-0.0147643142775299,0.0003508981730745,-0.007325442108934,-0.0007798055663143,0.000259581049581,-0.0059884566895582,-0.0091926549624641,-0.0162758886307181,-0.0083836836601142,-0.0007159044487446,-0.0024253097338995,-0.0037843702632391,-0.0198563609713234,0.0218024684925919,0.4483167881590706,0.1292941758623948,0.0085848195808967,0.0636230995310392,0.1860405314723941,0.0124315756373181,0.2155979049205928,0.2498650247749612,0.1025548351678553,0.0592547141912691,1.2573175664865204,0.0331485042433742,0.1154374419825443,0.0359405324034858,0.033612304309026,0.122522976847167,0.0518778757083033,0.0416744493883391,0.0287562194850283,0.0253765839906552,0.0295784967212659,0.0311464407642662,0.037180396797583,0.0568201166125548,0.0322860558725756,0.0402534835033204,0.03631952254018,0.0301791407401311,0.0561060409599463
331,165,98,-0.0018452260920947,-0.0971531927573914,-0.0131141673178854,-0.000813338308422,-0.0150112274475127,-0.0903320446572569,0.00381822129656,-0.0416000563763706,-0.0793499183425527,-0.0177784425229801,0.0003271779355173,-0.2567409836699282,-0.0148945778507243,-0.09159277319431,-0.0072778065380659,-0.0136137604187811,-0.0237392788272478,-0.0200445323910554,-0.0016506906129622,-0.017719302934696,-0.0058635456704875,-0.0104592044041425,-0.0083114433132127,-0.0124635059764103,-0.0377061328061311,-0.0041257152758209,-0.0095175561444044,-0.0111547830374627,-0.0116166103982167,-0.0065501362785373,0.0251817882103756,0.3998017603815913,0.1705101616794623,0.0040951174292422,0.0989046076768191,0.3264688025411132,0.0129609257408286,0.239139404417451,0.2933331957468977,0.1121549098125173,0.0604311364932327,1.2093248588803078,0.0313429742436989,0.2010667188221692,0.0258772716623579,0.0483773586457716,0.0804007224461867,0.0766289899349067,0.0335507609031076,0.0389261213626329,0.0360114336810031,0.0196390523711314,0.0185140260588817,0.0247314239282041,0.0963085723649899,0.0298919676398631,0.0294427129732691,0.0215002101052541,0.0407272765019061,0.052747588635897
332,168,95,-0.0019054815813454,-0.1515046836868101,-0.0089900558490624,0.0024314380966341,-0.0235121405652329,-0.0079279060988504,-0.0026014378673826,-0.0704141419512086,-0.0474673658273238,-0.0097005167547607,-0.0248440085641325,-0.3759540623922648,-0.0131889744582189,-0.0178411036762983,-0.0202108233611723,0.0019722937408437,0.004682372756345,0.0011302620033773,0.0001224869679213,-0.0079290732970912,-0.0062232523797307,-0.0138786013117536,-0.0102260254122087,-0.0048924545984407,-0.0006116451708084,-0.0020314698637256,-0.0012662897565152,-3.424498191973473e-05,-0.0005220545848723,-0.0129713933345888,0.0076917859954472,0.4518276896932932,0.0632801634880033,0.0110778038709167,0.1137792306950775,0.0302321807159255,0.0208012678937928,0.2513922303331655,0.1694455125994682,0.1386030933464335,0.0673157359605805,1.275470455797314,0.0335706806895634,0.0791323758776043,0.0544654966497929,0.0197751432524769,0.0516202409059874,0.0620102435408157,0.0210516536968737,0.02643025466531,0.0256704165866711,0.0395913590396728,0.0282531692348533,0.0279385459008585,0.1714417345652376,0.0249392616696208,0.018501688294147,0.0307994065392819,0.0366173503495229,0.0286747378456676
333,165,98,0.0206888330883009,-0.0720373021927467,-0.0350241576459939,0.0080665164421158,0.0043071737078398,-0.0229387346934142,-0.0003332082830031,0.005580259092054,-0.0126175864973096,-0.0063811842702292,0.0204786992706048,-0.1499310132734412,0.0005380960874127,-0.0432404189967932,-0.0149960932766989,-0.0047799948823532,-0.0241604305003857,-0.0081718482159128,0.0004613259311099,-0.0022093362776339,0.0039578717890243,-0.0135126052145022,-0.0060858929831371,-0.0047860936929949,-0.0218456692238673,-0.0078178180857877,-0.0008079721824099,-0.0033588602491376,-0.0002507930410796,-0.0065375825159598,0.0600826404465119,0.3351741102438295,0.1534494855700059,0.0250190835495599,0.1751653888269211,0.0649634281107913,0.0138573353971331,0.1590273964978008,0.1516830616826574,0.0234409928478623,0.1608295238654789,1.047111517799859,0.0265613385320722,0.1479042055298043,0.0483119663481478,0.0458091182121322,0.1007139559261952,0.0358466204045284,0.0238300550902531,0.0244561063645149,0.022303202635905,0.0338315033706656,0.0238070044032412,0.021119252630612,0.099359665769163,0.028295720301985,0.0238405054087318,0.0113321553099992,0.0177286384954122,0.0346327088904698
334,160,103,0.0112053960902039,-0.0933222603078398,-0.058005774375957,-0.0063951685120124,0.0078046181308816,-0.011533259511465,0.003327960897814,-0.001093603148751,0.0262849717696277,0.0093050055743567,-0.0061267490814985,-0.4408872162011318,-0.0095280942888453,-0.00883146600278,-0.0032046412688929,-0.0006707093779966,-0.0171145059125509,-0.0046898778388979,-0.0033627911966448,-0.0003046966070653,-0.0066814366432175,-0.0111182793691351,-0.0082745908494594,0.001169712477877,-0.0004566635376725,-0.0019679107299267,-0.0024807734858537,-0.0044481989417707,-0.024334978704447,-0.0098223252858629,0.1359007568295631,0.4502599106522757,0.1888053499914175,0.0168429121592613,0.0613924508959165,0.0843225717432487,0.0343048539615881,0.1152905184089873,0.0963075281032725,0.0921243997482743,0.092027259758931,1.1582123922354093,0.0210604442363718,0.1181898036615431,0.0528019712802246,0.0328382262823498,0.0988029540678853,0.0443823612647727,0.0334399943796645,0.0291745367785232,0.0245956283951509,0.0278731900144076,0.0285655405539639,0.0184489159874587,0.0840652231247612,0.0222545880407578,0.018281742434805,0.0225115356892138,0.0368833915600923,0.0392127000653302
335,172,91,-0.0177783444667456,-0.0556627944786613,-0.015443302047599,0.0126187965684804,-0.0554490201796508,-0.016196714148456,-0.0155589677255809,-0.0798002973232266,-0.0414045171791411,0.0032681789033556,-0.023017686852986,-0.5115793121497609,0.0007390531544478,-0.0076270866852317,-0.0083845752855023,-0.0086987049213125,-0.0054464546570098,-0.0208892891025522,-0.0057909693834594,-0.0073279599130797,-0.0165646620761083,-0.0096694690373281,0.0027461307830603,-0.0005416552697789,-0.0113446263497068,0.0004150024036858,-0.0092986071508316,0.0019365332989525,-0.0014487726499027,-0.0077156672609426,0.1001229093189746,0.3106874335538613,0.1523657001179855,0.0393430473784431,0.1281623815466308,0.0902165083907758,0.0393131857137296,0.2620720933369249,0.1574369043306132,0.1741437737654683,0.11006719068342,1.5430126723543836,0.0134336358289459,0.0849010552993762,0.0442483421731239,0.0280612060209406,0.0650119018240073,0.0825128904461847,0.0355418513452697,0.0279864374324652,0.0371071276272504,0.0314228290496454,0.0205119737173375,0.0204591304360233,0.0592790786179383,0.0382793556638448,0.0241823980938317,0.0211163371726624,0.0181125389635389,0.0389442745282282
336,156,107,-0.0038700620887386,-0.0232391797019753,-0.0250506938139101,-0.0006525155468106,-0.0033435196338863,-0.0895125195363698,-0.0592489288582097,-0.0528459462381064,-0.0220359610297349,-0.0198071250764948,-0.0251266330141269,-0.3649116807460219,0.0002920237784191,-0.0326108705227367,-0.0135951273792575,0.0002796526835908,0.0040771600534372,-0.0113131249691139,0.004913472827905,0.0004578192963601,-0.011470231290709,-0.0110398315662602,-0.0003185366346752,0.0044606879706281,-0.0367252984181512,-0.0035291274834239,-0.0056187824829658,-0.0019620806218655,-0.014144258574034,-0.0108097414043431,0.120774506086222,0.2762040441359652,0.1879698945877832,0.0030956909321014,0.091501979651468,0.2883471225669057,0.0811029182557748,0.135264750592245,0.1290391248329517,0.1144508299234773,0.1893968280221788,1.291407166418895,0.0172946074890505,0.1462636637601889,0.0530379043184918,0.0255309994912764,0.0717115687271335,0.0308378114400692,0.0289676245892568,0.0483500277151104,0.0273731871250892,0.0282642134581406,0.0356708445823758,0.0229784661927381,0.1052718044297897,0.0234095005699101,0.0429630131668961,0.0182094249215545,0.0292318235403927,0.0273088972872392
337,167,96,0.0002205563656113,-0.0816212083005462,-0.005819148588678,-0.0081241673236638,-0.0264359763316974,-0.0258595000543095,-0.0092448802795565,-0.0355757050798452,-0.0161497620925028,-0.0136403629994465,-0.0418244834049455,-0.3964357243389173,-0.0019004596752627,-0.0287807326685246,-0.0078450526595373,-0.0100247190060409,-0.0152825101235224,-0.0157121607772508,-0.0066816792985936,-0.0100661162905221,-0.0046891954356692,-0.0100432913961721,-0.0100364914238251,-0.0110138110293932,-0.0216680435429167,-0.0107518496685407,-0.0069954134925342,-0.0067158807234275,-0.0026761577708169,-0.005569971417196,0.000459254760793,0.3605049984016825,0.1035048487036918,0.0414849888328238,0.0872236180261711,0.1790370407872183,0.0342399493373395,0.2243463931877716,0.2009105171069324,0.1044686041091858,0.1074117264782397,1.378978146618664,0.0265907573392134,0.1335163310595809,0.0314245934468255,0.07449237434314,0.0960685723146068,0.0967034407069059,0.0203350722166152,0.029451856021583,0.0300510735484483,0.0306493744740044,0.0237304735940575,0.0248830826938878,0.0939028230495995,0.0252243001507728,0.0291130276415118,0.0223018302373633,0.0211197182616724,0.0433580751471517
338,171,92,-0.0003949286908184,-0.1159128933193994,-0.0003629556417485,-0.0065324662913729,-0.0490741364717324,-0.012240946705867,-0.0054809486671412,-0.0692108748214184,-0.0087254505865763,-0.0177820123895809,-0.0150708967692196,-0.4390199428244771,-0.0075176086511344,-0.0104926101351988,-0.0609789944799057,-0.0131427267889202,-0.0271453867837612,-0.0282961453694584,-0.0041681916004045,-0.0086536956225596,-0.0030901603646486,-0.0052534123613898,-0.0149642605623138,0.005328406601594,-0.0143318074588097,-0.0018311090794296,-0.0219786029079152,-0.0032908780729342,-0.0134338678893113,-0.0164326422565329,0.0071654142343243,0.4014898072221315,0.0569298672946159,0.0347829047776803,0.2378000016141229,0.0256997535771632,0.030438705137361,0.1927842262359218,0.1012223762409268,0.067422657861972,0.0904825309044902,1.3737858038813802,0.024793900370221,0.0580407496931778,0.1520485252844754,0.0306635941350406,0.0597084302407521,0.0731264854145151,0.0163439418729506,0.0279816519883008,0.0232371786089514,0.02205611067414,0.0288546819067172,0.0293866742407798,0.0546157008737337,0.0233249135903793,0.03635307588554,0.0223582886791296,0.0300333511970331,0.0645831888170128
339,172,91,0.0116393608890836,-0.091185220971174,-0.0018657446996423,0.0017348417973716,0.0017731931798432,-0.0112842058917603,0.0040432961706733,-0.0330714270096984,-0.023471991870152,-0.0327208021135568,-0.0277568800146699,-0.374916325926883,-0.0142985982715819,-0.0375335071653979,-0.0165880402538803,-0.0084431225296838,-0.0283695487373286,-0.014806329326641,-0.0093546956505121,-0.0071373066865046,-0.0062937614755919,-0.0122908193706866,-0.0057446190658859,-0.0063730654191289,-0.0132033828745074,-0.010544255043285,-0.0021778328533043,-0.004902060513703,-0.0038473601037874,-0.0174017445744044,0.1133691048825108,0.2931629005961823,0.0775431269988392,0.0052560244361395,0.1060311844892673,0.1489440347243047,0.0193736544036031,0.1455550756315264,0.1570503287424418,0.0810209092722785,0.074783758484439,1.192123635317545,0.0357947627687882,0.1056415572763744,0.0482546878262785,0.0421483204693787,0.0915240490353518,0.0431625773538166,0.0270823813355235,0.0316065171891244,0.0330518271803465,0.0282080380488738,0.0269469838748441,0.0190266745554209,0.0660446596162649,0.0424120952439081,0.0304499821886432,0.014492825606492,0.0214914360479959,0.0387871487854792
340,171,92,0.0039396078572746,-0.0483139243978715,-0.0245731046491632,0.000712192747368,-0.0029944259027028,-0.0031208289669702,0.0009465963323926,-0.0169555603841973,-0.0205266731429762,-0.0170111871574318,-0.0044417738932391,-0.2182264604457244,-0.0030410918965508,-0.0130124352733304,-0.0019525651903014,-0.0027960748036369,-0.0235027471510122,-0.0057672346435895,0.0008174087531017,0.0026420583572144,-0.0001369718642725,-0.0002374718337983,0.0059643317703547,-0.0002365979238276,-0.0040316792395458,-0.0121922062524538,0.000252515383797,0.0017608480747302,-0.0041863542259657,-0.0025990265885082,0.0112615236911513,0.3565730757404128,0.1690638597066441,0.0177404107479982,0.109345192247317,0.0242381687033006,0.006503084913312,0.132040383586674,0.242385412903157,0.0989799051578126,0.0712928931738282,1.1327639294704046,0.0397168851873543,0.1573971764518823,0.0416915003576923,0.0503957776963531,0.2292656577283099,0.0968485533607305,0.0387349525037217,0.0259254591472001,0.0270073220424386,0.0228349306350022,0.0317225994843203,0.0318737386479839,0.0681353262248005,0.0452964799730918,0.026625080124134,0.023185706013508,0.0317478579579016,0.056435041057116
341,169,94,-0.0057720887975467,-0.0669103926185217,-0.046770905194436,-0.0062933837144056,-0.0276532111487656,5.784148926388017e-05,-0.0039724939194013,-0.0225124175469638,-0.0064152312818573,0.0090011719466672,-0.0483352574219561,-0.4534805912193386,-0.0142626315731593,-0.0038609006523775,-0.0159301514563286,-0.0038163246754173,0.0006087876189743,-0.0059734178881647,0.0033866549280255,-0.0101581268190377,-0.008100627388099,-0.0104664622615916,0.0011549337471849,-0.0038326836238266,-0.020093206922782,-0.021936998622868,-0.0097892709573532,-0.0032506489600519,-0.0139847617447422,-0.0094808640980791,0.0515847476110771,0.2884779376006311,0.1405084598985722,0.0405092957597279,0.1884785110560632,0.1339099723475102,0.0168235954757545,0.2019515144299206,0.1956421033460463,0.1365580489323382,0.1428785048245681,1.4538534376040728,0.0252302099060805,0.0457258191844571,0.0491657983444622,0.0636534731811096,0.0469736911795003,0.0281940064767451,0.0320859259118585,0.0359114273778624,0.0270942649438565,0.0339725317487078,0.0343572597747018,0.0164317066369266,0.054724799320624,0.0548133649343494,0.0447214156760534,0.018576174763004,0.0276756376023011,0.0567816047573974
342,170,93,-0.0001130409971349,-0.0134827632300782,-0.0599890798191806,-0.0392457092105048,-0.0060552143916124,-0.0246251102019375,0.0027130186347168,-0.0390491406371099,4.332552159166284e-05,0.023912799447476,-0.0030952794721738,-0.228314063832684,-0.0055308801015292,-0.0135122177017141,-0.0065473607471043,-0.0045884577712497,-0.0194546826395815,-0.0106125700062352,-0.0128053854103973,0.0090812744678137,-0.0067105792378674,-0.0012852210919437,-0.004403672009775,-0.0005960409141805,-0.005580316088922,-0.0052183583640766,0.0020504166773573,-0.0005924752364237,-0.0017225443725629,-0.0091919434329222,0.0007147628454583,0.2055679655505874,0.1531144650731412,0.0685197517479335,0.0350095404279655,0.0853188476106803,0.0482824170582126,0.14596709108769,0.1594580255609546,0.1945091779842388,0.1743054005943037,1.0699560613725752,0.0477209724588416,0.1957893661825189,0.0505137189552915,0.10553944523367,0.0945625332087106,0.0541329584677355,0.0335897598399389,0.0405503033821673,0.0294755344731206,0.0496413764661657,0.0239176593067553,0.0383221870980668,0.0469280101452231,0.0291320855530523,0.0318060967845073,0.0139172461769087,0.037573645979226,0.0539869856584099
343,159,104,-0.0004768893326125,-0.1235400550919549,-0.0035950565502296,0.000962341952012,-0.0078478275880064,-0.0151517424102546,-0.0004284771501127,0.0117035853580628,-0.0053536738163577,-0.0009613211230736,-0.0340318919587168,-0.4997443073938165,-0.0049989878359077,-0.0069616548470134,-0.0060851076612546,-0.0124463077711869,-0.0111475192620237,-0.0040236581742355,-0.0051426987712342,-0.0047148121338869,0.0053369884119514,-0.0113470223295467,-0.0115833682684592,-0.0111482464432191,-0.0057148835612082,-0.0126790343286422,-0.008666348073586,-0.0042570742470971,0.00187918242211,0.0021475579259729,0.019305193592027,0.4184724557403533,0.0687925872227237,0.0455299762848157,0.1182217979611034,0.1069628408490118,0.01480881253987,0.1706274822313329,0.1493671316608681,0.1365741541199742,0.1564073155357716,1.3737829509028454,0.0252126108410485,0.1056883498917117,0.0384483309187572,0.0319993529278259,0.1218967393020717,0.0395788506009763,0.0385032159552652,0.030611046591385,0.021574523272778,0.0371535367433277,0.0292526533231011,0.0178745343583005,0.0600383918567015,0.0783466254214896,0.0383773484385807,0.0281306870099279,0.020344828107953,0.0306043699427414
344,170,93,-2.2914440894841585e-06,-0.0263771270214568,-0.0241768621217452,-0.0013234310042366,-0.0066075621393045,0.0010452296131317,-0.0025153460376366,-0.0222872990203422,-0.0349069793751296,-0.019615687540907,-0.0069868530011077,-0.2317012585752024,-0.0005989521411759,-0.0437812539280009,-0.00494134808733,-0.0039413709706424,-0.0084009656018854,-0.007077834081251,-0.0077082409370494,-0.0002295158832628,-0.00644790070092,-0.0168280036080633,-0.0044320052789109,-0.0096723289523153,-0.0162535131115351,-0.0117950749657484,-0.0072665108027957,-0.0108062242836229,-0.0079966335482362,-0.0064234351620111,0.0001002608104695,0.2458210951730788,0.1158738102530576,0.0180878854681387,0.045547684372666,0.0755948567817154,0.0254487039803871,0.1703211298828039,0.1683877166610804,0.1104279583300378,0.0967783783799342,1.19948430753958,0.0275377282246804,0.1126989091455809,0.0417689488270096,0.0405448554207435,0.0394368558879473,0.029731026131558,0.0287383813568972,0.0415827005760699,0.0203994049349649,0.0359158122947033,0.0351804572803341,0.030373411823373,0.0739133962997331,0.0524879432959298,0.0230025790355853,0.0390830083485031,0.0389252419624697,0.0298139041653391
345,163,100,0.0005179272589127,-0.0007396748681503,-0.0352406065811937,0.0017982626947433,0.0086545029195212,-0.0020675692165876,-0.0114799935782104,-0.0331815815790057,-0.0681571559257948,-0.0276233177147034,-0.0288596439466212,-0.2641113991376025,-0.0141910637732959,-0.0267786152150693,-0.0032413767285305,-0.0023444923881899,-0.046371578527052,-0.0062153071035537,-0.0105363683031139,0.0005556491264898,-0.0012667227179642,-0.0047253819362543,0.0032803182796107,-0.0114267751605543,-0.0538223428068838,-0.0104781018491906,-0.0028487113564821,0.0050984256186716,4.5459269569752174e-05,-0.0026074692047657,0.0030303466803749,0.1338366794025512,0.2704395459761212,0.0202477552842352,0.087664131650575,0.0442980172494047,0.0290938613764667,0.1531304024877919,0.2258568826360639,0.0910187400177585,0.1073148972712534,1.1985036048606388,0.0308625552670503,0.09453398278456,0.0472429607765599,0.0277319588476467,0.3022900719911509,0.0222063763192841,0.0437809040529279,0.0321212963017595,0.0380677809428203,0.0258242350583875,0.0467947195167787,0.0368845517530128,0.1571261031002683,0.0297374123673786,0.0268903979386564,0.0219969793991852,0.0285768766221228,0.040654927777749
346,175,88,-0.0234102351205568,-0.055593721622712,-0.0178510174803857,-0.0199623194577346,-0.0082299618208633,-0.0247054527609861,0.0002194896832902,-0.0034151161749074,-0.0346853089211397,-0.0105186430424764,0.0035766459129449,-0.2417146553429502,-0.0095398725041213,-0.0355871953399427,-0.0132339177184799,-0.0113373699796795,-0.0430868894727299,-0.0277999238182812,-0.005629318903545,-0.0104993781486123,-0.0054114534336061,-0.0072769235076524,-0.0018625895270043,-0.0127893931163819,-0.0154651879031038,-0.0064419597174611,-0.0068264859323009,-0.0021554662229248,0.0022725992791396,-0.0125192175492065,0.081018647451162,0.2762874179859384,0.1695663148197561,0.0847488449301449,0.1043256560211518,0.0901468585168852,0.017734700154722,0.1225918808045836,0.2255747425523715,0.1089758302405151,0.1276746410743563,1.132470422329227,0.025602910685862,0.0914821226899397,0.0287122470022885,0.0684467327011298,0.1354051384022981,0.0940165347747507,0.0348327208592843,0.0170545328602042,0.0187214101119218,0.0241101599598151,0.031428378243298,0.0389121919574869,0.1113058631197815,0.0193559405719148,0.0290246350846728,0.0154501572281073,0.0183686437035648,0.0345795816604534
347,157,106,0.0024842291652625,-0.1105483211015399,-0.0143531843121525,-0.0018733858339413,0.0081456877802948,-0.0247069969714986,-0.0017471524269191,-0.042023514092476,-0.0065512370599915,0.0540296043125063,0.0025378159458949,-0.3970810894750614,-0.003852562518253,-0.0142644297944769,0.0042748262480683,-0.0045403976080626,0.0016827113047281,-0.0123778618300801,-0.0062366539074981,0.0011190540572249,-0.004916926354026,-0.0102267902768325,-0.0068611188301959,-0.0106573699296241,-0.0048877623682397,-0.0039553317392561,-0.001802550457315,-0.0016827702431352,0.0012483089468151,-0.0044781219066677,0.0199466953209274,0.350268109558525,0.1006263125799928,0.0209330930589481,0.0656023119051504,0.1136056239070799,0.0129601140950248,0.3331455273144575,0.0940543785457726,0.2243310684702494,0.11070065616061,1.6549261170320912,0.0245491629313106,0.28905040187748,0.0421909880879346,0.0262626669571713,0.0691945910532819,0.0750424060182329,0.0258309248611631,0.0377915590271309,0.0306228037140627,0.0188088590698069,0.0257669692289189,0.0336472389038367,0.0400235127928219,0.0347134878031126,0.0340946338627487,0.0225898971023084,0.0279865442687546,0.0537029829292636
348,166,97,0.0006625211092367,-0.0093700460862439,0.0043479469186172,-0.005984425649889,-0.0044354756335268,-0.0046338437633246,-0.0016108103097149,-0.029087037333302,-0.0344789939206154,0.0120755166661804,-0.0014188984190222,-0.2739279884593419,0.0010433507904703,-0.0122124797787822,-0.0001151317180509,-0.0204556650386763,-0.0322857657328358,-0.0127047441922396,-0.002748564486263,-0.0073407181238618,-0.0071962916134753,-0.0082829996540665,-0.0035612451041963,-0.0024305847772359,-0.0136414839707484,-0.0140610559746991,-0.0047827449545855,-0.0023397249264854,-0.0047827162072442,-0.0013259740411196,0.0170430272842502,0.2299513975458357,0.1199247667837207,0.0251462296450475,0.0967485934590337,0.2170334175783695,0.0183914155798192,0.1952709201054264,0.137851764994002,0.1892348489702581,0.1566433334690979,1.1690479308316986,0.0384522116652754,0.1097336969537516,0.0458361524780839,0.0724990254961438,0.1343920763592655,0.0534299775482372,0.0328149096684984,0.0477861895277212,0.0405912973700599,0.0476618759518211,0.0237519431352378,0.0210712411469421,0.0827243176335864,0.049828286338448,0.0291372495986354,0.0261899209285495,0.0287204509875466,0.0514678076860234
349,164,99,-0.0001415254363204,-0.052870223061296,-0.0212031267234965,0.0008245500411396,0.0017865434837195,-0.0309299614080398,-0.0034641800720995,-0.0181140424848925,-0.0216440911527825,-0.0430840360094849,-0.0027909434902454,-0.1871571001001361,-0.0026169613060723,-0.0120241598896895,-0.0035703922268293,-0.0010036766815113,-0.0152722126310853,-0.0117709297165986,-0.0033143872581243,-0.007340916631734,-0.0094164058281455,-0.0069943601614936,-0.0060167516698418,-0.005687294957451,-0.0147369071978187,-0.005102501005843,-0.0059889076744964,-0.0054850101351155,-0.005567045788011,-0.0063021460106903,0.0412808201740451,0.2773851211440089,0.0796622725703081,0.0063024835771299,0.064492582054196,0.1904299530650634,0.0099780709177862,0.1770064593636998,0.1745603748171618,0.0873403564107002,0.0173142020596256,1.232269084940753,0.0219089557144581,0.071202611997499,0.0386728317745671,0.0888026301805298,0.0860175309480177,0.0905075316456218,0.0346821804127224,0.0267682494860035,0.0256066586284999,0.0255788108053948,0.0152639067029684,0.0202695340896419,0.0873243208697113,0.0300354488251428,0.021315444137316,0.0208356651199312,0.0317803727374142,0.0375930883132932
350,166,97,-0.0034313928111407,0.0025414308524018,-0.0191226320026281,-0.0053465026095434,-0.0225462976743957,-0.0392540697994843,0.0035099303324583,0.0011024597448001,0.0082070998442086,-0.0112193376172274,-0.0444542949376014,-0.296956879580374,-0.0028682596785188,-0.0126892695287555,-0.0076758125714755,0.0036384037819464,-0.0497518849491339,-0.0081075882898226,-0.0073304079485581,-0.0090714316557127,-0.0035151126739879,-0.0025426857336751,-0.007714004490237,-0.005408763770644,-0.0124225200860924,-0.0057365034141189,-0.0215549475071443,-0.0123363031027374,6.528023547252859e-05,-0.0125494022319641,0.041170108577048,0.3578415281488136,0.0731158743952683,0.0249197955686438,0.1695756278111324,0.1639991752433251,0.0652297912944679,0.2223642307744588,0.0911896500036351,0.1401261116932258,0.3098922296240585,1.3526761867068111,0.0398028594328863,0.0831890451704122,0.0889045079245796,0.0622086829820744,0.1348513383659413,0.0437785721616135,0.0276406878452415,0.0416382834673437,0.0194255030851913,0.032228212905834,0.0360544524383264,0.0276978411910121,0.058154709656243,0.0736873698841226,0.0548842171059814,0.035060771759813,0.0287708986359405,0.0390851405417745
351,174,89,-0.0003059351750369,-0.0337511298812791,-0.0381752046659823,-0.0010688655636796,-0.013929917210692,-0.0441736926303784,-0.0037211317504444,-0.0254350876232445,-0.0522983294716202,-0.0064434215294175,-0.0294339479519645,-0.2722397541638252,-0.0059883286192278,-0.0153886152653843,-0.003019996574742,-0.0196486845035473,-0.0407738781364873,-0.0090624371156256,-0.0035611712601451,-0.0041823620819084,-0.0040684343561935,-0.0057207901398098,-0.0102722021368543,-0.0060343083887981,-0.0060799136696405,-0.0089951049877302,-0.0113170153935174,-0.0056342281485548,-0.0064613149563179,-0.0039217732174092,0.0048427360690219,0.2528921069462395,0.2028082612554428,0.0019990492637022,0.0672957321191106,0.2737945907410245,0.0207695290690104,0.147273649630882,0.2801789599650168,0.0182418457713443,0.1691709961884294,1.2808519010627433,0.0289971670259722,0.1114462654333729,0.0306512473785157,0.069904935952253,0.1174724663994625,0.2200629876207278,0.0269862691509187,0.0303669399529633,0.0222802119269486,0.0171432653727733,0.0336797206641219,0.0264854954511053,0.0491754617111883,0.031048915727454,0.0341825646524334,0.0309473874834671,0.0270291102253848,0.041423910151145
352,163,100,0.0001502785646582,-0.0273598268078376,-0.0613997658409541,-0.0060353811545903,-0.0248557247969934,-0.0285103705346746,-0.0062714660242628,-0.1301704000444737,-0.0133473006966128,-0.0182538905664321,-0.0407479212541131,-0.2934476984833892,-0.0076284764722938,-0.0428704453290184,-0.0176107842939092,0.0013404239492558,-0.0210900881169323,-0.0077987163985837,-0.0024943575804922,-4.242555706649845e-05,-0.0033701393847775,0.0042314580620289,0.0007003663876539,-0.0203542472994748,-0.0166430091209118,0.0029196040796971,-0.0083967421691675,-0.0048845644150015,-0.0047590314203957,0.00332147438198,0.0013106308297783,0.3080884148826636,0.2451537483484387,0.0306138036102695,0.1326191278298742,0.0877989186809618,0.022795045951698,0.3567711908526,0.1786564955760715,0.1541156309846741,0.1907312488236435,1.123114880682926,0.041203263503354,0.175056237211323,0.0418414742499755,0.0432866685703435,0.0906802955284805,0.0415704898271763,0.0348646509494665,0.0290559300445494,0.0295211931309306,0.0304644665123318,0.0296008870093345,0.0354575289980934,0.0585212136831935,0.0429944475723981,0.0262713450106747,0.0170487298686037,0.0289082288944498,0.0312684872994929
353,175,88,-0.0078274625061003,-0.0316508078450358,-0.0849581931986858,0.0048233346315008,-0.0145135414260177,-0.0518294853889189,-0.0333588495451977,0.0112414805063949,-0.0574043010463397,0.0112047474079586,-0.0312009278878187,-0.3700902430753955,-0.0080017886049421,-0.0871637720586008,-0.0217098811689592,-0.0125473043129141,-0.035600996968355,-0.0089443587621572,-0.0201168522008078,0.0006390722079967,-0.0118674787655781,-0.014077074097582,-0.0013977732080957,-0.0129752006104918,-0.0259632810235065,-0.011186394168334,-0.0085026073907865,-0.0054105825986585,-0.0054733554140617,-0.0194464076410024,0.0718157959499567,0.2333099540678696,0.182804805882738,0.0342986757747457,0.1096068384736817,0.2153881168062785,0.0885605002308772,0.0906551628025327,0.2252140399070897,0.1689500572743895,0.0987217761486061,1.179530583368127,0.0435661125288567,0.1741621470744015,0.0513805865589188,0.0725727175408769,0.0833972029099159,0.0739523907118152,0.0384925984528652,0.0375202600296813,0.0337069475276738,0.0469828197884011,0.0174929535151926,0.0463440736960563,0.0941668777783003,0.03545286263454,0.0221972281027277,0.0147782766545396,0.0212099546676407,0.0510240684474991
354,168,95,-0.0091568538356618,-0.200791180011126,-0.0069022313476293,-0.0023463877396857,-0.096379104546158,-0.0035674301778909,0.0056329521905186,-0.0220120571238026,0.001012144676342,-0.0028900138935103,-0.0031483927185184,-0.386307664489934,-0.0031221338119138,-0.0157512245215974,-0.0113288473214569,-0.0239314091027122,-0.0424951549103634,-0.0003155726037695,-0.0070551569435222,-0.0066113013524189,-0.0080832068144521,-0.0076309767902472,-0.0028123213914772,-0.0040468644056788,-0.0122423097099313,-0.0083879367006668,-0.0091004011282297,-0.0050366213246031,-0.011926320563249,-0.004615090899565,0.0712182582371061,0.5200308686679855,0.1342536910828529,0.0079793508673731,0.1846477714824066,0.0403674738189107,0.0170096571931472,0.2344644227478735,0.1182677794935848,0.1293340163076738,0.1459512235857993,1.3290501940893795,0.0250121190023351,0.1707591381024443,0.0339367236399476,0.0772656028748553,0.1952814548391349,0.0460214203483134,0.0219238662990972,0.0299603921604469,0.0370825216364722,0.0316251201807975,0.026646632862931,0.0267740306509934,0.044252172253517,0.0375200150884344,0.0325231695377235,0.025605753611059,0.0307060474656698,0.0319435392154452
355,166,97,0.0025369920984209,-0.2131110253222477,-0.0297526096656269,-0.004925899361128,0.0025404859721732,-0.0112593575343342,-0.038111838178548,0.005017604139854,-0.036092694563652,0.0193689816025789,-0.0101126974426414,-0.2687409994473784,-0.0037947141662459,-0.0688736312547132,-0.0022476696702172,-0.0138284934787187,-0.0178024530554148,-0.0132437536639198,-0.0114865971910998,-0.0100022209384957,-0.0142165940380436,-0.010773504748264,-0.0143649770352882,-0.0106848039213248,-0.0399401553353667,-0.0051195550496698,-0.0169541875435409,-0.0035661955634182,-0.0136255210700437,-0.0034280273775906,0.0084361062430699,0.5276344953941369,0.3107383218514584,0.0111361151937999,0.1547891493977954,0.078345761323428,0.0775829386928852,0.121700445852866,0.2242101767318266,0.127769044385206,0.1360643149572132,1.0809440357247673,0.0275515240991798,0.1741338848818253,0.0464237118371134,0.1237598468287639,0.1060375310864981,0.1406782645903683,0.0384117410277292,0.033829351768384,0.034514460766071,0.0450565210803159,0.0420525994355083,0.0306190307764194,0.139347655213666,0.0285455711264813,0.0366685535303103,0.0250738691469569,0.027232381913394,0.030934799398834
356,167,96,0.0031703289926167,-0.065104086149519,-0.0046148373361477,0.0010778635712187,-0.0040187812026888,-0.0260320388453828,0.0007824331956712,-0.0084578999342269,-0.0251234314535258,-0.0246472288898313,-0.0204314467820485,-0.3054758491487258,0.0008416608496504,-0.0210839925573972,-0.0187387018403321,-0.0267556114833238,-0.0234572717899203,-0.0232816783974625,-0.0022682607289988,0.008274119413067,-0.0091154516851685,-0.0053621812782518,-0.0018050445042184,0.0009187168150636,-0.0249528743078847,-0.0017273171653134,-0.0038592037225115,-0.0043684918271538,0.0008095165759223,-0.0054088190269531,0.0336482606122913,0.2534849398140651,0.1087318826918231,0.0372907234575494,0.0574028147048582,0.1401180777654195,0.0040558768290742,0.1104842080610019,0.179572016605166,0.1317933189173867,0.0782107862645729,1.0871868635802333,0.0294031975120054,0.1007749871111908,0.0526460149804414,0.0894028736711743,0.086019481762099,0.0866180140040913,0.0290715966829149,0.018994801729118,0.0298953017372052,0.0382410891692154,0.0271175179947784,0.0198306498451771,0.0706512217409494,0.0278210713848511,0.0272046055234624,0.0228266072167781,0.0138496517731774,0.048534827979526
357,164,99,-9.41424091061876e-05,-0.1170540448832326,0.0055302105386309,0.0015586466064418,-0.075600869879693,-0.0078817708693544,-0.0114522288109048,-0.0254277239400404,-0.0009311219042103,-0.0246050108975341,0.0334591582419764,-0.4161288118395689,-0.0025065394344892,0.0018380368576366,-0.0010923620357269,-0.004124583978007,-0.004848425889099,-0.0044358790160876,-0.0002621820265822,-0.0031627548360947,-0.0032846331453298,-0.0062970968753324,-0.003610145145561,0.0002405358370502,-0.009408287673708,-0.009232563313857,-0.0028086413852982,-0.0055379022871383,-0.0060634395279348,-0.0019018516482241,0.0002776456032435,0.3928395270608348,0.1022772080905334,0.0036335332022951,0.221127955435005,0.0725389459302276,0.0405146551683855,0.2671322029483448,0.0700099245492081,0.1804896200760237,0.1330064624531733,1.3934989796125967,0.0221240260752003,0.0665635128901787,0.059386155217222,0.0407199433179475,0.0457654449226042,0.057178479536365,0.020838064447846,0.0339425143500156,0.0321948926984668,0.0304940018322834,0.0361291698978431,0.021524977754906,0.050959745316537,0.0764055353994845,0.0271151549794888,0.0348926644297274,0.0214563606132203,0.0253311755393092
358,168,95,0.0022268691835385,-0.0412290968966965,-0.0126408763645251,-0.0016021784622305,-0.0178985082303595,0.0059785658096448,-0.0097162941340481,-0.0125338784830824,0.0071194570168355,-0.0114376567633995,0.0053078405338744,-0.2947242366052555,-0.0116689824938319,-0.0464060513946245,-0.017164490656782,-0.0039268436050916,-0.0494819519501102,-0.0172447153121816,-0.0014679188280536,-0.0107699362318323,-0.0014587179321405,-0.0040821269705853,-0.0083704664338538,-0.002535442331198,-0.0042272865821343,-0.0128935914115564,-0.0109973085439184,0.0016728131152878,-0.0118355643571449,-0.0085924678672206,0.0318260878288662,0.2920459618692458,0.0955819758244431,0.0252682420280552,0.1452064974725409,0.1314309824039617,0.0467892582960765,0.1580706647901954,0.1158618009537893,0.1466753112620978,0.099342362162708,1.1571043456790149,0.0382629202319751,0.1434260750307325,0.0540510719064301,0.0420041135114819,0.1264631442234408,0.0459764251734881,0.0304145697080547,0.0261614434010049,0.0117234814637464,0.0283233844142683,0.0415824391985872,0.0231172288041805,0.0559455571990773,0.0544917336939195,0.040198553559903,0.0238059073275085,0.0354056074507338,0.0510478647320166
359,162,101,-0.0146869609702599,-0.0845558532640201,-0.0055544379725765,0.0053082623251644,-0.0164729337366796,-0.0315226535844517,-0.0002130337575736,0.0056459830397091,0.0048881040230171,-0.0146483885727194,0.0022241576552265,-0.3001584548710287,-0.0064622934313815,-0.0113845877796689,-0.0110015924913195,-0.0028137371511467,-0.0276760006955145,0.0066617370202601,-0.0064786690010229,-0.0056989196022878,0.0002026961397359,-0.0102954711748187,-0.006754515828506,-0.005393082424369,-0.0133818120290709,-0.0172281550825728,-0.0107830658075013,-0.0088552460827318,-0.0089215808436681,7.257173891145068e-05,0.0527431529706084,0.3435730355215279,0.1116737532832138,0.019811922009755,0.0968385079724985,0.1016765994964254,0.0071570642133466,0.2244774857853746,0.1891771079039225,0.0729765922212766,0.0474007972582696,1.3459278559941792,0.0208302792293478,0.1321692455690973,0.0510432019459498,0.0381711591572594,0.1600875900810693,0.072124823011969,0.0244997682670779,0.0307297601009539,0.0241103803108856,0.0292936468751781,0.0306793361398034,0.0315049244658496,0.0699920189979705,0.0328812846267697,0.0303622951215247,0.0262256569944223,0.02461578716325,0.0522072043611354
360,162,101,-0.0164491398353931,-0.1311256333083075,-0.0179960177284484,-0.0108406018823826,0.0039166110595549,-0.0955044071188589,0.0051739831346313,-0.0230039262414417,-0.0008397297610568,-0.0227496461685854,-0.0198317259283259,-0.0903888876176096,0.0020874654450694,-0.011036436198481,-0.0051280832159257,-0.0070658408419344,-0.0443750779377922,-0.0005477234186799,-0.0062950232667865,-0.0020683970553095,-0.0070627835191171,-0.0016159325409836,-0.0062209989420752,-0.0049733058556877,0.0003446209334197,0.0024934315909568,-0.0075234925429664,-0.0107865129054148,0.0022822893051311,-0.0122726897885451,0.0618446087716137,0.4255342626716057,0.1853529463113225,0.0194396640976151,0.0712904615187925,0.276352253107235,0.0191210720463588,0.128175242404695,0.1394912665145709,0.1085594017044944,0.1113518746643426,0.9814279327924836,0.0294693921755775,0.0574110642154601,0.035605991419738,0.0308232950648203,0.1656674215310773,0.1007948580160528,0.0185074222629146,0.0213313484032348,0.0316203111918431,0.0142349636306953,0.0265499375883213,0.0291022820917952,0.0871361560894273,0.034589277332249,0.0249820732329437,0.0217816283571172,0.0237216537860969,0.0426954887869858
361,173,90,-6.142554524139197e-05,-0.1481749862919403,-0.0059353897179685,0.0039905402192464,-0.0037535848759794,-0.0191914687517505,-0.0008887656733498,-0.0304588921037201,-0.0284372102351979,0.0156498027853651,-0.0532189227827359,-0.2235307287685269,0.001004608955415,-0.0623225478980714,-0.0125540005276627,-0.0101989802761329,-0.017934981710506,-0.0130323701629578,-0.0119793807591004,-0.0023178418049041,-0.0025936725863172,-0.0040226684588682,-0.0014997738718023,-0.0096849464978939,-0.0087692701458595,-0.0105700085611663,-0.0202686537576619,-0.0186498451662262,-0.0016797785981406,-0.0116993863079533,0.0021362125573073,0.4746544188554922,0.1284577128007662,0.0228391964831493,0.0470126533798727,0.083333684426045,0.0455221375599359,0.1386965299825533,0.1568887591077295,0.1404716492931621,0.3110681678462526,1.2241127730310415,0.0377462343419863,0.1512153744984777,0.0336252605761105,0.0288809759123316,0.1453912737638105,0.0303426581247102,0.0285275537154284,0.0233622649329108,0.0228763110590672,0.021706399247456,0.0198010859730619,0.0277792016585882,0.0434914415866901,0.0604491252887722,0.0386332202269306,0.0332917615831771,0.0131567527488905,0.0300438493799818
362,165,98,-0.0128230283000345,-0.0963740549086022,-0.0064729430189014,0.0009738141836188,-0.0053669865720547,-0.071001666791214,-0.0025584514788271,-0.0219904971632603,0.0026716061601399,0.0093438557818323,-0.0060368420640012,-0.6005110004363902,-0.0147730099217556,-0.0310848031319402,-0.0206099498135398,-0.0007429729217251,-0.0186317804831868,-0.0139347611099439,-0.0059401460756648,-0.0024609619305045,-0.0141097544326335,-0.0112432436776029,-0.00270691883176,-0.0045422940510653,-0.0136194838674021,-0.0126695264668154,-0.0060944741752968,-0.0020919418211505,-0.003074740227164,-0.0185530537662807,0.0686048694905401,0.3798395719178425,0.1002857430266126,0.0168449759390293,0.0419586295322854,0.2203900630877509,0.0141350371579262,0.118775156628698,0.14074747801467,0.1478408817126315,0.1526172503860787,1.4628609312263947,0.0328881388770828,0.0916951799391648,0.0856513695637522,0.0589205050393445,0.050884677869126,0.0546608257462288,0.0386459805874566,0.0194500450065273,0.0455026938611419,0.0412239036755718,0.0338072923814904,0.0234528372812118,0.0505507178228911,0.0410441302323979,0.0435628119467909,0.0279995647759795,0.0359393048596223,0.0493178100946195
363,168,95,-0.0172906706533472,-0.0145688388736689,-0.0337567947478093,-0.0015809782499429,-0.0063566891239541,-0.011392018274275,-0.0128817235002572,-0.0091568342344915,-0.0388111352405453,-0.0299457940902494,-0.023467531815595,-0.4054575836693778,-0.0105451377265998,-0.0377775704767657,-0.0080617780169093,-0.0087451427920175,-0.0260698845735962,-0.009178862941984,-0.0079713362921432,-0.0128474525941717,-0.0058986069135228,-0.009026095893576,-0.0119239026175391,-0.0106297766269683,-0.0115299467475297,-0.0110017949229471,0.0015027736268132,-0.009543019285874,-0.007186212302626,-0.0141955153577922,0.0695926081574736,0.2834192098183994,0.1906415211180236,0.0168576567283737,0.1276505173002871,0.0634247644364917,0.0414861117315998,0.2194572622030973,0.241937964009539,0.0923461740449878,0.1465038422310209,1.4244040409766887,0.0411101666688249,0.1267843125478027,0.0436696178421527,0.0686398695789304,0.0982075607937992,0.0367365577291334,0.0334046575545237,0.0329070652784743,0.0226159018035515,0.0286755200995618,0.0336943303622991,0.0243956366493243,0.052350087329915,0.0563815646287515,0.0310716486755145,0.0243139033026453,0.0358549006450047,0.0477194746130337
364,165,98,0.0015484844485872,-0.008787032910035,-0.0114675902387845,-0.0072359240152796,-0.047233423879437,-0.0141841677580446,-0.0086147420484035,-0.0264458813889857,-0.0139843580831163,-0.0109795240372909,-0.0057732142638804,-0.3927378322081713,-0.0141408933394745,-0.0028501714303165,-0.0119243607811453,-0.0192776623098665,-0.0200898930453726,0.0053371819544185,-0.0043757850491418,-0.0132056866664072,-0.0106631180739072,-0.0019477700672059,-0.0127940551300674,-0.0055726550414841,-0.0251202820506958,-0.0013977988548962,-0.0066278973600397,0.0040620408998804,-0.014106400294971,-0.0158713450050316,0.0338760360960886,0.2505239394214735,0.1622190164834738,0.0215943718829836,0.1419812400270464,0.2387764573088938,0.036691621432845,0.147483902283153,0.1186109461587543,0.119996173717558,0.0447588171020039,1.3830499850505151,0.0505909440418676,0.0830411813481234,0.0682287064656184,0.0348070574742752,0.0524419430500403,0.0589230453872761,0.0448988877941415,0.0578890055601553,0.0314218528123036,0.0208830274022987,0.0391993615707573,0.0330388775263691,0.1071092290150002,0.0396673070368613,0.0505790734154156,0.0152284242505357,0.0376743952667794,0.0619730840438456
365,170,93,0.0004601137714769,-0.1194744056636128,-0.0278423391435566,-0.0045521590351323,-0.0615073926861366,-0.0093254859607013,-0.0007581104013018,-0.0295074221907915,-0.051779948357938,0.0008134163661474,-0.0042074087099888,-0.384011691934268,-0.0061658693785539,-0.0187459127139308,-0.0058160618531711,-0.000481990031346,-0.0125452597395738,-0.0032963441365229,0.0013441572559933,-0.0080672951953028,-0.0055062575275977,-0.0066250435979164,-0.0059091446250146,-0.0043159476431743,-0.0101930224080552,-0.0179924068904601,7.700900125118185e-05,-0.0012557245259686,-0.0096260260313175,-0.0086949276343626,0.001732092585403,0.3986468745670309,0.14275482399651,0.0119119533550712,0.157219809568735,0.0457239038291868,0.0228862146153179,0.1255589094868965,0.263133280038593,0.1166265948078571,0.1136135569827644,1.2264771387257978,0.0195800116439658,0.1395947880736873,0.0471451390825074,0.0188445494857939,0.0738165916939068,0.0342039114579031,0.0205649094555037,0.0209736867115488,0.0234792421486632,0.0252118324406992,0.0238025257358429,0.018444671521102,0.0892267201858167,0.0521147528887649,0.0215381376551171,0.0180930228346142,0.0196162862139667,0.0385888664302887
366,169,94,-0.0101299641039984,-0.1408261905854697,-0.0001246440106529,-6.562940338866632e-05,-0.0360942898663791,-0.010586975427298,-0.0050472059423333,0.0151072051263738,-0.013233583720724,-0.0006419932755231,0.0056737497323521,-0.4939444329191417,-0.0052234535536834,0.0102210093736947,-0.0045453072182927,-0.0035700337851236,-0.0175209707024781,-0.0181659674915543,-0.0099165044638698,-0.0110578757564759,-0.0137890799232169,-0.006289472203816,-0.0092293980502443,-0.0087836279286586,-0.0182168715114436,-0.0106073196989663,-0.0095898854142732,-0.0085620601753548,-0.011752761412752,-0.0056890346002091,0.0938527166009899,0.3611456402151051,0.1467366576928856,0.0036084602970942,0.1391256067786325,0.0459281476574434,0.0239023619658905,0.1597569253769052,0.1224790572962461,0.1231306255894658,0.1007278816150442,1.6224506678534327,0.0339557357407271,0.1827702312704143,0.030699861549573,0.0616353940595563,0.0644925759599439,0.0616574783292102,0.0314380628412057,0.0582205751319674,0.04195659549209,0.0270682806988528,0.0382321344153448,0.0175455849556274,0.080505517438141,0.044632740619193,0.0321632091049525,0.0265180401565586,0.0447576897666851,0.0432785776139488
367,163,100,-0.027687633669502,0.0056164450693443,-0.0264825424353857,-0.0013362538729876,-0.0150537977835457,-0.0100594281183234,-0.0012655537758288,-0.0717129370151094,-0.0373577608386711,-0.0076763813312524,-0.0346975575316469,-0.203779730282412,-0.002566608868268,-0.0303491840791655,-0.0086032497825852,-0.0141540339521964,-0.019241846831923,-0.0165568332398927,-0.0106247858530284,-0.0203621639143478,-0.005144356138624,-0.0014926628342741,-0.0073102029672895,-0.0077289112532894,-0.0317026127601931,-0.009179053584343,-0.0007226086007393,-0.0183451958908547,-0.006999365834991,-0.0248615435294235,0.0718387058911693,0.2157591893165053,0.1806428408609761,0.0131843874877268,0.0548089163800995,0.072514942088677,0.0107451302250572,0.2094697669205995,0.1745312841773576,0.1583293887383338,0.1532027078633461,1.4852791696257457,0.0296460745518512,0.1347404371146306,0.026191883942859,0.037540814245155,0.0746149399689386,0.0374586754675249,0.0403172289441517,0.0643171857742869,0.0256395054752909,0.0262247071207146,0.0254215263739851,0.0196907336793469,0.1306794037135541,0.0394109163456964,0.0217689400822678,0.0573117069866647,0.026013160000976,0.0553187323224613
368,173,90,0.0114685215490003,-0.0381683277321664,-0.0187610675633666,-0.0025751663416528,-0.1422775713782248,-0.0057575906492974,-0.0049859994266038,-0.0307795054931532,-0.033612139772073,-0.006689291997228,-0.0081944277480716,-0.3058287071859717,-0.0115607446627098,-0.0154519971460636,-0.0012182740135138,-0.0025565476201515,-0.02936608317823,-0.0074286675166642,0.0105271964084859,-0.0046725734140157,-0.0016922687162755,-0.0081268570926772,-0.0056710345646269,-0.0080763443315397,-0.0150092274441266,0.0002143333062917,-0.0186349140518898,-0.0010239218184595,-0.0175266889947806,-0.0049573506333148,0.1335558851021838,0.2622203930934241,0.267626572307011,0.0168702707687652,0.2344082105328052,0.0437580250172137,0.0260920942872301,0.1205292436040806,0.1621967839159339,0.1226560361108829,0.0912738449266437,1.2564106215757036,0.0374227119216889,0.1073456846109512,0.0780231869797534,0.042012575590106,0.0820207972713635,0.0426552683042543,0.0292747954172666,0.0407151403734889,0.0388196612727024,0.0336457500275347,0.0241686322157595,0.0213385963510695,0.0742704528595563,0.0354034487016874,0.0496446859834606,0.028646426009104,0.0285218543527733,0.0350350401889285
369,161,102,0.0023394923500715,-0.0692446902341003,-0.0183006165622117,-0.0002437508622001,-0.0481465941811142,-0.0287079501135682,0.023077182944076,0.0266349023453095,-0.0870302102398177,0.0024671253742763,-0.0041246941742118,-0.5498056092685608,0.0017925717255062,-0.024445444355134,-0.0100106786852925,-0.0164483914637723,-0.0099167444648413,-0.0172309319728467,-0.0047967033691682,-0.0069117380640084,-0.0113146435519763,0.0002218071671541,-0.0079412617672393,-0.0004858278173258,-0.0106489397472879,-0.0001516650649841,-0.0077616111073565,-0.0139327410709463,0.0044984491136471,-0.0168108739963639,0.0174518228939066,0.3913747700631954,0.1620331225586167,0.000347776894793,0.231794212345047,0.0785565736797661,0.1019077860503365,0.1836647586727448,0.2379816143674168,0.1146615046425881,0.1108186764972771,1.4290352522210743,0.0324978679000881,0.1365651845582216,0.0759651167025323,0.0441666059124587,0.053993113088507,0.0731506907720437,0.0259918387541919,0.0419753608778097,0.0340067156538617,0.031358424768491,0.0362916044086197,0.0311053816441762,0.0748285671169304,0.0513114849991247,0.0408962200069643,0.0273702349199822,0.035280089993625,0.0617279230349979
370,163,100,0.0135050781363406,-0.2582329267663961,-0.0171334867895395,-0.0012064120695563,-0.0013717913851833,-0.0153674116847786,-0.0077317869687879,-0.1270799886506175,-0.0311176031451166,-0.0108060279669943,-0.037320680157301,-0.2865242170222172,-0.008228676300425,-0.0136435396833607,-0.0139797732755229,-0.0283702019081217,-0.0446244763664982,-0.0135089598847868,-0.0125415309175002,-0.0102795405522659,-0.0096051855051288,-0.0063534098622058,-0.0140329775454851,-0.0061248959665127,-0.0299673853878306,-0.0006913077506184,-0.0063472868118851,-0.0063525597408428,-0.0142851760658253,-0.0082964001558866,0.044478878245123,0.5739867995281138,0.1528088208488468,0.0070125425592793,0.0668731746647325,0.0793725101749562,0.0287175266790979,0.4478203947079249,0.1471710288118741,0.137483634470545,0.2988586714667874,1.3615159490509834,0.0342115057394334,0.2354481268769914,0.0891905873364068,0.0777460762821365,0.0834512558535947,0.0736758293869483,0.0429294609287929,0.0397072676586999,0.0295382455256489,0.0301606449949517,0.0304579679407475,0.0318295376618083,0.1310988342635204,0.0430180709691453,0.0439354669953744,0.0192694436747405,0.0359272629062837,0.0521212606824479
371,166,97,-0.0009716483057802,-0.0506685277690548,-0.0195482406921135,-0.011119783067939,-0.0194200917697567,-0.0308437801849981,-0.0041227179924783,-0.0761678506067208,-0.0163060260014403,-0.0055555622681279,0.0006346351166197,-0.3498099081332531,-0.0054417430164526,-0.0140324212775245,-0.0093675011805452,-0.0129716473298305,-0.0258544652038296,-0.0068129578067793,-0.0050996010891,-0.0002260007154429,-0.0084099157085947,-0.0035723275001036,-0.0029059188079528,-0.0098816141643808,-0.0270173481494311,-0.0066343937532554,-0.0007171283025323,0.0029819016795888,-0.0036124264413268,-0.0053341262209492,0.0041817415136715,0.3032054470663628,0.0851641329990794,0.0316391708551138,0.0636097360954063,0.1055878307346049,0.037389857225348,0.2389452957191807,0.1145352805988826,0.132143511523583,0.0518432613192348,1.3386140572914018,0.0197185387085363,0.1110759262656181,0.0454385130954857,0.0262078328399727,0.067528732086803,0.0441890828134233,0.0234867975972853,0.0372795136404157,0.0382052149004453,0.0171215106593632,0.0136209198234416,0.0260826619666604,0.158202523525219,0.0260168371008378,0.0280816678714168,0.032514953347875,0.0188291892041355,0.0239846774840757
372,171,92,0.0056419157493693,0.0304542710255987,-0.0575785040717528,-0.0020856894823107,-0.0269790070038968,-0.0547200119345995,0.0017692084670013,-0.0146260734781325,-0.0883422853335587,0.0019050644384428,0.0032153062781453,-0.2505937376829683,-0.0041163059955131,-0.0193042475564877,-0.0096290429082388,0.0021078702391583,-0.0280642052956038,-0.0173258714882774,-0.0003493026983327,-0.0065747360269727,-0.0006622982810865,-0.0016420000119304,-0.0042913933545937,-0.003267935871934,-0.0030005624347124,-0.0082509465450614,-0.0061855883740142,0.0009914673917573,-0.0048784379288574,-0.0060771215919651,0.0304010149855894,0.1873860371709604,0.2128666544335516,0.0173426559473832,0.1051961116721109,0.3013418094728711,0.0099165715302414,0.079793659949899,0.2632226905301493,0.1624783947548241,0.1010339343970612,1.196431692892438,0.0162206350212426,0.1350013020571738,0.0427263385676389,0.0541759538306289,0.0937504631096113,0.0774607268569614,0.028865686064367,0.0283954639957397,0.0189630898349217,0.0173114123871299,0.014038283208894,0.0239825520786703,0.053011598219099,0.0286162004222293,0.0180286077820438,0.033664970971951,0.0175130013959064,0.0308607968267481
373,167,96,-1.7534364102051733e-05,-0.1173595175808091,-0.0340515058351253,0.0054952000775092,-0.0193726761417688,0.0149749668158172,0.0006457768087765,-0.0474931126538554,-0.0080634716247286,-0.0152177214110841,-0.010554288934281,-0.2919408597143658,-0.0070634493756661,-0.0243789126055057,-0.0017888734103921,-0.0083496450087317,-0.014077566237606,-0.0912887725270694,0.0011257488349878,-0.0060249551588439,-0.0066780152978454,-0.0099199105052093,-0.0099586800408161,-0.0051175866803606,-0.0143781333560858,-0.0078440871743741,-0.0032898307979537,-0.0022899919565565,-0.0025109644995819,-0.0119095839309967,0.000277220248594,0.3629568798631783,0.168527647070845,0.0291601706567322,0.1121313435344524,0.1122512885868189,0.0058970065488326,0.3391648583218466,0.1347139069113754,0.0929443891157969,0.0465285207060182,1.3220929808369628,0.030966461959043,0.1097366429299278,0.0182857331576548,0.028716379663631,0.0332614502964703,0.2002110767421042,0.024006179326366,0.0261218166555008,0.0211307490087112,0.0319143223137123,0.027179330773572,0.0235621903529226,0.0597992999422977,0.0210640477443739,0.0219802049039168,0.0097509014469373,0.0251547342899824,0.0400906973916701
374,177,86,0.0075497810282959,-0.0171890007139222,-0.0182770685537247,-0.0082591708015902,-0.0079259245280753,-0.0353356682263855,-0.0156929755869034,-0.043102339544565,-0.0314502053443382,-0.0181004094136068,0.0135020989888757,-0.3277861577992561,-0.0085539773548697,-0.0058708187020077,-0.0025870129182617,-0.0015377542243294,-0.0087877485852546,-0.0094423534060992,0.0011946075242749,-0.0068894870562572,-0.0008538389359134,-0.0017034425012582,-0.0041082553326414,-0.0112727456469192,-0.0098456093441543,-0.0062198461963057,0.0005936973396786,0.0057430308375402,-0.0034964515989066,-0.001571753587852,0.0450989817176033,0.261002493226827,0.1062484557319426,0.0215495572520955,0.0773763222580772,0.1326383371654231,0.0316133758319311,0.1534520566784289,0.1441049591236283,0.1070304919532929,0.0918263129144977,1.2765831946355437,0.0299381922324167,0.0924349964580741,0.0393093732535799,0.0285311574659041,0.0939760180964231,0.1196327729599884,0.0174908079899205,0.0229893977912815,0.0112152596250201,0.0133045164103917,0.023351279028202,0.0237553157411432,0.1144832135506775,0.0368651536799497,0.0247629040873066,0.0247425364187776,0.025176862563453,0.0481680318374341
375,162,101,-0.022161169465302,-0.0612768335378996,-0.0090405206801153,-0.0017081496390207,-0.038847354031053,0.0837485079524124,0.0014643758234108,-0.0908845374304497,-0.0503193959605759,-0.0025808630558482,-0.0136799819105725,-0.5247581203502472,-0.0022751651536747,-0.0252438678801065,-0.0019317623606505,-0.0086021994892605,-0.0005720265059133,-0.0215988803529915,-0.0050626934457555,-4.174149153144137e-06,-0.0076135984514836,-0.0053912095993923,-0.0080739142821458,-0.0098679548145835,-0.0172216410164462,-0.0094232564516098,-0.0001782068671625,0.0017140862514866,-0.0065494961800162,-0.0054187242145314,0.0657100898887636,0.3466878384540384,0.0887799700568807,0.0029511911909682,0.1150608203453535,0.4883822495603392,0.0069383852459289,0.261543325534768,0.2416469938663213,0.0753400243177496,0.0536659565661799,1.5302689139034724,0.0224467060468688,0.0823613004313653,0.0346634921108137,0.048190869043389,0.0341723626094754,0.0960559744056753,0.0277188526460604,0.018385236860296,0.0219256330683034,0.0259484557654872,0.0249093384503222,0.0401202261561234,0.078340908033179,0.027282869495504,0.0253953913807848,0.0466383185399584,0.0243884920711923,0.0502151638732485
376,171,92,-0.0363923954960537,-0.0740911749379231,-0.0466735497872882,-0.0009883898013024,0.0098884987464501,-0.0125797199762344,0.0002918127255981,-0.0027407543878386,-0.0005920644248447,0.0038695120888522,-0.0123605593697718,-0.1943673677419476,-0.0104401351127633,0.0013712965921502,-0.0091914048164762,-0.0111328155654798,-0.0088005788328057,-0.0196210879070196,-0.0035322326873865,0.0019149869756193,0.0053332419426836,-0.0085145256740801,-0.0002467662217465,-0.0104239998506321,0.0003933018986861,-0.0095051529752878,-0.0015721679582377,-0.0038438672826295,-0.0039136518813971,-0.015362735322934,0.0874237280397005,0.3518319988909288,0.1562633816423901,0.013579262196019,0.0979742705075507,0.1435529145977418,0.0027342261452065,0.0899113984792167,0.089567001014394,0.1217302314112518,0.072062356360201,1.330361470877386,0.0282423968289193,0.1838501840677626,0.0458745667637143,0.029495956504158,0.0896540066340069,0.0650810554807017,0.0188786971631438,0.0343313105608285,0.019136500222142,0.0266884620010804,0.0195691907357384,0.0322943834082485,0.047581474681502,0.0285654320077761,0.0251399713572458,0.0149617197598568,0.028946766789817,0.0620616558202422
377,162,101,0.0007269366713144,-0.185714537429295,-0.0400794249179124,-0.001561499663676,-0.0087297753412311,-0.0112210905009735,-0.0055825364160691,-0.0185271683791875,-0.0009043369033158,-0.0260449276586548,-0.0044634855582753,-0.3531026736691137,-0.01544110829351,-0.0203955484245789,-0.0100576149063264,-0.0187790388881344,-0.0718313375916131,-0.0107831686422718,-0.0089776419713615,-0.0009416495226434,-0.0055925665459648,-0.0107138152345543,-0.0047526523421468,-0.0041718166388589,-0.0138545500930772,-0.0116434961704033,-0.0127137794206138,-0.011265485225104,-0.0091410675369365,-0.0141621065375018,0.0032968267359179,0.4725345290451254,0.2010738113297775,0.0038983768485401,0.0899352505635063,0.110227745668227,0.0153283517229222,0.1581333972695229,0.106994278026655,0.1418811725287539,0.0468071496281258,1.3624693207916565,0.0364281640703223,0.2063318317899135,0.0595571850518606,0.0570754268798753,0.1770163024462348,0.0796318573185446,0.0581662964912498,0.0276920870072259,0.0236924312280389,0.0349065207521788,0.0258617612210124,0.0284330614092727,0.0466371757467791,0.0343231693029824,0.0404056509054742,0.0358887223492154,0.0303753721291458,0.0475787833822273
378,176,87,0.0065566031981342,-0.0403563069862408,-0.0481410824186969,0.0006221005355681,-0.0450973443372089,-0.0039442973439683,-0.0001679264037459,-0.0268533343802385,-0.0472782635087951,-0.01588248973126,-0.0568176585801953,-0.3761719023109692,-0.0069063620453186,-0.0264918320456269,-0.0101942354255546,-0.0028326788290548,-0.0103757579577058,-0.008963862048415,-0.0065144494407842,-7.129986492219563e-06,-0.0064108452306265,-0.0120558329632694,-0.007579556581367,-0.0117980120690816,-0.0148498182127128,-0.0085931819493055,-0.0044353820602307,0.0010082962105218,-0.0113388073235362,-0.0046710067338312,0.0250488536671613,0.2880384243718383,0.2180514386435085,0.0124406542636696,0.0903913176623318,0.0668961072487045,0.0149485000714922,0.111185878912926,0.2310461473271488,0.0638688233841102,0.1636696485155331,1.320329441844676,0.035935224482918,0.1324049857901341,0.0499483365899547,0.0607892402862492,0.0676599489850776,0.0433584756690598,0.0289282237973466,0.0283481912772923,0.0259737065565016,0.0480271814512004,0.0245536069954198,0.0369566861639584,0.0975142904319853,0.0451275977253049,0.0263706669710108,0.0146465906720873,0.0310275439275138,0.0311924000949063
379,176,87,0.0006047593083408,-0.2462798266624114,-0.0154844424894786,-0.0041222405446574,-0.0266056411138105,-0.0172166746656878,-0.0006811549546866,-0.0210462773259052,-0.0214692418968618,-0.002959589005684,-0.0026368541025851,-0.2665871213111359,0.0027944066942377,-0.0287216554794922,-0.0106980179015609,-0.0045902590622577,-0.0187835097663173,-0.0222771693707205,-0.002282592812396,-0.0090363897070472,-0.0078470726760901,-0.0016720120620602,-0.0081242476863331,-0.007649439913545,-0.0391835208226675,0.0005109109864596,-0.0005573186464392,0.0006778194609273,-0.0050494316264513,0.0044625599950726,0.0028220561454453,0.5562240065441597,0.2882794667142344,0.0324901917469202,0.1539080225616601,0.0921629216447621,0.0128920437206157,0.1100468546256084,0.2328368766245202,0.1002790072712844,0.0859191970161271,1.2781790489669422,0.0288087103130325,0.1367792114476888,0.0508115792119789,0.0463990786164278,0.0970932120042429,0.0763217855025903,0.0281496914694983,0.0384692938848739,0.0349926296119496,0.0213078980660609,0.0369385362066339,0.0423753040104709,0.1413173430470666,0.0249545276533651,0.0243130443324884,0.0277619565457773,0.024353626907306,0.0406436586392229
380,165,98,-0.0002307321973392,-0.2558030148347919,-0.0049466703788066,-0.003189072615645,-0.0205572660211268,-0.0062194501634761,-0.0156471902016486,-0.0279971783002041,-0.0197149541304546,-0.0314129846673268,-0.0159311632216004,-0.3454350496136087,-0.0016202468567026,-0.0262420201865808,-0.0004377674788084,-0.0019973383334383,-0.0252489992509979,0.0051527110665265,-0.0152407924203401,0.0011245778128822,-0.003465173441681,-0.0007335146235174,-0.001154732432364,-0.0050104766214382,0.001841125617115,-0.0029454332388221,-0.0057392021584696,-0.0038114673946355,0.0018186839279494,-0.0026608613104549,0.0053552937131125,0.5502172888246646,0.2828952777682288,0.0158220250717557,0.0978839018273026,0.0724279129559443,0.0673792410202485,0.2721242028829896,0.1468328773769652,0.122014000662152,0.0706393270589083,1.0950165704745038,0.0263271301019508,0.0869286580399573,0.0409784924424916,0.0262855029303043,0.1155242940709695,0.0499989342503939,0.0488161321569982,0.0349941552170212,0.0174415782689249,0.0195176833793338,0.0204038109637507,0.0287739198478198,0.0773629944506113,0.0350031886914988,0.0218602880915362,0.0132324004999288,0.024771207877508,0.0366789190977952
381,164,99,0.0009553709601968,-0.0098654400735026,-0.0169169762351604,-0.0022501535355796,-0.0368097331580998,-0.0316223693464513,-0.0005181510027285,-0.0523705504607067,-0.0171303119365478,0.0098553886748203,-0.0093758934338548,-0.3354472841266334,-0.0065051409176332,-0.0334823689775319,-0.0129167651916286,-0.0231691796074843,-0.0224663133333075,8.684763674820052e-05,-0.0099468976625686,-0.0115289472550759,-0.0159253130764904,-0.0158532589028473,-0.012678432684113,-0.0129953336602281,-0.0247967123584246,-0.014230061877354,-0.0088639018473285,-0.0011382998054912,-0.0089527488895148,-0.0237514171417196,0.0104546409401492,0.2261919039200817,0.069453504650657,0.0121914536158523,0.2214059605790495,0.0856768373575013,0.0076082304690411,0.1367424379578835,0.1724376936193813,0.1861183530265836,0.0806146852176905,1.3695512488101629,0.0400903855996179,0.1571223925381715,0.06122777063472,0.1158281813956158,0.0953354348162706,0.0311036552803634,0.0403720659242383,0.0448850116592122,0.0324018918830876,0.0324221814876067,0.0324311544709884,0.0469496762018158,0.0526013188346317,0.0496794314462998,0.0370851721311955,0.0310119217239763,0.0460940608690299,0.0689546029280261
382,163,100,-0.0002354334978249,-0.1839352091738961,-0.0068719932075983,-0.0006961458391013,-0.0260848585010734,-0.0168206214817513,-0.0017897198269188,0.0088497720949734,0.0092216658468834,-0.0158939847563226,0.00616199363627,-0.5314882366093218,-0.0100833630699949,-0.048256415369033,-0.0152090867282871,-0.0093093403361323,-0.0109038988402361,-0.0243165718762976,-0.0090665979426858,-0.0087147822925948,-0.011562767317778,-0.0087414504783832,-0.0076367230007398,-0.0005929623746254,-0.0064419601071506,-0.0215320528191768,0.0010997669233199,-0.0032157609119165,-0.0052631685079778,-0.0228483221237934,0.0043809816960289,0.5009089221068915,0.0713556560520163,0.0166960899283605,0.0861342818500628,0.1088891562871539,0.0180706682120825,0.237596938297374,0.0764668171342695,0.1224994880612923,0.0684643895385033,1.400159746240284,0.0323072086743286,0.1114076584413477,0.0474992206351937,0.0523693648111972,0.0374237717917251,0.0569105912763945,0.032071215805937,0.0289569507085905,0.0312497178210886,0.0285853241660645,0.0268395669012789,0.0256354018798133,0.0394845752907251,0.0885156787244105,0.0351372697764882,0.0228364528838483,0.0156440300789985,0.0544651745823517
383,163,100,-5.881081390690705e-06,-0.0929927817924032,0.0029471462539883,-0.0045689367378773,0.0162814807060617,0.0186613674750036,-0.0121649060558036,0.0249740774537139,-0.0242229970801468,-0.0318123288130626,0.0041563911206066,-0.3005298310303855,-0.0168321081870061,-0.0113216262723405,-0.0203330712070501,-0.0023702372103568,-0.0483137934935152,-0.0145002502641649,-0.0043851162742732,-0.0031954099591732,-0.0058476751240312,-0.0033153632769289,-0.0069169933087101,-0.0083090829187407,-0.0113638610195746,-0.0126911682183412,-0.0063811484150891,-0.0033444891235397,-0.0071861181805579,-0.0083142065596244,0.0253173206983185,0.3077337098893725,0.0793282340040273,0.0090863869889741,0.080655418168072,0.1612948195314495,0.0615142579692476,0.0910537521914873,0.180335063930788,0.1314310441994473,0.0647366287113459,1.029366427049193,0.0344376289856707,0.1535842504555149,0.0381857964924923,0.0477105678180055,0.0920927414790586,0.0514007375358144,0.0288893028673147,0.0302100012615716,0.0360631233595017,0.0272749425611157,0.0350361118414758,0.0371292651675481,0.086732518045865,0.0324607901228969,0.023186431500277,0.0379471036955072,0.032727375446474,0.0393599451982993
384,164,99,-0.0252911555029902,-0.0469980584482648,0.001996684609476,-0.0012578708322932,-0.0016747960115879,0.002492277524564,-0.0042366981058398,-0.0112559658316612,-0.0727539462763241,0.0093988415678458,0.0034774718851769,-0.3541923855760283,-0.0143668655697051,-0.0565969795506042,-0.0147915482232699,-0.0070784431698016,-0.0213850224049959,-0.0104831246361285,-0.0044855791464047,-0.0069569396134652,-0.0078415091102191,-0.0130047446908458,-0.0057421515024696,-0.0089613504925605,-0.0189518944095465,-0.0111926558968722,-0.00591436886113,-0.0003915624068015,-0.0135119910229017,-0.0034109445635293,0.0700160311563764,0.369579865613199,0.1208139330261472,0.0031632777365334,0.1300382299678971,0.0130707099405022,0.0199766623808551,0.1838293029786197,0.3367576656344878,0.1572792749026172,0.0483581963360222,1.3999654753695392,0.0408132518769343,0.2153800315639028,0.0527291250969819,0.0433661923649732,0.1054910224639365,0.0784712483816875,0.0379052231400213,0.0421162077630749,0.045938506685493,0.053089640811323,0.0271591239282134,0.0353956123028776,0.0563163020314997,0.0510354241100394,0.050600745371764,0.035277222937783,0.048281179028827,0.056509979103977
385,166,97,-0.0236567006455633,-0.0512770873479574,-0.0138774256283214,0.003002358514454,0.0072201693480006,-0.0198771126706144,-0.0028638781202789,-0.0572155432142901,-0.0101220814476593,0.025567626139285,-0.0217276827413842,-0.5077826007102931,-0.0099650296491009,-0.030754799064996,-0.0084962197677791,-0.0123413594480128,-0.0419535307091762,-0.0238157548007324,-0.0104429303224408,-0.0127130269293035,-0.0011070358838725,-0.0068676090775166,-0.0150305265941497,-0.0122019023046306,-0.0275484977228307,-0.0081027871035297,-0.0072063793380319,-0.0028280490949273,-0.0032644518092974,-0.0159224679283461,0.0487696029732321,0.2402388016250043,0.1626834191138609,0.0176768519763433,0.0758328643986079,0.0545104579230131,0.0119397348742874,0.2339016571166309,0.0782720440259248,0.2041467363602973,0.1076947501801617,1.4193121211981023,0.0390796702930187,0.1072374657108457,0.0298211841159652,0.0305644901027,0.1270237122505125,0.0629371958437217,0.029107369838575,0.0342956673611125,0.0208957835314695,0.0207562231329812,0.0451351290445234,0.0297782819345089,0.0790349176102262,0.0349822958985648,0.0235135615212949,0.0093847445335833,0.0217210132456757,0.0391695852948462
386,155,108,-0.0142997729357469,-0.0940110581619952,-0.0016489535791894,0.0003794802355427,-0.0052794011302405,-0.0361543749751479,-0.0025438386411721,-0.0459409465628078,0.005493822087229,-0.02169384268849,-0.051845800467477,-0.5984879354337873,0.0009348328162499,-0.0290271578709302,-0.0134195421671738,-0.0159802460158973,-0.0090537472704988,-0.0020593734050993,-0.0039747455595699,-0.0107646282315216,-0.0040020859147297,-0.0007061249361233,-0.0022893476695525,-0.0092559706565437,-0.0056356658119353,-0.0034750555820796,-0.0068168950887519,-0.0178122243488486,-0.0051964323125097,-0.0017645541965299,0.0443943275603307,0.3221286447762449,0.1832206431964498,0.0030877774294636,0.0750815001560649,0.0846016672143611,0.0092166453716065,0.1392660190898147,0.1408985852615195,0.1251007360570063,0.2371144871287464,1.7298532852355224,0.0317635407513745,0.1710996447713914,0.0505971989801657,0.0639805194675599,0.0744865135671483,0.0981974082601274,0.0439566764775818,0.0307055143294695,0.0290067592571012,0.0338282424084373,0.0213253270413716,0.0346084685602511,0.0380282076656997,0.0213435666898624,0.0318671670358269,0.0307271008483969,0.0287482225985414,0.0416972192762863
387,170,93,5.567075018012891e-05,-0.0489952832784437,-0.037266268796204,-0.0030930092951217,-0.0329096634984808,-0.0037694582479143,-0.0126319487084991,-0.0184608068428784,-0.0827216478109667,-0.0009587096591588,-0.0258272263441344,-0.0919986088811925,-0.0126116671755487,-0.0215451804505734,-0.0087739990557396,-0.0005339509176171,-0.0095134763629243,-0.0244006482644831,-0.0041928462234769,-0.0033444218380338,-0.0061279060363347,-0.0088766802561304,-0.0047498410104441,-0.0133333515983825,-0.0118000698539228,-0.0005340759056243,-0.0184786331864162,-0.0122764094737222,-0.0112159403841945,-0.0062588491566529,0.0175161727730393,0.2900030731734732,0.1435907318873634,0.0371024774373104,0.1174115434093669,0.0917365823183758,0.0524721916858193,0.0528469965963868,0.1363614785144406,0.135497376388058,0.098344098603463,1.2626049770959955,0.0346764819371781,0.0718264360037737,0.060222497874854,0.0326205963810677,0.0519512907833408,0.0832840686509358,0.022635522040374,0.0259746446454823,0.02213604563953,0.0370206279355722,0.0315670648312683,0.0312291284668623,0.0694873014095454,0.0214282057667065,0.0474504098221808,0.0281749174068643,0.0281533357800705,0.0283973680904773
388,171,92,-0.007697379648961,-0.0933811376976621,-0.0026104905772729,-0.0037664976463905,-0.0283643150569102,-0.0141445628669579,0.0031278360463766,-0.0035195265273749,-0.0333564404424771,-0.0230232425005881,-0.0313602307022001,-0.4136256298860846,-0.0196168084839126,-0.0105319684119493,-0.0047424926979807,0.0019587591047776,-0.0349963089198235,0.0045095028595378,0.0043112184657948,-0.0020967097338262,-0.0141498534941467,-0.0137609042244899,-0.0029514463740888,-0.0039847773471279,-0.0099537200080713,0.0002835422422071,0.0028947001417247,-0.0007887266488422,-0.0160198283077147,-0.0124074463873754,0.0644457717227238,0.4262592685301869,0.1171900937382761,0.0107332679429156,0.1442430472383171,0.0887698128273715,0.0214164473987052,0.1595361332488421,0.17719063336175,0.0465603584252189,0.1575606780354757,1.289221627796717,0.044525464422911,0.1236272167095017,0.0579857924501422,0.0664583845174399,0.0966606941667138,0.103602114354366,0.0378828187948645,0.0624650222165396,0.0583987190073941,0.0345654896223718,0.0399458600752807,0.0324260840179729,0.0517781296685887,0.0276703314379023,0.0427635656802728,0.0384386263118377,0.0500576351021619,0.0467101984427846
389,169,94,-0.0071982341779968,-0.0378715630913437,-0.0007663109301545,-0.0040130948076416,0.0006397434557498,0.0007825052000135,-0.0074193305465594,0.0120459206960294,-0.0314068839888511,0.01467310568518,-0.012019802297954,-0.466883632613245,-0.0049733322389651,-0.0944268040971019,-0.027460893968637,0.0039168756660514,-0.0246811773623749,-0.0131833019915169,-0.0065866015653398,0.0045695806632775,-0.0060503813454749,-0.0141164849562202,-0.0113175676770811,-0.0028001847992864,-0.00925245008849,-0.0110533462939502,-0.0105440202818846,-0.0070346514773142,-0.0063196303182233,-0.0147147720541825,0.0835500792497842,0.2935274117669713,0.103570072665674,0.0322572910218495,0.1327834110317052,0.0194893414153182,0.0426079950033366,0.1747385617908094,0.2085079531162875,0.1275381956422144,0.1160465017166873,1.2685547559970225,0.0431366896250341,0.1618001134885902,0.0618888073432513,0.0705768677075378,0.0630871169712522,0.1260548784421339,0.0473275046504452,0.0333384719662071,0.0316876746588748,0.0490338624332258,0.0434159229030358,0.0349899007010106,0.0602877307571055,0.0618243144467184,0.0365915593222409,0.0460072839934747,0.0267162941859272,0.0563668211848298
390,165,98,-0.0008110466451711,-0.1566634543303672,-0.0353081805068526,-0.0019637316960979,-0.0009143653959181,-0.0270476268721189,-0.0623427248290398,-0.0661287946116853,0.0017739745646307,-0.0248600200096088,0.0036697418955873,-0.3406697131478826,-0.0166106231516304,-0.0210382284756382,-0.001192092331381,-0.010525608606961,-0.0109922772286593,-0.0321554344999448,0.0035948806624957,-0.0019441171695063,-0.0159329535115158,0.00121706704955,-0.016174999600483,-0.0054330519818449,-0.0228855318424273,-0.0215420806695904,0.0002811610144789,-0.0023247486135518,-0.0061252090286268,-0.0122992882729425,0.019769737510877,0.4272000985822293,0.1622142451103883,0.0287087540878395,0.0462110630552151,0.094155344297854,0.1253350780875756,0.2848959553681844,0.0852790160913506,0.0980940614361654,0.0882720428728391,1.185211231096356,0.0409915404512725,0.0943005723647528,0.0462623980508708,0.0434860484086771,0.0538233389137788,0.1340733127992859,0.0321548935928671,0.0241737457060578,0.0466433707237077,0.0267931855581832,0.0422788826079547,0.0326271315986436,0.1023645445394105,0.0385902069834157,0.0255166642184277,0.0357402494382347,0.027863610672311,0.0629285017607248
391,164,99,0.0118304528418506,-0.0674239504183049,-0.0285560423776508,-9.496498717938622e-05,-0.0050213224162985,-0.0279274044751353,0.0079120585941742,-0.0438808665930989,-0.0498020887313477,-0.0004145115649764,-0.0255429768124722,-0.4288145924868679,-0.0058127327357874,-0.02361635846134,-0.0072597119692348,-0.0085166115773534,-0.0399572087007886,0.0031440666269334,-0.0091259045934381,-0.0113746672676491,-0.0050136281460314,-0.0022595015012275,-0.0092690680018183,-0.0119109523545443,-0.0057206923162427,0.0043446047187289,0.0012300435735767,0.0044893400395002,-0.0086842981367919,-0.0105035961667251,0.0394054458000686,0.3624557438074659,0.1467507303421681,0.008498173975441,0.065161551247596,0.0522270462798258,0.0309754410674004,0.1931248852147023,0.2212747156910844,0.1404708161489178,0.2161090833283437,1.1421160628633658,0.0560039651423308,0.0910559162729394,0.0616493150005425,0.0449915580414175,0.1010339603537337,0.0384228064512526,0.0363883791298414,0.0519848081180041,0.0221144423516577,0.0270340623523999,0.0353594475178684,0.0276935537298401,0.096877549685753,0.056889074841961,0.0276879758548926,0.0304669684812625,0.0437803889693406,0.0466795687357517
392,166,97,0.0017973709667716,-0.0555164940531264,-0.0027996733274236,-0.0045019665265129,-0.0171111535154123,-0.0353332039581855,-0.007338506104897,-0.0056007222276481,-0.0402563672844473,-0.037298942454879,-0.0049589963690571,-0.4064620215588437,-0.0020410170030776,-0.0148534990547298,-0.0067210350508361,0.0005011673247215,-0.0196930758580436,-0.0140385161889649,0.0006493273817154,-0.0031836853299678,-0.0046526381316717,-0.0013931066123244,-0.0033312708996146,0.0068764145986338,-0.0140013983061946,0.0059436860848963,0.0056619446969659,0.0032370811044228,-0.0138490336886766,0.0006811082534631,0.0204080883691222,0.3699561932203147,0.1047194677256096,0.0293713383202393,0.0331571103642368,0.1611798026440521,0.0330475193403679,0.1233230780159078,0.1963068238682458,0.1114121182875472,0.0788496717888697,1.243866118492828,0.0381746511181801,0.1575454307004525,0.0744005925975485,0.0622715396320386,0.0662821929867762,0.1087973983641581,0.028304397213224,0.0344000201831377,0.0290565729983403,0.0436226731890429,0.0327981463434027,0.0194752491912691,0.0550851503952775,0.0871756854711611,0.0334784247123566,0.0257861596352562,0.0406542094419408,0.0402839009281044
393,171,92,0.0004446727763938,-0.1484422603458044,0.0135638592183212,-0.0019363399715787,-0.063706170571271,-0.0018337757352307,-0.0004303462978486,-0.0256490593255116,-3.8037219643540526e-05,0.0189574856793281,0.0068248994408906,-0.1775591193669057,-0.001239278351734,-0.01290113536526,-0.0193954601887903,-0.0001154079909568,-0.0057164227372915,0.0021028318967818,-0.0057616014854569,-0.0177782954284237,-0.0016352332075323,-0.0115386456746907,-0.0107461432429722,-0.0107831136011419,0.0063053745439863,-0.0021247585978305,-0.0067075626993748,-0.0101624970488026,0.0032612526179436,0.0012766134116917,0.0008640663648693,0.4463723615334903,0.1726519383055585,0.0070526063403233,0.1380098992222158,0.0613117008288356,0.005451688899058,0.1307513056558271,0.0577422662562627,0.1387781368487732,0.1235860451103297,1.4176592348094383,0.0264462209554326,0.0839281148779185,0.0637400437315401,0.0479367161349656,0.063006693639054,0.0362330250828988,0.0564362179019098,0.0502511628722171,0.0306172616574577,0.033959344741282,0.0275470010912913,0.0239747016730769,0.106528827711102,0.0347630587921149,0.0267196859517101,0.1108698090160855,0.0188548425298331,0.0481372102341631
394,170,93,-0.0056055018214048,-0.1756393044487534,-0.0209410019189461,-0.0007129179395764,-0.1106434334150827,-0.0033675478789197,0.0007835533005077,-0.0270242124641367,0.0010112496068708,-0.008592921205964,-0.0125357146689217,-0.3776577714752872,-0.0111345139982239,-0.0244759939104345,-0.0049674466159512,-0.0213137727914535,-0.0218703784412318,-0.0263066688223872,-0.0056140667196018,-0.0027997326835001,-0.0173995100209,-0.0150809225262775,-0.0053301778371252,-0.0003403608159095,-0.0161538391295516,-0.0108993677534631,-0.009599483025691,-0.0155644431848266,-0.0007854820878174,-0.0078174354946129,0.0731552928510979,0.3982134950677956,0.1165426496021515,0.0012242311958089,0.1891786253821501,0.0162760650845297,0.016881400700646,0.1222828460371376,0.1189707273099059,0.115867496199383,0.1135565502113145,1.3534551476101926,0.0544086597632207,0.1153819863940072,0.0385050527417167,0.0659597959853504,0.058317899309129,0.0703991068681812,0.0300407542160946,0.0343684211587231,0.0579650699895799,0.0425799845100445,0.0315052206238405,0.0279421535551182,0.0739659918157013,0.0373248718129188,0.0185092631825544,0.0460094521945293,0.0399847312415968,0.0355768296157309
395,166,97,-0.0104088612300448,-0.1443846941184866,-0.0005165647195168,-0.0070545721775153,-0.0096640633498538,-0.0053148576149519,-0.0121081983834401,-0.0440708613221656,-0.0281948031587003,-0.0127197624715333,0.0009449848909678,-0.3777018219732845,-0.0039701186055004,0.0028722324440488,-0.0200596109028588,-0.0075769919963845,-0.0389673068416053,-0.0264481904811821,-0.0025268042285212,-0.0051360557468307,-0.009177526741784,-0.0087352565755882,-0.0077997279969981,-0.0003535958016644,-0.0156107013648067,-0.0043297305113104,-0.0094492235203743,-0.0054400058584321,0.0014373694201009,-0.0003340068398447,0.0886948165863216,0.4818035194132158,0.0908566973259267,0.0368030284370778,0.0375032888265718,0.0317217372619492,0.0552780016632313,0.1347528352095759,0.1868190441245242,0.1114686635645168,0.0639972897402198,1.201598013471636,0.0156476856251925,0.0638371502096563,0.0486285800583939,0.061444829101208,0.1772640029181111,0.2563034442955847,0.024341170013275,0.0283400976344072,0.0231671725287528,0.0190257455860119,0.0239450269828497,0.0201995896907372,0.0939787943946378,0.0286740600603655,0.0273438809865452,0.0936246988329474,0.0261517535468247,0.0312616005596157
396,166,97,-0.013311543103197,0.009592544855027,-0.0151204191365739,-0.0003366669716856,-0.0713167522843807,-0.0439517413145348,-0.0331000324463558,-0.0329834588712438,-0.0101246530108188,-0.0020247672873517,-0.0318378656270797,-0.4020888771702985,-0.0265077345959148,-0.0272304347037303,-0.0079847011985554,-0.0057949689118223,-0.0174135890993096,-0.0100394667891882,-0.0037279761071416,-0.0101625212115836,-0.0085360802538197,-0.0118236600353111,-0.0001594446051738,-0.0008145672529652,-0.0298032016535449,-0.0199058022777603,-9.95200423915944e-05,0.0018494903620786,0.0014426139172202,-0.0060408890435112,0.0967616446917576,0.2440291977071807,0.0867669567243454,0.0211036895490074,0.2024178060800945,0.1155529105159419,0.0632248223032083,0.137088254637295,0.1451069434176695,0.1527509473024049,0.14737780582688,1.3100539008221703,0.0341464211079927,0.0815071696709391,0.0317902036720785,0.0441317619523624,0.0669566762126063,0.0429596838156898,0.0227751106882366,0.0446622998449145,0.031403187901664,0.0316992742895841,0.0256949545495026,0.0263987256496541,0.0986426003369782,0.0516922521682785,0.0281051127048535,0.0312358459655294,0.0195434128522258,0.0383577698875476
397,160,103,-8.589971663903158e-06,-0.0451317785535881,-0.0261163267031937,-0.0002290859601349,-0.0520854141215209,-0.002848697135263,0.0002555649350389,-0.004547665727483,-0.0619396592876357,-0.0260291259003302,-0.0076455866733479,-0.4004599336238628,0.000349216691477,-0.026034150465484,-0.0006259222181922,-0.0099367482411357,-0.023524836679873,-0.0036535954363026,-0.0045298254741791,-0.0085918376863555,-0.0027021325658167,-0.0096549581493043,0.0042482480132337,-0.0085366174224792,0.0002102820832025,-0.0101033181467538,-0.0099563328736761,0.0069070687575499,0.0034398670274851,-0.0002406053807008,0.0011719113770342,0.2726567832018097,0.1314074064524474,0.0113608242024969,0.212967959310009,0.0605489285736569,0.0159247863647272,0.2514802585201077,0.2917394182768572,0.1577121270504387,0.2109583673764845,1.3132222081869491,0.0327484496135615,0.1315855223106549,0.0333307948907075,0.0915439044227675,0.0909667147037201,0.0322753178525149,0.0309828120989676,0.0296112081690597,0.0241759838447195,0.0257029369929142,0.0243103369445227,0.0305424954070893,0.1050483249037832,0.0312997130239739,0.0214322132509624,0.0528497408919006,0.0307639745768387,0.0705742660017403
398,169,94,8.347536380994923e-05,-0.2435149365723924,-0.0058699520666549,-0.0044109026616868,0.0046718172528437,-0.0101114530636684,-0.0003863190163962,-0.0569993153140435,0.0018906336393978,0.0015828034645526,0.0137592254066683,-0.4242788878604997,-0.0230365958022167,-0.0082268323664841,-0.0096002531854023,-0.0097675896357038,-0.013678107099078,-0.0080174515480597,0.0036927293040443,-0.0086089374228688,-0.0189444184618926,-0.0087456025622934,-0.0152957345147773,-0.019074943365482,-0.0185657707593584,-0.0125780773240145,-0.0050008915392278,-0.0080457602919114,-0.0115222750423404,-0.0084850581098025,0.0019175846604954,0.5136891409198039,0.0840713479015412,0.0128914758775481,0.0550909353541134,0.0666698827369972,0.0047462667537956,0.3873616701009006,0.0802100868746624,0.0192089248603633,0.2608961131013533,1.713668029579785,0.0622966107626801,0.1508645687204558,0.0827843711922707,0.0811208966415139,0.0632926224921724,0.0530054870915985,0.0400208943671831,0.0403755881109686,0.0484460344564247,0.0422047199371889,0.0392508754342117,0.0354718861237839,0.0630805318643404,0.0345869194805272,0.0565615368833697,0.0402854641909243,0.0373566288455217,0.0664559944225665
399,161,102,-0.0010769115155805,-0.3117006166038715,-0.0057968908757083,-0.0019289498016522,-0.0133695465326597,-0.0481749955783497,0.0141737752261231,-0.0106459447173875,-0.0238792575105658,-0.0060178620948084,-0.0454226492354615,-0.2753204148215953,-0.0116828331908917,-0.0032002887870098,-0.0026327768304646,-0.0198032475697302,-0.0102451506320263,-0.0238574135539343,-0.008412048869885,-0.0030869049889377,-0.0091593953125035,-0.0124033871035009,-0.0008327908881429,-0.0017993938983637,-0.0082138332123499,-0.012305494940823,-0.0024494896364648,-0.005740173480094,0.0017465721228467,-0.0034749252869356,0.0158962528054908,0.5991071727299799,0.1673140147642877,0.008391154540035,0.0924838179409259,0.1390752192757513,0.0428790315693996,0.1955466659125736,0.1614234405965568,0.1500867111871854,0.109564384174038,1.0414337325605565,0.0369893720850147,0.0666659591071733,0.0509343860587039,0.0540479737377212,0.0505936724852819,0.0781903422214653,0.0291485231142447,0.0224623332392931,0.0296394400378401,0.0252829899788428,0.0270384479505479,0.035021207253227,0.0675201209448152,0.0459153535154931,0.0235145158677592,0.0260513372836736,0.0419652325375311,0.0409143894258579
400,167,96,-0.0198923682572441,-0.1500272982554033,-0.0171263520154009,-0.0210761466237504,-0.0069362432259316,-0.0301884849278071,-0.0349003134598732,-0.0283938636494611,-0.0623643258314488,-0.0146433780260347,-0.0426559023896205,-0.3747664017118655,-0.0055852976939141,-0.0280247692766367,-0.0218380037550136,-0.0103749811337252,-0.0738254575943489,-0.0127657611793872,-0.014436723228313,-0.0214280805972653,-0.0066367186295012,-0.0108789947118305,-0.0044768635472597,-0.006483526546519,-0.0098023991884181,-0.0039747881163354,-0.0164605958702759,-0.0145312064499264,-0.0011964506732464,-0.0077002671536734,0.0825518820199953,0.4758434260774563,0.05054103724142,0.0472386377976344,0.1006337781307861,0.1995605715463865,0.09244480489716,0.2794561707562365,0.2247507618246302,0.1108023177497983,0.1519277405092173,1.3210315536683628,0.028517640549286,0.1203008226603459,0.0868417499604008,0.0624862065248989,0.1720275706920066,0.1108972414474424,0.0302545318214631,0.0648506185323615,0.0172082308925242,0.0264278252271939,0.0204239432659951,0.0261330062716609,0.0650606666471048,0.0323713335811046,0.0588126393475321,0.0286137108830045,0.031321609449884,0.0447032348895422
401,163,100,-0.0011023324048874,-0.0629974822784458,-0.0105118404710871,-0.0035621166946882,0.0104520843126071,0.0040609661105264,-0.0958359326205982,-0.0321585244290551,0.002080218434937,0.0059386679652157,0.0058197300026029,-0.3433575463347545,-0.0054711328079317,0.0238507771072926,-0.004893741396014,-0.0189261732126498,4.872609271378101e-05,0.0007923807687453,-0.0054651694007783,-0.0040180338653379,-0.0024757083887805,-0.0042453435466142,-0.007658995794321,-0.0043231179358349,0.0126423197535711,-0.0063449280827182,0.0002091788413503,-0.0014575713523595,-0.0002937409340088,-0.0050012703252871,0.0046188456518402,0.4156728335512548,0.2108349943547044,0.0201715515598973,0.0674355295648544,0.0289704124193701,0.1543947334076482,0.1667626849579416,0.1252771451371416,0.1520496336379209,0.1703711265811282,1.2239732823046936,0.0294603178990129,0.0941735288407612,0.0435506506909678,0.0764361650900669,0.0357524708978853,0.0767993286375969,0.0375033036038414,0.0298058495307312,0.0264432491366163,0.0242874964363387,0.0267174297885363,0.0263696929232579,0.1322932007141586,0.0389901432369909,0.0240020138548778,0.037410713908256,0.0274724653387879,0.035800607406714
402,174,89,1.5388553858250586e-06,-0.1682450396404834,0.000221598775918,0.0013624598237111,-0.0111168547210732,0.0006870447845536,-0.0077368429987908,-0.0373269244950461,-0.010913763322643,-0.0042596928440454,0.0068784580045245,-0.2972657907868615,-0.0004461408207518,-0.0350998091296588,-0.006281650664772,-0.0051418032233057,-0.0266899951782093,-0.0068083799116422,0.0060875727197109,-0.0075411290048667,-0.0097439140843975,-0.0025507325484,-0.0015274657382376,-0.0035681746703149,-0.0168642893923714,-0.0077323598957023,-0.009576493207384,-0.0016764707477849,-0.0075339127142737,0.0002064627962615,0.0017463934832829,0.506347273643853,0.0617183064047086,0.01338328186545,0.0842211009378327,0.0658834881652574,0.0283624874610167,0.202872362663938,0.1328697400280281,0.0460171311797648,0.124662078378026,1.403781056451723,0.0284467208871702,0.1106302969413104,0.0736112609238685,0.025592287331142,0.0655152971731581,0.1247958882013676,0.027642246864345,0.0518453851050699,0.0318218156221663,0.0166886767008657,0.0210089520256292,0.0187955121135386,0.0676015468248724,0.0632054395696161,0.0410614822924358,0.0225583522241036,0.0378741956193934,0.0457656208142479
403,164,99,-0.0024937403401761,0.0154713645113355,-0.0372499783569969,0.0019677907328688,-0.0002203979395917,-0.0181057583723157,-0.0026676319045561,-0.0329122118312497,-0.0195642883033519,-0.0382714312716032,-0.0398934282649493,-0.3458131369792452,-0.0048995178468482,-0.0080477660934626,0.0011376215389668,-0.0052006664393638,-0.017196250694322,-0.008831374379919,-0.0026059481123086,0.000718764130203,-0.0029830520445459,-0.0137278337513421,-0.0012474654869461,-0.0007210595530914,-0.0086371153845622,-0.0034381808753452,-0.0051740814145785,-0.0101047170779167,-0.0082876785354962,-0.0091061881308755,0.0113314665259218,0.1414988010084584,0.222608622661834,0.0168954448562121,0.0577329632492187,0.0897519303550986,0.0109560966558366,0.2718171826094829,0.1790145821627086,0.0904339509767757,0.1287230174000494,1.2837904683326151,0.0363303067831154,0.0856740723753027,0.0480930357775085,0.0296687063501307,0.052071813643236,0.0542178567883117,0.0369447494693254,0.0433728638211988,0.0231384595001982,0.0238435729680548,0.0417003919916659,0.020258819042607,0.0584635934376138,0.0369281653219228,0.0388869403003521,0.03315101478499,0.0310848452394832,0.0506987667117032
404,167,96,-0.0162313608139324,-0.0743143779166455,-0.0576417556009124,-0.0069046878271915,-0.0057604203116986,-0.0057853281429055,-0.0069204995160005,-0.0354936155505227,-0.0385340182756831,-0.0049924210197524,0.0001984770902102,-0.314845388507583,-0.0071417890484525,-0.0544224063204504,-0.0257976221864651,-0.0257897061732286,-0.0488187145463507,-0.0222244670509468,-0.0171156024593038,-0.0274239592472812,-0.0193160299568504,-0.0081736018535509,-0.0200437311277623,-0.0171119772832366,-0.0118400037008336,-0.0085089330767833,-0.0213439433107684,-0.0102105777528275,-0.0209449907885653,-0.0148716894919311,0.0654025109371171,0.3767022385721966,0.1523906874432996,0.0334254579942823,0.0807328758482416,0.1232094022074542,0.0708172269920753,0.1578950826970143,0.12243092156943,0.1048987573257266,0.1349208236184463,1.0858619782854195,0.0357920062540251,0.1489042721008256,0.0506570830832011,0.0626391705505147,0.1092103321082649,0.0480716845378858,0.0394741824983394,0.0639342733446374,0.0389441134002967,0.0322931232556348,0.0483472529353101,0.0322857158016763,0.0510477772942731,0.0454993854695694,0.055463200198227,0.0177382755008332,0.0425629449543508,0.0407167727989304
405,167,96,-0.0106300802814011,-0.1618691793047375,-0.0034001205118567,2.205346335955736e-05,-0.001353903705893,-0.0265418726547985,-0.0004638902357682,-0.045866982426916,-0.0449795559269921,-0.0105544739937099,-0.0011557743086306,-0.3431943506871158,-0.0178668193239331,-0.051176978236549,-0.0126379831230253,-0.0197251868157755,-0.0236966266815238,-0.0487335462319927,-0.0070523989803485,-0.0138024401403013,-0.0131360556309839,-0.0163607236430864,-0.0098801826916417,-4.58373157849751e-05,-0.0122994738499381,-0.0159248332379376,-0.008849306647563,-0.0034734224399847,-0.0159143884514906,-0.0075817144991221,0.0939289985617996,0.466219410036567,0.173052238006834,0.002291640339445,0.0508937182820168,0.1203855911552627,0.0193261478908788,0.1703080083888024,0.2184282285703065,0.050652328862865,0.1176827943837886,1.2546565360660176,0.0385701305562558,0.216454796333399,0.0489459945210728,0.0574686103499189,0.0650650308670388,0.1755755887428591,0.0185014134184372,0.0398106075013912,0.0334562406043148,0.0308406987164153,0.0316908699079617,0.0312286025868265,0.0545493911955814,0.0350851344495518,0.037855255205478,0.017471172464024,0.0562126766993862,0.0546828320344468
406,171,92,-0.0049758656872908,-0.2183711069089742,-0.0097389555334123,0.0149713140099859,0.0026647395847779,-0.01882570585909,-0.0023725928778255,-0.0461844201337206,-0.0148311741234769,-0.0154221868894671,0.0051881318820232,-0.3626896732540088,-0.0029622118036988,-0.0326138574844165,-0.0050826682776899,-0.019234987500905,0.0029510763807605,-0.0048067815368542,-0.0149063155717229,-0.0019670882369413,-0.001248940871988,-0.0060339188418963,-0.0067976594386287,-0.0115010117959628,-0.0146313084359143,-0.0106094659976066,-0.0131695789664506,-0.0080016187828266,-0.0061971839529131,-0.011331069843973,0.1023624899244964,0.5126300141514409,0.1398017139635338,0.0404957967293532,0.049418940423375,0.060429112571316,0.0090009522823141,0.1676287045344712,0.1196152757634002,0.1390358642689797,0.0856587933500808,1.2221536460546296,0.0195486169420633,0.1582080804997712,0.0467380215387102,0.0492589725299995,0.1021505246695363,0.0418089656323481,0.0390739688988697,0.0236964293307852,0.0282692937157154,0.0249866148249951,0.0215296060338391,0.0274461628957646,0.0940954122927522,0.031509114964063,0.037178496609396,0.0307529596630672,0.0245098926436135,0.0446196790156051
407,166,97,-0.0120617629956796,-0.0697552863300924,-0.0227491571305695,0.0035975830711582,-0.0281508946715683,0.0026988484152931,-0.0012361410697866,-0.0170325463895567,-0.0193625717261662,-0.0076051624463297,-0.0680613798937934,-0.2438995697669187,-0.0037797553783308,-0.0287887500515708,-0.0053690205711386,0.0003086316285005,-0.0171727999098882,-0.0047279944848494,-0.014903914828092,-0.0050609344652083,-0.0085011621614401,-0.0083393814289931,-0.0050695410355832,0.0059552230680759,0.0089314536618201,-0.0052848072681577,0.0014689657395829,-0.0001914101967299,-0.0017908165786546,0.0025992667476983,0.1066095927290835,0.3327811944596474,0.2901545031797496,0.0184753801810167,0.110070864696955,0.0845229990540901,0.0297434247921187,0.1038531484939827,0.1305224800413927,0.1265738692626504,0.1443970806667933,1.146753570443602,0.0328726330815035,0.0797103092919237,0.0384649497227468,0.0495533039465082,0.1178499591660813,0.1363556792161301,0.0491467494174713,0.0278553414066028,0.0227289718226907,0.0319528503398814,0.0281461637934815,0.0209598941752541,0.0489009899159647,0.0213756139213252,0.0268728108554704,0.0322707628994097,0.0364451498742101,0.0590766946021625
408,160,103,-0.0277520941813369,-0.1929226170120041,-0.0015759488744412,-0.0192734576935998,-0.0324678317894386,-0.0250144808661227,0.0024145926857172,0.0128645066754717,0.0017657698850469,-0.0297805240756507,-0.0049257691447593,-0.3598799862344639,-0.0006451901024854,-0.0101296631487433,0.0003491096014227,-0.0177684292528976,-0.0145357583019633,0.010577571639172,-0.0136825677204381,-0.0045960977243447,-0.0059908927751315,-0.0050176555357921,-0.0062183984019791,-0.0022177424980386,-0.0117137286567169,-0.0114627694419166,0.0007925917826838,-0.0114273406641835,-0.0004490232356318,-0.0119934366095739,0.0461770433423756,0.48616876454773,0.1596285304989461,0.0423701048323811,0.100231757115741,0.087871335184272,0.0323598192365617,0.1247829783164002,0.1740894113299134,0.0889285666681,0.1802462798718211,1.4023425128947091,0.0193202488291682,0.1145951393185039,0.027165221770863,0.1637737714176787,0.108325918466486,0.0664723801184779,0.0435087700721742,0.0310268536889609,0.0273889737619348,0.0331776325317193,0.0391657901212004,0.0360452954900051,0.0669262495008672,0.0391342941919493,0.02714015747954,0.0255560405926277,0.0403054230658779,0.0446022466365874
409,168,95,0.0014881647886935,-0.0005756867478926,-0.0110588860066045,-0.0111103779935221,-0.0087626664634892,-0.0049097516949196,-0.0160342738977078,-0.0291941482639861,-0.0306122307130924,0.0044371981529411,-0.0830052207497391,-0.4775181067043996,-0.0124685632814774,-0.0437116696673897,-0.0196238160692928,-0.031627437835004,-0.0146233988853021,-0.0247120769668573,-0.0082400061442607,-0.0098434829337233,-0.0144330044178772,-0.0044221584049339,-0.0045668423695977,-0.0038151455021352,-0.0221405947194565,-0.0250913188394651,-0.0174910319784499,0.0029666537197083,-0.009799118996086,-0.0339105667421644,0.0209534088263866,0.2682439150010054,0.0987764794912989,0.0226814747140776,0.1384483869245004,0.1473741729908791,0.0622840727385578,0.2252913191012451,0.1677608898781282,0.1381846766155361,0.2114465398641086,1.310253359254127,0.0531493124644541,0.0998402432267159,0.0513191769078882,0.0658002423641963,0.0414342752675919,0.0574936416973888,0.0206130858313947,0.0328834265066746,0.0348164281822307,0.0270838542749218,0.0348118101971111,0.031200612706535,0.0624822029897232,0.0574374170783048,0.0357984180362559,0.0185188881016972,0.0326754330496446,0.0630930026228522
410,166,97,-5.917237340079883e-05,-0.064518525432465,0.0156406980638006,-0.0026173776801965,-0.0524009340942484,0.003080253708062,-0.0132175300615858,-0.0266565537953811,-0.0247987711725557,0.0296782958574694,-0.0895391927219609,-0.3256492319457285,-0.0104300374901308,0.0129797701811905,-0.0308157206904599,-0.0117611409617671,-0.0441341517608362,-0.0104963696310856,-0.0070170274298043,-0.0040186047809125,-0.0148151949568747,-0.0131301473800744,-0.0060868521530386,-0.0058998350686521,-0.0143001477012692,-0.018879767924427,-0.0118043501556237,-0.0054182086032682,0.0002816488743598,-0.0144828732014042,0.0020034267375354,0.2907206721204717,0.0677640165816596,0.0142631375438573,0.1445307904644781,0.0579956388809653,0.0348153366418818,0.1533892685937005,0.1248092248209965,0.1480562531109449,0.4616929802059087,1.4352967968035475,0.0391101906163993,0.1507519960430108,0.0685124923369935,0.0418675557299057,0.2062750576864492,0.0324152989703781,0.0454686307532043,0.0507679774557601,0.0384926770452377,0.0279931336935373,0.0318726790135331,0.03107438169359,0.0667649096668126,0.0432746049598874,0.0543115933231338,0.0194813018532888,0.0283732924609885,0.0460304811331421
411,164,99,-7.293126545559116e-06,0.0130344389103868,-0.0093591568649604,-0.0013571646858629,-0.0544583290245671,0.0113790646116344,-0.0047376846123981,0.0023273408524759,-0.0131993259121884,0.0061962535862969,-0.0296603421222202,-0.6748562362885004,-0.009572816691875,-0.0027697331830072,-0.0147168707446959,-0.0033297916806091,-0.0230896390492912,-0.0105524489858168,-0.0146770819502664,-0.0021401062111906,-0.0057507026926503,-0.002170098559157,-0.0165257117410057,-0.0053899565650203,-0.0125240633744955,-0.0053865099851207,-0.0034368852157013,-0.0030796132076757,-0.0042219280071145,-0.0064962193427474,0.0009237911412661,0.1981119104196093,0.040763866745774,0.0050701173693363,0.312481839914072,0.078406133204554,0.0220885924413867,0.3865790351015432,0.2027571757518501,0.1274404616228269,0.1199288605992768,1.5817972421428173,0.0494448198910459,0.120211597273258,0.0791990960240139,0.0277722428978249,0.061200146823154,0.0393640035605135,0.0389913824199621,0.0439931930596565,0.0290873146736573,0.0467545411951451,0.0451703864086268,0.035070592846542,0.0756149141811864,0.0199186331024083,0.0405812852993439,0.0234831259891127,0.0329575079989439,0.0469370946644918
412,166,97,-0.0156393082404778,-0.234648419877689,-0.0290393702546286,-0.0029429315568829,0.0004863751699507,-0.0570257430669749,0.0017238562935326,-0.0064115245698852,-0.0968805689246001,0.0105090322988991,-0.0175335881380499,-0.3800579446671284,-0.0121659328528678,-0.0333499246196052,-0.019842401394712,-0.0056780740675958,-0.0080160066297898,-0.0176175050891617,-0.0109010639085485,-0.0057410265569011,-0.0209048499684994,-0.0081447324190383,-0.0072308772838827,-0.0081242050229887,-0.0250123096665887,-0.015486297540547,-0.0104386930939622,-0.0061696751136894,-0.012909325340819,-0.0101787853422299,0.0255980631469596,0.5562168624189564,0.2705334815273874,0.0100918096767638,0.1760721805787083,0.2082353800457106,0.0190293553591488,0.0274653702670508,0.3032772066410157,0.1543189445505399,0.159032007489112,1.1803627582820029,0.0388836261095214,0.1184090481592488,0.0711175830247543,0.0297280824376745,0.0850205401031141,0.0753010849106518,0.0437516501294372,0.0258128108047674,0.0413427246382856,0.0425749733826015,0.0245024113867791,0.0307676337759453,0.1160136003310937,0.0424265142538613,0.0402098699483422,0.0227788717342916,0.0322517749262998,0.0562879416421452
413,182,81,-1.5124046504445332e-05,-0.0671913135143199,-0.0129012559987849,7.316317674794495e-05,-0.0007373219035375,-0.00629636095989,-0.0077603914319807,-0.0438124559368383,-0.0381935375744883,0.0239775375319561,-0.0367156064177753,-0.3268705627743609,-0.0038685153022464,-0.0410737727141575,0.0041613663835661,0.0059244801741901,-0.0026886103781981,0.0003760735044931,-0.0017439913475759,-0.0001300305942178,0.0061058298379425,-0.0006206658923628,-0.0006593075007905,0.0026210659845353,-0.0113562442934463,-0.0023882408674804,-0.0006515868397586,0.003454594101638,0.000954893304986,-0.0019817837452407,0.0005183012392855,0.3417927740542252,0.1357405679912046,0.0082338986063005,0.1113900422717358,0.16543321289961,0.0296202437450727,0.2712551355991185,0.215477986095284,0.1887368707178202,0.161084509940877,1.2985544646954832,0.0418398909226033,0.1326842291453777,0.0411090760863819,0.0348626179105484,0.0410314870072906,0.0418668838821238,0.0200660404999884,0.0497770847525807,0.040376133364952,0.0402558689324409,0.0233217193634541,0.0250598550404665,0.0814567096402772,0.0511689703266373,0.0289488142968709,0.0232408728462101,0.0284479893421263,0.0325902556507447
414,163,100,0.0119098638311276,-0.0466929522746538,-0.0242603910415858,0.0006974038450574,-0.0097201371198962,-0.012833741705614,-0.132610879320171,-0.0090778080389097,0.0086275779992446,-0.0144762225589847,0.0091229558752095,-0.4356269852870399,-0.0256917704920735,-0.036674118205053,-0.015069173213574,-0.0164181484575735,-0.0488563764795048,-0.0333975369843396,-0.0207473807943711,-0.0099565001896692,-0.0115597453196185,-0.0233436591913851,-0.0073371846855241,-0.0222894635901719,-0.0387964996850187,-0.0065381499294941,-0.0096665808436101,-0.0145969607742835,-0.0207379860146092,-0.0191195672794033,0.1197746174284969,0.2402289458904998,0.1073067395396594,0.0064926839612485,0.0788558756848362,0.0586191163332934,0.1946157964440975,0.165554233021566,0.1276863978601448,0.0811660190148789,0.134281380913602,1.2611134002974105,0.0514638074238671,0.1212186400312815,0.0359191472617086,0.0558789126002766,0.0996166676079339,0.1057362508495103,0.0810210448332913,0.0478643484170393,0.0359974604683987,0.039751829022756,0.0276232219637822,0.050749299265027,0.1201253882819989,0.0322659264790044,0.0362197890591412,0.0350600955324673,0.0316020744151737,0.0400585525467974
415,170,93,0.001442117666408,-0.0077290789528914,0.0081852047479769,-0.0003458628558681,-0.0090645927434902,-0.0499233362919114,0.0010048025942321,-0.002762969130868,-0.0135113459748236,-0.0164494210096528,-0.0203422261098533,-0.480746134320216,-0.006857350547529,-0.0263163712916388,-0.0078645699228439,0.0030052559134451,0.0378963494790418,-0.0078165854053263,-0.0060182421286387,-0.0022951632012611,-0.0095334112369467,-0.0136964527637699,-0.006891255805828,-0.007350435690836,0.0024733170586291,-0.0174820044055023,-0.0043056855055661,-0.0120690864309067,-0.0044556845133212,-0.0031590021620395,0.0111195929295026,0.2552515556047118,0.2038706193263078,0.0163135193007946,0.1111569646204938,0.1639658079088287,0.0074636951583205,0.1184776324369755,0.2148147160993943,0.1244683442761203,0.0901147792577847,1.469345634255752,0.0469927945192763,0.0914402560726603,0.0381529538762636,0.0453670666463103,0.1892255777883529,0.0646939933583752,0.0345772165408973,0.0165618585618828,0.0342434349316216,0.035987098529197,0.0331487200778507,0.0319550693930985,0.1308199423794347,0.051193135822713,0.0214710162273556,0.0419065177393238,0.0289926152503964,0.0660396629866609
416,173,90,0.0020091765203025,-0.1485364882569635,-0.0274796319348492,6.244182444207657e-05,-0.0297507475007878,-0.0068080134288764,-0.0305452192209842,-0.026361616572209,-0.0131149514208803,-0.0040806825806576,0.0148230402535065,-0.4390254091684459,-0.0012124662977261,-0.0326615831182435,-0.0146726332854627,-0.0027511494605594,-0.0065048338319063,-0.0175569322864303,-0.0021597995005329,-0.0086396026752656,-0.0089243546979971,-0.0099268472270222,-0.0042648248001139,-0.0028827978077038,-0.0130698349332044,-0.0168241455917551,-0.006764032784032,-0.0018749847419118,-0.0087237970685741,0.001837527021235,0.0182358139861948,0.514613025097907,0.1454332129369686,0.0028540765693059,0.0918201245744348,0.3915859435040719,0.0646641034879308,0.1059770421296103,0.1249484647524225,0.1417815125519419,0.1479399704523714,1.4474707723216385,0.0425167451578024,0.1444148269594749,0.0771363140611209,0.0371329848352338,0.0291268391359641,0.0570898636246418,0.0290744600363156,0.0393927004852793,0.0346343628346838,0.0409216844908485,0.0242652142105476,0.0318289102321201,0.0580203584596372,0.0376279214480619,0.0406121742273526,0.0142763486316902,0.0371689830379481,0.0502543290266549
417,162,101,0.0003864890563103,-0.0372977649076174,-0.0130829455389136,-0.0045598668813847,-0.0056292205079978,-0.0280864778868501,0.0013142864846556,0.0017340235492651,-0.0729507846167868,-0.0033645865633767,-0.0205066185284253,-0.3119203210481102,-0.0199937929435243,-0.0275255685028992,-0.025832905656541,-0.0145037350709898,-0.0505697647754664,0.0053204016943084,-0.0220814949763072,-0.0064471051304646,-0.0076429728279337,-0.0100740799137671,-0.0103656002590274,-0.0070215819776953,-0.0108222058025515,-0.0051760413901367,-0.0051727132210697,-0.0199605977085004,-0.0212549666535063,-0.0213701883650782,0.0013133437174451,0.3261168336312117,0.0922004121878217,0.0111660614579547,0.1200178177524289,0.0676227632071669,0.0107024471649121,0.1413288352823132,0.1922691354102952,0.1324223879727392,0.0810598459917404,1.2604379212290913,0.0600360669063251,0.1415666978705926,0.0587709316811305,0.0488374385223619,0.1642242669717551,0.0527624972880834,0.0525250610979771,0.0237040473605153,0.0343722819038301,0.0558696998210331,0.033600512057356,0.031060577345696,0.0540762000819676,0.0266193907334322,0.0257189154787637,0.0402439280408938,0.0558407458078557,0.0500871320098039
418,159,104,0.0,-0.0094708502964804,-0.0526120444479314,-0.0046513349309502,-0.0199850947149016,-0.010935157317668,-0.0187710468452292,-0.0475510828935276,-0.0318624078368413,-0.0182357852193637,-0.0062472287372695,-0.1887246312940388,-0.0030905716870251,-0.0180602078124199,-0.0041799554947866,-0.0015942560862242,-0.063209722700404,-0.0038563166431877,-0.0070075003046704,0.0029115061316155,0.0034881569685241,0.0013525345716052,-0.0055873688424549,-0.0149116930124546,-0.0031343569899,-0.0095305917370857,-0.0070061538229279,-0.0046598072519217,-0.0092373541199752,-0.004905791035351,0.0,0.1796149436520462,0.1855881341362476,0.0099571305921773,0.1068482180289203,0.0618830896059864,0.0767069560222584,0.2368300276326042,0.1588485432362791,0.18535801787548,0.1284852474350298,0.957899683875168,0.0338204938853285,0.0963912444734473,0.0349325938130854,0.0407848789004603,0.124553576091792,0.0387303376527935,0.0240643289849645,0.0532143754765281,0.0318444887488698,0.0353212737519919,0.0359024549570311,0.0326716295672741,0.0372792022725072,0.0405716416614309,0.0349048461856272,0.014627656851229,0.044243824780386,0.0405129736009066
419,168,95,-0.0100172725044526,-0.0046240443852802,-0.0109053710340382,-0.0087778508783175,-0.0337279429590898,-0.008917941027561,0.0002714046736287,-0.0164306918410562,-0.0226086432978206,-0.0050222118228236,-0.0014360433658052,-0.2767460190154037,-0.0127648984230541,-0.055760338601088,-0.017065778483194,-0.008171405705336,-0.0480211146103258,-0.0178634225571771,-0.0082095283964484,-0.0134032223629802,-0.0117642563169965,-0.0055992829499504,-0.0066827495775463,-0.0006890704765578,-0.0269603243060236,-0.0199614325764344,-0.0149162634764056,-0.0056163712198512,-0.0010639207909909,-0.0074011054390889,0.0730108971328139,0.2443266504832082,0.1608686004912503,0.0266049068856335,0.1755896640707975,0.1152914574851377,0.0150540322582994,0.1434331568356989,0.1412868915440328,0.0502945275042524,0.0539632137097919,1.231658284447568,0.0412829834370744,0.0969677217373322,0.0858309274737563,0.0414604256451531,0.1549915207547621,0.0705602479702233,0.0293325657683104,0.0599255591033634,0.0415639274633354,0.0220688522230054,0.0377243808863096,0.0208422060410472,0.0861829348876657,0.0591818758878801,0.0586355839966057,0.0189852153988272,0.0359434433516941,0.038405588028683
420,167,96,0.0005863162136116,-0.0764300676880679,0.0182654578403611,0.0015176444017206,-0.0386038231625286,-0.0167817846553128,-0.0041397845758757,-0.0109514072003977,-0.0743267804709463,0.0056429692776448,-0.0062711457440666,-0.3763322932963159,-0.0052191136237738,-0.033454311023795,-0.0059104595106504,-0.0028326089408091,-0.0151357565168307,-0.0141563694989628,-0.0073963598523976,-0.0134539060932257,-0.0052147195105852,-0.0014049500669588,-0.0073577555473228,-0.0052827723446052,-0.0101119004587496,-0.0133679154773073,-0.0036560866070588,-0.0032024900495248,-0.0012297400115703,-0.0001963030484573,0.0024697194401045,0.3415897958799492,0.1001855589192082,0.0135594074114684,0.2812795061092369,0.0621220138461412,0.02471958650184,0.153763017554847,0.2918483150365944,0.1546844080467165,0.0400885914796074,1.2917269058029404,0.0278611664863931,0.1360337730812976,0.0553815447584678,0.0586487272989378,0.0756349607965879,0.0744428949228983,0.0316097984413725,0.0439974854596848,0.0269971867304874,0.0143329139646874,0.0210235983073131,0.0305189062079627,0.0919517688111267,0.0431051490413169,0.0274094026461686,0.0117281093172205,0.015800110053799,0.0302519320532823
421,166,97,0.0049976061096318,-0.0182202494795383,-0.0270476622391071,-0.0030553062061659,-0.0050075455224296,-0.0141546821718437,-0.0017045675289178,-0.026506396575438,-0.0301029156357882,0.0042575452339133,-0.0247373842695676,-0.3729674010423614,-0.0052186354678692,-0.0425399487864849,-0.0142909990037017,-0.0091980307354025,-0.0185238974220532,-0.0221519077013331,-0.0120833676940217,-0.0041016215378002,-0.0037708557139498,-0.0089514028284368,-0.0085669706961267,-0.001113699834481,-0.0249424171979967,-0.0047739536077672,-0.0031522089821056,-0.0043586638906713,-0.0055165928925989,-0.0096515255164457,0.1148470133524754,0.3283162614057753,0.1152797819867258,0.0288837172159176,0.0455000132231241,0.1091235690074636,0.0036517047883787,0.172260521734541,0.1953990795551167,0.0689045986914459,0.0847037673615679,1.4115920019231112,0.0274819267991803,0.1426330168022698,0.0467912783340184,0.032961304431478,0.0509849681916492,0.0643983205487639,0.0299926146265307,0.0235928479527202,0.0265542191628591,0.024635835487157,0.0269135339406576,0.0302654246401275,0.107848645557622,0.026822331490746,0.0264713774637845,0.0163350298220444,0.0189703661021197,0.0328921654640245
422,164,99,-0.0208035291823353,-0.0861885858046541,-0.014823937722578,-0.002681970285991,0.0040157529510162,-0.0258302334477485,-0.0006027939158936,0.0068420591664916,0.0207206049545741,-0.0184922586701383,-0.0119124328139861,-0.2558645055497656,-0.014030618931779,-0.0028260456114886,-0.0176454479046799,0.004268737599386,-0.0260854013958685,0.0059315007848865,-0.0016642032299792,-0.0087587471208529,-0.0082953987276361,0.0002692523946578,-0.0049613567893809,-0.000468518870296,-0.0068326889714232,-0.0043502833620902,0.0040864306984903,-0.0021883562990701,-0.0126051679936366,-0.0093232367251407,0.0825958661838068,0.4216484276565819,0.0923686876397477,0.0220639272737417,0.0868761872170643,0.0927641966128166,0.0100490522534705,0.1660210437509688,0.1212666127881072,0.0959670232028534,0.0805219858685093,1.3449131753900507,0.037178908286797,0.1385235715949421,0.0455755281643012,0.0426266284890014,0.089422255284564,0.0499898318047087,0.0337448676511387,0.0393467137935245,0.0274015118301495,0.0260430412638174,0.0167489200033402,0.0288354399721672,0.085812555036927,0.0294284208468922,0.0302426497831344,0.0178293167983055,0.0363326286295369,0.038619380296933
423,179,84,-0.0128520600909738,-0.1116717042737013,-0.0452965304648355,-0.0005091186500305,-0.0380408242205614,-0.0160108150961955,0.0036926983790844,-0.0546300705386147,-0.0784121827297954,-0.0459137620622817,-0.0169454325806119,-0.389255727948469,-0.0219075185740269,-0.024489392663225,-0.0100423928075485,-0.0094552266228543,-0.0640188640896494,-0.0305644420141229,-0.0030282840749558,-0.000715137242023,-0.0194578590638998,-0.0064613026455257,-0.0081621065423211,-0.0016752183590045,-0.0223276490430266,-0.0059050962920543,-0.0055181214307993,-0.0030772300180348,-0.0125031347669032,-0.0074428378007948,0.0654072240290883,0.3450247181651986,0.2016613744986496,0.0039857012084428,0.1167514496715843,0.079349385750299,0.0171588135704808,0.1461904182758258,0.2448874720573894,0.1373446077695945,0.1015880672152957,1.2500670184372435,0.0438077719888032,0.1439090153888592,0.0384432107654796,0.0580792671508273,0.1615281866519013,0.0685768697838909,0.0259678178826443,0.0226731778743731,0.0370375374885944,0.0265989182383703,0.0270414980899728,0.0182675001434094,0.0849289654349413,0.0362052511386524,0.0299185288043052,0.0219738406881474,0.0333427459241583,0.0539204176767346
424,173,90,0.0018609048701915,-0.236803878390125,0.0015374726907078,-0.0082025083177856,0.0129015229800884,-0.0763566739831656,-0.0024732986530656,-0.0287241818581871,-0.0233471821464276,-0.0196943039126254,0.0027656427650898,-0.2259887474651386,-0.0066996315182472,-0.0434667032077219,-0.0051792627176523,0.0011795999786042,-0.0413462294769923,-0.025040858050722,-0.0051556359735184,-0.0012238948968883,-0.0053941680234982,-0.0034959979437885,-0.0107876643661312,-0.0049926866849459,-0.0120218232460272,0.0002405233876514,-0.0032855351669056,0.002304494603937,-0.0108215927273912,-0.0062409280161075,0.0063408873293537,0.6066315751571432,0.2232052719772012,0.0351034050926699,0.0996492486642508,0.3207548678002294,0.0300050913429073,0.1246742774782518,0.1458478642045872,0.1020662162435538,0.1044077638789824,1.3487746914269023,0.0259001087989979,0.1049246215183945,0.0317861476084331,0.0432283656762093,0.1153901046955783,0.0505209318221748,0.0391183081012715,0.0307908602098087,0.0224361329780301,0.0169378041280111,0.0227953991170152,0.0240737202955454,0.0876428427949385,0.028569248979131,0.0266859823100247,0.0109751434043532,0.0224185286497296,0.0477171128599747
425,167,96,0.0046135453332509,-0.180589882780641,-0.0120446151746053,8.502417176607175e-05,-0.0052595046579339,-0.0201945701916032,-0.0169869306607389,0.0026629978242355,-0.0157931365153582,0.0119676149349163,-0.0094472343361017,-0.3358116349102037,-0.0098148986844696,-0.0181507211741004,0.0030367220767492,-0.0152460528405673,-0.1318860894189404,0.001630366473281,-0.0055698613926994,0.0029272667334168,-0.0073741263956637,-0.0062389851613517,-0.0107493459441117,-0.0061968850286163,-0.0271533359351189,-0.0102418544521824,-0.0028092340505747,-0.0079800571896602,-0.011998620720999,-0.012482896102082,0.0305148163196587,0.4873322277381606,0.1361266873572448,0.0060059841216945,0.0553530886658206,0.1782875075311354,0.0397019085092434,0.1355895168214462,0.1587190503918781,0.1576588831409613,0.2346866320734948,1.3000839940278563,0.0476533038631714,0.0972814083311346,0.0363894943960542,0.0918936468401115,0.2644869309557578,0.0465479244854258,0.0337133541964512,0.0418793423832103,0.025569174636302,0.0364056871744285,0.034511120722784,0.036403776916099,0.0717872543420566,0.0241187820869404,0.0196622726291338,0.0408318112652084,0.0330148874767935,0.034746245733607
426,174,89,0.0049110586041,-0.0930630672301383,-0.0453598924274367,-0.0015971111071519,-0.017082654386615,0.0055398763381726,-0.0046300639667962,-0.00245837628939,0.0003402518373167,0.0050171549213792,-0.0425737236225857,-0.3912634001674559,-0.0012688396976752,-0.0398458324061414,-0.0060654915283694,-0.0086142318218213,-0.0303434676503578,-0.0262680552861561,-0.0084583085180998,-0.0027065447150344,-0.011029475484564,-0.0097397733917058,-0.0158962716538004,-0.0024982580611884,-0.0495557487764841,-0.0103804780199271,-0.0053122415493783,0.0005197817269502,-0.0035516779178943,-0.0150581631144764,0.0223597124732696,0.2949008030892044,0.1675608222573743,0.0106287910204216,0.0704932718557596,0.061263618378753,0.0672171303704599,0.0486468393573327,0.2342159277888435,0.0760421618240573,0.1751814914704953,1.2291249429452886,0.0501364304677249,0.1324128539711394,0.0355989009799911,0.0504504885543662,0.1133218187223836,0.0551826221376984,0.0454539749048141,0.0347911015662835,0.0435781913395852,0.04177242376893,0.0407800878740675,0.0313099640165665,0.1365391181638485,0.0303369179522355,0.0267229069294484,0.0353208335241051,0.0267747386745645,0.0530373828016519
427,162,101,0.0159105202772564,-0.2097373702265678,-0.0010084659555915,-0.0022191497765538,-0.0392250494023549,-0.0037725709538891,-0.0065401943030357,-0.0416291347469433,-0.0269901492324628,-0.0398134956734344,-0.0002061365947372,-0.3406629878768409,-0.0136180376173393,-0.052904759656594,-0.0149545771992538,-0.003291828830947,-0.0033597038098504,-0.0108445198953969,-0.0037561458732928,-0.0024947503982914,-0.018371171528924,-0.0053761835325579,-0.0106691668139442,-0.0183536938049297,-0.0115970693378643,-0.0086513559032894,-0.0032165806113993,-0.0078071769749611,-0.0104477755024873,0.0023432303633454,0.1049779075027473,0.491955366339252,0.1524528338673147,0.0383283744077916,0.1379235458859558,0.0388717048836269,0.0303560535736208,0.2732421912586357,0.1762848251342296,0.0943996072749831,0.0919406821538422,1.3298127391623662,0.0376559468977559,0.1346342065472218,0.0586960980111169,0.0351053852622521,0.0799101508081917,0.1815404609994707,0.0279789767917017,0.0237602843046711,0.0504995190638122,0.0303870399926579,0.0264144030844193,0.0396261640538917,0.0602786151637811,0.0489085596410045,0.0314207987940532,0.0250118054188728,0.026526811347684,0.040564568003551
428,174,89,0.003040166658604,-0.139013319579219,-0.0196469386823136,0.0011395598457645,0.0005399657292754,-0.0170994420030048,0.002386633219045,-0.0274479966766553,-0.0386184014173788,-0.0068535142744049,-0.0227808973573431,-0.2008241365722596,-0.0014056023474197,-0.0449402402209913,-0.0141695213803709,-0.0027929594955112,-0.0059255458678104,0.0040222663255847,-4.9023996795177786e-05,-0.0061883804322492,-0.0062175935667055,-0.0077332634634676,-0.0094536335521489,-0.0046942820608908,-0.0057343973599981,-0.0098609786313188,-0.0036303803409295,0.0019663063116435,-0.009467180887722,-0.0062143730693496,0.0285552616443497,0.431571482154225,0.0948422352299251,0.0133855812620909,0.0544373277302362,0.0866320714634771,0.012388064743615,0.1743146101214942,0.1947967087586136,0.1164049299126085,0.1417121361542288,1.2897153943778454,0.0221867697682482,0.1458003571406274,0.0474251333433291,0.0306490658334095,0.1064965082576753,0.0211198760072867,0.0235705576966195,0.0317781469278601,0.025369429901653,0.0233416137300135,0.0302021037008265,0.0225155276343767,0.0893259403318132,0.0380614509397545,0.0233058499345661,0.0126802713767553,0.0287172185709658,0.0261223244222936
429,166,97,0.0012179052459739,-0.0737864443412119,-0.0078858485594541,-0.0066536693007152,0.0033672352515789,-0.0019450164847925,0.0003775034921595,0.0142319200301649,0.0086081699069501,0.0057409698685298,0.0143069143478702,-0.379789126597853,-0.0069914480518846,-0.0128496771503959,-0.0045179380707285,-0.0134016385263789,-0.0035615654134789,0.0172985851970767,0.000983371390366,-0.0051688278984478,-0.009204101184023,-0.0016241514195931,-0.0063358251673116,-0.0015434140258494,-0.0245415102775944,-0.015709736096582,0.0030614281284687,-0.010779092582083,-0.0107133156292638,-0.0041543244472191,0.0204439216289531,0.4176789657360087,0.1242995306710506,0.0393170087517785,0.0670063973813813,0.0126135181908849,0.0017640470945137,0.0835778472210057,0.2640090320460661,0.1140138591820244,0.0993844386081233,1.4749435040748402,0.0304438494738336,0.1341527634264201,0.0520685781558005,0.0979109547384056,0.3022419662628048,0.0795784207064742,0.039725704964241,0.0429372530681183,0.0270124162177594,0.0416583831850554,0.0327482805093452,0.0216908243700074,0.118626469298029,0.0472640194485402,0.0333452689340045,0.0385882502388371,0.0317365070035251,0.0387803795259271
430,168,95,-0.018617263912395,0.0035661197616157,-0.000211290122148,-0.0028487679583038,0.0032577128966937,-0.0188811863036744,-0.0256630907946618,-0.0250456509874906,-0.0050260129585233,-0.0077546910881006,0.0176158531447017,-0.4077157202893445,0.0018698549346575,-0.0186377197223494,-0.0018838670743816,-0.0071211031974601,-0.0411839386819498,-0.008636356393173,0.0028151006705847,-0.0062742395230866,-0.0130291102139245,-0.0082197507993629,-0.0089923027041834,-0.0038477883506844,-0.0152508940081985,-0.0010749261272998,-0.008400169244288,-0.0065566145450602,-0.0138423492138797,-0.0134310427163147,0.0534189432698568,0.2971114778089461,0.0532569132776246,0.018330917588227,0.1033776035498507,0.1292551756744144,0.0629633915033868,0.1508235995190345,0.1555278343851696,0.1147638943378305,0.1196172135459089,1.239832537611977,0.0307062733589083,0.1116335788906975,0.0362571500616833,0.0419927088614244,0.1502687049695378,0.0612240968256488,0.0355737448722205,0.0526234053592251,0.0345647201584898,0.0375142908669396,0.0277444430749128,0.0466419265406543,0.0661257736377952,0.0214996746006026,0.0237170141404014,0.0217569399720976,0.0467179697285101,0.0385427070559638
431,164,99,-0.0021793578493526,-0.1006523856300349,-0.0104408039908559,-0.0018870940485419,-0.0051335441507519,-0.0372746230553143,0.0036542910646512,-0.027877579305654,-0.0236961009220387,0.0236276148327316,-0.0055810721568804,-0.4189182864062415,-0.0112574755647198,-0.0214866512363501,0.0005773413543556,-0.01550370034572,-0.0148099515303731,-0.0256861364162217,-0.0100296015035441,-0.0097417020786935,-0.0087331005392248,-0.0107839841974968,-0.003162133327272,-0.0214438996306705,-0.014113985874091,-0.0039156781933721,-0.0078745729203839,0.0002503100940936,-0.0114803989826398,-0.0066063403642293,0.0809303571112251,0.3309255297670678,0.134061636633407,0.0097143966775125,0.0855820639375298,0.2490065275878049,0.0272143738527619,0.1344442476289055,0.2035631561431155,0.1394190440724213,0.0891297357331228,1.4002133109038115,0.0438056044155627,0.0981759435869821,0.0394172210046702,0.0381886308574781,0.0674283558223577,0.1231514761896739,0.0260552828061548,0.0365965552142647,0.0394177647777482,0.0273606002261939,0.0266155828945752,0.0411975758839732,0.0665947163175805,0.0278422662939467,0.0286615617242064,0.0225036023274837,0.0492656750488155,0.0337300394886836
432,161,102,0.0001996014778765,-0.0872790014462243,-0.154990004209389,-0.0005547808040088,-0.0507987804121351,-0.0090215432424364,0.0039721446477651,-0.0322266867289019,-0.0862454457148073,0.010085338199405,-0.0190830990837819,-0.3061839492847755,-0.0136484946252801,-0.0101060420985566,-0.0145397953748295,-0.0143121343644568,-0.0166825511017988,-0.0027209875539261,-0.0051348711486569,-0.0038632183465061,-0.0163637356221784,0.0038443638286114,-0.0069823576019757,-0.0050150724663915,-0.0033570592573811,-0.0119838723770888,-0.0070810182518777,-0.0096064808065634,-0.0143596374971999,-0.0070622696237297,0.0236495241518175,0.4293440698163852,0.2688890036962406,0.0036630562854596,0.1378488948087729,0.0338320832961575,0.0080053855642901,0.1834404959597215,0.2704561069981829,0.1284283588095187,0.0592369972098274,1.402032426045241,0.0376083211826152,0.0967709960035776,0.0788828827043412,0.0362791702388708,0.1565267662115226,0.0775919903082842,0.0185985211874939,0.0242216646104052,0.0478617201725452,0.0269868595476496,0.0242016410142543,0.0269596645156408,0.1239159201804311,0.0783413516985246,0.030660965578391,0.0266435126316581,0.0317707222624321,0.0336851631333057
433,176,87,0.0,-0.043446907926044,-0.0228869064712639,-0.0011713369652154,-0.0173786760490277,-0.0137062672361,0.0009592227802564,-0.0357725199871994,-0.0469239591106514,-0.0055219599136766,-0.0036720496614939,-0.2764986492054987,-0.0035421746712711,-0.0670356530464919,-0.0057606830382829,-0.0245667542707328,-0.0127778362060578,-0.0060764070550412,-0.0089220352932166,-0.0099063345325983,-0.0129912321001854,-0.0024619436297449,-0.0047296912931229,-0.0099266294431173,-0.0189398992469516,-0.0116675999951377,-0.0145450608390317,-0.0059510123555715,-0.0102262013852222,0.0003076434773798,0.0,0.382091684663175,0.1201919490773011,0.0056874335752801,0.0894090945540038,0.1751453560132497,0.0133608709830861,0.1272839807064115,0.2244242471172906,0.1600941172557322,0.0730428024000028,1.1963571339014132,0.025799904523367,0.1490974007836217,0.0576065035176458,0.1025931877023287,0.1287689408597296,0.0516949403828555,0.0437837820913892,0.0368789551040908,0.0316709796687761,0.025748789193504,0.0155420155625893,0.0341284020603485,0.104026883298361,0.0347099491282126,0.0336658537693872,0.0270955749174896,0.0230414595233401,0.0646273397698739
434,161,102,0.0078375368418007,-0.0806973317275044,-0.0013152305344468,-0.0185550778274359,-0.0203141213721697,-0.0052629296970557,-0.0800135779556872,0.0036888043474036,0.0055637882161218,-0.0164742224198771,0.0012301798818518,-0.4632149496012849,-0.0095384044270436,-0.0842104504113791,-0.0042355872691553,-0.0019809818138124,-0.0469223905341029,-0.0116070726631963,-0.0065465053991924,-0.0090603693210661,0.007514059524649,-0.002681684728767,-0.0109229882290854,-0.0142990208778733,-0.0276498451982828,0.0003560295906036,0.0015444892524166,-0.0057206699986531,-0.0133030118428167,-0.0076935124677916,0.0198474893338937,0.3561892389499096,0.0451425677830483,0.0602257014083078,0.0921528529750852,0.0280620277160549,0.1668013686237658,0.2300210773322992,0.1268211119745041,0.1226350936531544,0.0118244533110765,1.388022729652851,0.0227228585422465,0.1747919315167635,0.0468876164553662,0.0542221448432558,0.0819779083767238,0.0622078743500154,0.0251422977468091,0.0277083201678197,0.0229442205998307,0.0293923035519865,0.0162553579754071,0.0310593954554877,0.0644026871484617,0.027466615878997,0.0242881171465858,0.0307526319650535,0.0345918111367335,0.0376282779465864
435,168,95,-0.0005326822568336,-0.0875055495174379,-0.0259439547485154,-0.0020212160212213,-0.0083139272424599,0.0019888103141459,0.0012407975686569,-0.0159855141092639,-0.0280838575581988,0.0021679122711936,-0.0338821484151908,-0.1900762954472236,-0.0067241966413446,-0.0417015354025531,-0.0280313846907413,-0.0122051638465051,-0.0174805288882324,-0.0296573402662687,-0.0083424524300308,-0.0038546659217287,-0.0132410760121564,-0.0002668037298857,-0.0088913034263467,-0.0109773628023425,-0.0272362179838227,-0.0185122079330889,-0.0044681645574476,-0.0025335903870473,-0.0112962189066516,-0.002269351398441,0.0033568174590335,0.3156593147089059,0.1301965053061263,0.0029175326004197,0.0480992962847224,0.0928069822936188,0.025763562064007,0.1538616843959306,0.1894676575501631,0.1916628849769832,0.1426153461660508,0.9899377247936396,0.0347855156555988,0.0868500584572511,0.0776151270557835,0.0630852763487361,0.0646767726287507,0.0830133373775719,0.0287099117472225,0.0282774853109275,0.0382758078070544,0.0207872534587344,0.0292191086268788,0.039677318679865,0.0729918495960248,0.0516362848019493,0.0213948490146777,0.0182669373313945,0.025241745893646,0.0303633999184512
436,173,90,-0.0002934488343252,-0.1876184560209213,-0.0016133109101062,0.0004557175618896,-0.031588262710918,-0.0121402058516845,-0.0327101018333788,-0.0409775532324026,-0.0430921356711052,0.0014163954491684,0.0097048340347307,-0.4632823895476795,-0.0053532814548212,-0.0285268846945666,-0.0360290474839152,0.0008181574590506,-0.0198234126246077,-0.0301352339869907,-0.0057940387301154,-0.0254697894248301,-0.0144443003214263,-0.0172796281086733,-0.0035742212538538,-0.0125734980029503,-0.0100299076715798,-0.0138699405737217,-0.0124737616143939,-0.0030200300709597,-0.0152884426241827,-0.0210584730395605,0.0008249137824265,0.5808405034999181,0.0972624858146665,0.0158655790183133,0.1458462651698399,0.0508240824637651,0.1053466630579856,0.2342094787619228,0.1583072191148082,0.1132297744730786,0.0593035558100922,1.4072016097510769,0.0306054949560171,0.1664374297443992,0.0743215748869661,0.0296605890641829,0.0604479560130786,0.2528146540921524,0.0228012524556694,0.0525261564160439,0.0425137427725743,0.0365257456750162,0.0166322164382906,0.0276666803375363,0.1128259582540766,0.0449237800724958,0.0302791549680895,0.025528777284703,0.0405300718971922,0.0560148072763923
437,165,98,4.432450057771773e-05,-0.0248644382302983,-0.0269328594379205,0.0065311726145278,-0.021412428237091,-0.0088855899264713,-0.0024352303836997,-0.0262314980371442,-0.0204941890109316,0.0086172992230417,-0.0048110029347819,-0.5049652805250859,0.000362383680121,-0.0655976498136074,-0.0062660615323646,-0.0137440129966254,-0.044288243677253,-0.0627153742732797,0.0012891198665904,-0.0130614531324803,-0.0081686749048191,0.0046112411456176,-0.0034949042659048,-0.0041943716101301,-0.0129134889160398,-0.0019703806511656,-0.0168326479331263,-0.0073047479694867,-0.0040318254724253,-0.0122018290413655,0.0003917365841944,0.2208636944720551,0.1080427137199992,0.0173799149897611,0.1739332355215206,0.0364539966549814,0.0071162195825966,0.2467206425273768,0.1825754223799998,0.1552385557510127,0.0377201226412978,1.478903029899127,0.0319483911470455,0.1286341549792972,0.0249876383748203,0.0545082096754257,0.1085110357455849,0.1380159666242139,0.0183681974632921,0.0291318483098778,0.0177043673854369,0.0237942451358756,0.0216406531543832,0.0162295600727888,0.0498414925164418,0.0285562390813344,0.0289431818678675,0.0196640343510303,0.0293230924946079,0.0579698181228583
438,171,92,-0.0248920678001347,-0.0306409933494427,0.0052701549293075,0.0010896464681686,-0.0119108071904433,-0.0608799027724909,-0.0013466961025363,-0.0033044981862478,-0.0250283694609944,-0.0093443768051262,-0.0144045195434013,-0.3622402783952555,0.0027073887859385,-0.0484025767659979,-0.0077308520837232,-0.0153761878323106,-0.0248791474431841,-0.0136780565830848,0.0004730630896422,0.0036615401904056,-0.0035407509404955,-0.0122166649898506,-0.0107786975919108,-0.0099167264114037,-0.0135382544489963,-0.0089802922493279,-0.0043817012071492,-0.002243583606718,-0.0094838139077442,-0.0093513885365548,0.0399246685505934,0.3000162346478044,0.0684659339373137,0.0177611384208981,0.061919916593897,0.334281338892215,0.0127211935845985,0.0925126076863095,0.1469739111990848,0.1159474559516714,0.1919489041085932,1.398934665685192,0.0276638476588464,0.1167650256080465,0.0412780896885648,0.0694702946134573,0.1374550785045075,0.0296541524126334,0.0411977009186302,0.0268590565766444,0.052529367838225,0.0358508582726615,0.0319974942680027,0.0380416796446837,0.0580891714900623,0.0495504542013293,0.0177649604963085,0.0250558971678372,0.0309152522807481,0.0408976510405499
439,172,91,0.0022171607147616,0.0033094008466596,-0.0207553262082867,0.0025429318804981,-0.0105491418852186,-0.009630490064451,-0.0141675310392497,-0.0203936278019527,-0.0326653425022331,-0.030807670034987,-0.0403826287745374,-0.3884438563944561,-0.0003494189178187,-0.0281950269684146,-0.0027772174768548,-0.0237005086730533,-0.0180965078610873,-0.0064843964960136,-0.0084372697995346,-0.008905221052982,-0.0152965062924265,-0.0057072931605062,-0.0063552691581729,-0.0073083754599851,-0.0136393139105723,-0.0137302403725205,-0.0176074227830703,-0.0001860922863001,-0.0075799874602631,-0.0080958972006783,0.039207248254413,0.2141023683807075,0.1597512078316065,0.0159664213721378,0.0620167122367019,0.1616950412513956,0.0611649579150924,0.1272004530301899,0.1603722561445394,0.0572044884200895,0.1307662657359734,1.2223961418156362,0.0380937211904954,0.11733197040838,0.0439876597810972,0.0565281219065438,0.064165789622396,0.0436882803024989,0.0396150296736306,0.030075220096017,0.0343751309073772,0.023879270958678,0.0320179677744408,0.0297673450313719,0.0534738441195097,0.0584080705109838,0.0495715750430396,0.0254139944662607,0.029773128919619,0.0374979261228053
440,173,90,8.393339591309702e-05,-0.0494624321020703,-0.0097485324866656,-0.006299769295046,-0.007449082464457,0.0012622756028604,-0.0259752756317825,-0.0061508137834098,-0.0452185017768867,-0.0042221513669585,-0.0022515589954289,-0.363581409705292,-0.0148789157143916,-0.0312964401630969,-0.0168078476612676,-0.0046559746401404,-0.0840858987701195,-0.0269784957077268,0.0011507475755898,-0.0035629714560915,-0.0071193072493471,-0.0061447984894417,-0.0065574986854335,-0.0092014152498474,-0.0182380966150144,-0.0190408751433887,0.0009138007153,0.0008607154570607,-0.0070637998630598,-0.0046708467793556,0.0067458414614193,0.3770047768679569,0.1004670882365242,0.0327431038320223,0.0616256611670287,0.0646103127768406,0.087515602902627,0.085873639708022,0.2608682206609921,0.1507048419835902,0.1900241384390835,1.1959963216170844,0.0321372686449077,0.1053905729845343,0.0438475783191125,0.0598710358635615,0.1663538513337141,0.0893564519980284,0.0371501966756097,0.031359135412626,0.0192025546863693,0.0247020538146617,0.015926629250705,0.0214671920941625,0.0655824120830886,0.0425552921829057,0.0270316657219777,0.0228073666597366,0.0198336387745006,0.0313807527797962
441,162,101,0.0001930288397077,0.0143538996046942,-0.0057188507825237,-0.021460159747789,-0.0094774632675941,-0.0229825008393991,-0.0004211076133008,-0.0196774089377131,-0.0036165773094793,-0.0049440800005128,-0.1473840362127959,-0.3548695277698385,-0.0114692891706602,-0.0682862322650655,-0.0063728571842584,-0.0066987259365116,-0.0541687679160468,-0.0142388396146262,-0.0112475050206904,-0.0009157556708823,-0.0028894642612546,-0.007552230863242,-0.0044127835562291,-0.0007038769952273,-0.0099175037929904,-0.0036653457612455,-0.0039690561277167,-0.0036028339867334,-0.0160863280323841,-0.0084757259583317,0.0011288617998545,0.1844651502006631,0.073058616044829,0.0527395582136082,0.1316234355659631,0.1252131255397917,0.0014894294068992,0.1380229845689492,0.1016399642877925,0.1172901384183227,0.3334174129891373,1.5414401838001923,0.0308830351809327,0.1741077914024823,0.0304086349821836,0.0428015878358286,0.1222949777636024,0.0624627077326371,0.0325694284404786,0.0275972555426301,0.0301836155338532,0.0251705670569163,0.025928596732041,0.028975294555751,0.0641793254400712,0.0166761465737084,0.0249698255952338,0.0103397842592711,0.0377656544647466,0.023530973322155
442,160,103,0.0027423311244203,0.0077688064137329,0.0023920843461638,0.0060589339485482,0.0143776825729988,0.0074465293980357,-0.1136292195275332,-0.020621689359508,-0.0208181764027962,-0.0051761012279523,-0.075066954953988,-0.3675821282680163,-0.0004715371922463,-0.021590336544882,-0.0130238308560394,-0.0126110169604763,-0.0121621144990833,-0.0193381004717717,-0.0107344757761825,-0.0068861608749779,-0.0108088803992407,-0.0133642828436232,-0.0021134037954831,-0.006019979301294,-0.0143860035215785,-0.0051245160062024,-0.0122485388483227,-0.0039042884113138,-0.0030441312304199,-0.0160301985361514,0.0947092088599026,0.1814542892421786,0.0840344811549411,0.0187882261688397,0.1541727124011644,0.1758605712050353,0.1554132520383638,0.1345331544567221,0.1987271701059637,0.0123372911853299,0.2120825201086918,1.3396976461353205,0.0205592336044217,0.0730969277804483,0.0435232649273678,0.0504820477487962,0.0504536328725154,0.1483866529411273,0.035369954439348,0.0283202659045139,0.0422449196763528,0.0437332077338854,0.0325158342188017,0.042007472497298,0.0654726807946427,0.0313639536629875,0.0406263681081442,0.0310391106922232,0.0226929973779214,0.0561293455570596
443,168,95,-0.0002098349987692,-0.1969677478363859,-0.0004667929411214,-0.001372282508337,0.018723604257137,-0.0942190985937696,0.0010844119621966,-0.0141848537488415,-0.0399067861766851,-0.0107924196320958,-0.010321702600622,-0.1955837939817342,-0.0128670000767884,-0.0134727260371009,-0.0195462872638,-0.0073307756092348,-0.0201631511613481,-0.0016249413770183,-0.0032215040820325,-0.0037628643539858,-0.0034489926835537,-0.0033332251112527,-0.0134189497479785,-0.0056595219461108,-0.031540811969169,-0.022419732081365,0.000239546381217,-0.0017418440692084,-0.0103403357533045,-0.0148243754442406,0.0059542458939506,0.4979397232288526,0.0871962022828856,0.0134752389821105,0.0814919493457706,0.2346435114843963,0.0077377699165394,0.1203318348785715,0.186026916284048,0.086804594106005,0.0831509074728524,1.2230407538327883,0.0270012876429034,0.1704549485796654,0.0591645474061783,0.03173746641565,0.08316163764691,0.044948655749525,0.0324623001685495,0.0315895067681662,0.0255337214734074,0.0271656837420501,0.0337037280238753,0.0368342420678344,0.1133713274850953,0.0652285726561514,0.0268917830882296,0.0265701262486603,0.0318392048559543,0.0488596876591828
444,170,93,-0.0016203883237489,0.0091062935145718,-0.0237083312283869,-0.0031507442621191,-0.0076796183278539,-0.0074719298554327,0.0001371346010099,-0.0396344871783607,-0.0291072749917009,0.0253190884821137,-0.0486644659094089,-0.388784288044029,-0.0025255039283117,-0.0190902261416952,-0.0076438557597033,-0.0112611685480918,-0.0437710656471762,-0.0397044158136108,-0.0024611874492321,-0.0087728622104371,-0.0097752935421957,-0.0086630325073853,-0.0041987008226446,-0.0098153732320131,-0.0139732441784215,-0.0087337498117842,-0.0156273872256298,-0.0054653461850368,-0.0098266864841351,-0.0061571151275754,0.0938491568889561,0.195854921191138,0.2400470834025026,0.0154869200667299,0.1127691778641428,0.0454007799925681,0.0047835002257746,0.1487748977330651,0.1792042681333992,0.1592448942003274,0.1822490405925329,1.478331280856362,0.028250927036309,0.0562236513317327,0.0336879343530339,0.0384868393638188,0.166305110784652,0.1773908845240714,0.018049529978173,0.0487885742565477,0.0316452567418554,0.0241363821567913,0.0164145559603554,0.0296727968463505,0.0483108190095761,0.0291843531987264,0.0389845130365911,0.0190804365338413,0.0307857560140116,0.0397379552483766
445,165,98,-0.0001037674192365,-0.0483003704244854,-0.0029074397063565,-0.0144093288917485,0.0050518905043684,-0.0043889258826014,-0.019969332119801,-0.1032544614544193,-0.0271561048189866,0.0246903518191565,-0.0094074964429402,-0.4363764099114229,-0.0026536014221909,-0.0023656756458271,-0.0010782875917914,0.0031506689310764,-0.008281436098938,-0.0045701629796415,-0.0061771948102803,-0.0096391346456873,-0.0090655351419008,-0.004167689292002,-0.0064783544867586,-0.0034571002174299,0.0037656127341873,-0.0070726453162562,-0.0076269663286955,0.0103688875994665,-0.0058854915317303,-0.0023412899181739,0.0029250624552061,0.2570264131590102,0.0995641411436512,0.0321185568301028,0.0266850017986817,0.047788975758144,0.0512106427930574,0.2699515359979666,0.1400937061281453,0.2044570166891234,0.0489061654508028,1.2539016751211152,0.0246452652126499,0.0721280101091889,0.044995726030825,0.0339156179243301,0.0768678158766558,0.0662332164189763,0.033701623537167,0.0414288069291322,0.0452042458744241,0.0178691353474085,0.0338314352051465,0.0356222369152695,0.0743489836613869,0.0275190114878153,0.0253092448085972,0.0838057627023314,0.033516016102562,0.0496276104595521
446,169,94,-0.0075858263557732,-0.0588681371472337,-0.0077587351988476,-0.0081438610580402,-0.0002639141815689,0.0111615644809519,-0.0037785772566917,-0.0079322927037638,-0.0142314529406248,-0.0246434346854854,-0.04822623716425,-0.3782557037548305,-0.0135334802961573,-0.0180239001743714,-0.0041381164216057,-0.0184246016691028,-0.0837589358920322,-0.0136557742647564,-0.0029685330628018,-0.004631500696533,-0.0096349853344488,-0.0043234773840053,-0.0065181502066074,-0.0082955365392444,-0.0261368869449757,-0.0093985654489911,-0.0046784941091616,-0.0055198542661434,-0.0131290047319301,-0.0010838536899258,0.0359639587074571,0.333035609468463,0.1580502542174686,0.0253103479191409,0.0154008857971055,0.2088503109626343,0.0196323703047928,0.100888473753651,0.1210482132523409,0.0672318616514024,0.1222296353841544,1.3452111616083462,0.0319661274356372,0.085348840146486,0.0501265594689951,0.0757498569875615,0.1917354443698728,0.0935310258877983,0.0394162056744718,0.0273402130842444,0.0259984385028043,0.0268328232179359,0.0297353376484951,0.0362224090424723,0.0809009586059816,0.019882850584069,0.0402518343261445,0.0203328104382678,0.0321014016269071,0.0405111494326699
447,171,92,-0.0167002407234141,-0.1287401763646073,-0.0328613190443057,-9.745682616053184e-05,0.0020923822484983,-0.0064935531250446,-0.020543344078809,-0.0159495297010594,-0.025075870291922,0.0078880034960422,-0.0109280727580229,-0.3030531556431773,-0.0055787344302453,-0.0184343003688925,-0.006960741056722,-0.0125040964031404,-0.0333726044102393,-0.0056039363672541,-0.006155162205601,-0.0060096905720534,-0.0069286235766167,-0.0035693836678483,-0.0053637023517393,-0.0046762536891118,-0.0258399426606198,-0.0162760292938763,-0.0113885689247677,-0.0079558023704399,-0.0132076916067465,-0.0067175275844106,0.0208176099213078,0.3415515857010401,0.1040902519770613,0.011872484361643,0.0419880417304969,0.1664083934310669,0.0576033519612753,0.1306135056828667,0.2069293021772201,0.1392911794943969,0.0679066596426495,1.0650852050226702,0.0230191467771791,0.1237328732908573,0.0338319727003954,0.0317515862970899,0.0658803845079766,0.0484538820593765,0.0250163930943025,0.0337440893005366,0.020720039516298,0.0272367304084689,0.0258393036206538,0.0232555708617295,0.0960281716986736,0.0453282928216698,0.0264784771883037,0.0268206615489832,0.0348081740064532,0.0347757715552951
448,161,102,-0.0091745532736851,-0.2320153535388325,-0.0136432273816104,-0.0076846821466538,-0.0092437572121917,-0.0082025194235148,-0.0020616129276513,-0.0526990371313087,0.0183388572527302,-0.0185613781421004,-0.0080607423893791,-0.470520305059774,-0.0186975314769191,-0.029839429838339,-0.0221767697143634,-0.0305830174853668,-0.0553547463987821,-0.0061935827424309,-0.0052856865019978,-0.0074515453822618,-0.0221373025809517,-0.0146746274350472,-0.0032555549444316,-0.0141860704909102,-0.0285634374218628,-0.0366475895678224,-0.0271035061975146,-0.0064217499074247,-0.0131572022172139,-0.0032190323783123,0.0545351892033132,0.5447463665192408,0.1294834811404769,0.0462314367207242,0.1063026060823786,0.0475508499866371,0.0354184946916552,0.1796864718354212,0.1259784186686673,0.1090788219125674,0.0801627410574838,1.2918156662176763,0.0362735616317449,0.2061170287647568,0.080371310053497,0.0603460422651031,0.1425577188287678,0.1344259793970593,0.017487299495367,0.0228396863310535,0.0430444343024569,0.0315277578788349,0.030132556766949,0.0380142424898087,0.0815278269367076,0.0678260213208707,0.0482067601291196,0.0259438357669803,0.0283980914107726,0.0366954083999935
449,167,96,0.005480156421625,-0.0940310974982308,-0.05386060787456,-0.0037777791203517,-0.0030701978970717,-0.0221893724748503,-6.010342678685396e-05,-0.0152915669165,-0.0329319950931425,-0.0053416140200046,-0.1061503328965704,-0.264443971758427,-0.0103665449761436,-0.0361275319064315,-0.0190370786277644,0.0037652626599648,-0.0106066740522757,-0.0068981913349705,-0.0021794431884622,0.0061875603687159,0.0010079383771723,-0.0118792659999603,-0.0002795278514849,-0.0003825990745308,-0.0269328737503585,-0.0129825014731873,-0.005395050518683,-0.0027475213455352,-0.0064978528038109,-0.0165433538169856,0.0275867312870406,0.3371397078723121,0.1645815413992137,0.0109622706535692,0.0370846813017775,0.115559105438976,0.0270296095577571,0.1134185804749844,0.1777821834410397,0.1447696859687631,0.2041878378855427,1.2514969556069344,0.0402963418717574,0.0960735735500088,0.0617008963238149,0.045337290381524,0.0504794603861786,0.0345826199133827,0.0322381905557935,0.0441608951482342,0.0197739553267972,0.0344558798849989,0.0297087899928823,0.0295551544411486,0.0618368431688787,0.028897573201288,0.0287559472885454,0.0177761089255425,0.0352648802414301,0.0474947288638888
450,168,95,0.0061316461755509,-0.1105952417915874,-0.012557202724584,-0.0120528684168119,-0.0305270314649309,-0.0007340575612208,-0.0038382604450436,0.0118009640288861,-0.0249293352477877,-0.008061793989771,-0.0162537627855373,-0.3996916988403104,-0.0102174491348585,-0.0192497910023762,-0.0125109483716952,0.0030520105095171,-0.0021093350888387,-0.0032881064000774,-0.0067132038200872,-0.0096104513623077,-0.0109937896212381,-0.002873526318166,-0.0051473136045047,-0.0116888026669464,-0.0158806627529805,-0.0085997182962651,-0.0001420825648854,0.0030674482171746,-0.0068519537078988,-0.0039107886383626,0.041880284430557,0.3950326878673218,0.1487081837348366,0.037813592108405,0.0955806225038601,0.0211618364474431,0.0102725930526144,0.2653798347897041,0.1922277706647827,0.0952415285698406,0.108864991922125,1.304025063167415,0.0322154470419576,0.0690942608412771,0.0424811263214793,0.0424725366304175,0.0413287326561271,0.0827462358300602,0.0404806531389328,0.0223970701529148,0.024141963459437,0.0230950478511829,0.0181023182945173,0.0362709710542624,0.1369792473052271,0.0234911010807942,0.0260943132107108,0.0325747587298859,0.0201585675768594,0.0281454067977532
451,169,94,-0.0252909135444105,-0.0774493841680401,-0.0214647386655399,0.0050014366204088,-0.0184462688909641,-0.0182091562626592,0.0109434630658793,-0.0265486716987613,-0.0075989278429824,0.0009046538897441,0.0042861398186822,-0.3285628242744222,-0.0041828383593989,-0.0271636648984824,-0.0128751189042215,-0.0156938944540559,-0.0262136366839647,-0.0181137764522968,-0.0024766554980165,-0.0089393135584235,-0.0107939579383838,0.0017136655462668,-0.000882892035171,-0.0032521049254917,-0.0133298629987924,-0.0071638104471354,-0.0021714624049534,0.0010347105472448,-0.0022324051959839,-0.0050273101187017,0.0536610207735749,0.3142438940615005,0.1472852553517589,0.0131187725258497,0.095292091931225,0.0607908473239565,0.0362162715012572,0.2391312570059843,0.1953028739874951,0.1708099333281383,0.1276254425593345,1.1733152873689976,0.0415742030859018,0.1586607251929956,0.0463294244818779,0.0387370940290321,0.0712253359097772,0.0714294258786258,0.019679854126059,0.0379371851193539,0.0466138666777456,0.0339087160330877,0.0267870950563591,0.0297274708851295,0.0837633900987544,0.0385153804887641,0.0148392889968761,0.0221329636564752,0.0266770500308474,0.0409965731293784
452,164,99,0.003155779478235,-0.0894101523742929,0.005713391797225,0.0064763243891449,-0.0185818957066069,-0.0291435772585726,0.0014547693219295,-0.0373011601580643,-0.0622215518558854,0.0409917638418019,0.017628415805962,-0.2627743936089697,-0.0193981798709676,-0.0480926773320247,0.0008917459169107,-0.0037405225424604,-0.041644505064524,-0.007144329911941,-0.0151292120370915,-0.0073965279975481,-0.0010949472674915,-0.0044105252348684,-0.0063267845762603,-0.0024154759753354,-0.014935353180041,-0.0274163206848158,-0.0049475478624543,0.0017836942425704,-0.0066479554949424,-0.0125658159502697,0.0210365818283198,0.3671941666465232,0.2085605604708058,0.046838320068482,0.1471822349851538,0.0597862358735857,0.0167404262862189,0.1563453354393661,0.2633105032170244,0.1976045304207844,0.0947214146130406,1.1584783208735574,0.0649724076305661,0.1214952775003259,0.0627917533986691,0.0249402423988385,0.0897702242165909,0.0312954346077607,0.0529700498538664,0.0406819982606161,0.0191800107378918,0.0364672093940609,0.0336736155486407,0.0245360432410116,0.0458849151554298,0.0757338263549704,0.035949308002757,0.062783701304022,0.0249430006686524,0.041801554427514
453,167,96,-0.0033477256603485,-0.1115214625166896,-0.008398760577751,0.0004397949288738,0.0038151534919106,-0.0439952219747426,0.0049865149456753,0.0054789033595782,-0.0618542344145707,0.0055055056666749,-0.0004753027346804,-0.2362985873961771,-0.0142779237088409,-0.0289813767052865,-0.0042641339838021,0.0012008205092749,0.0095131059042249,0.0133539396714558,-0.0054539484256778,-0.002925034726091,-0.0119596279228274,-0.0108467471543484,-0.0083583483449934,-0.0143690649031408,-0.0365139301574176,-0.0066567253050237,-0.0007519575445226,-0.0031456894147267,-0.0135775413446244,-0.013734742756315,0.0313411512146725,0.3852823355344636,0.1805902353415873,0.0139092809288916,0.117470648735936,0.3759217105345332,0.0266104271701733,0.0911966562392344,0.2694183601109877,0.0665881922482956,0.13550665722684,1.2254887408976294,0.0398241073722222,0.0782314276739031,0.0574643884859692,0.0260267141248372,0.0586808580067986,0.0260644822445096,0.04238596653874,0.0316158524039953,0.0422871372330951,0.0459197430766191,0.027151641663954,0.0417314415865264,0.1312932098443773,0.074570327658252,0.0358596359010209,0.0323400059759886,0.0508377487238644,0.039599633289944
454,168,95,0.0022463090748927,-0.1643950489566314,-0.0185104250155928,-0.0029291020399577,0.0126040929633784,-0.0835446063501879,-0.0022184090987204,-0.0443223825901614,0.0012497701300483,-0.0216382461725386,0.0125164435168686,-0.4831173591442473,7.362617028838554e-05,-0.0247057331002062,-0.0059378548557124,0.0034717690102893,-0.0270048895069698,-0.0026809849994819,-0.0030215090186619,-0.0023056651301733,-0.008108966816829,-0.0022908433757238,-0.0052491072973886,-0.006474129706489,-0.0274570698584961,-0.0102450661565612,-0.0043934142839371,-0.0070262423964331,-0.0015668744731549,-0.0144799628199359,0.0236117436846808,0.4909402563780712,0.1440122432731027,0.0057028265501049,0.2012291898595273,0.5127601765234294,0.0206482122668633,0.154446620642883,0.1244983992526507,0.0992366913821711,0.1053548193166998,1.4053621285266302,0.021430013627111,0.1514318996190319,0.0270969582021592,0.020983084084306,0.0761158290262248,0.0461223576887178,0.0343377378091674,0.0170579763427934,0.0250570175391394,0.0231483715099414,0.0238427681579771,0.0172847999790462,0.1598631749730311,0.0323803277117355,0.0263470437551364,0.0409388841804575,0.0193010438295688,0.0327758610364405
455,166,97,-0.0045583598618617,0.004469329883141,-0.0260144186973868,-0.0006986583212257,0.0021914550928041,-0.0253745341286634,-0.0004686076838621,-0.0357974988876612,-0.069458639213917,-0.0219724087439307,-0.0059933371651149,-0.2961581420511527,-0.0016675688004105,-0.0443655806452307,0.0076697802237331,0.0024739321609413,-0.0231671679591301,-0.0112057636875307,0.0043750250231166,-0.0111480899716329,-0.0213424466231905,-0.0191352093768365,-0.0087777462762146,0.0003959096967145,-0.0270208376405257,-0.0040335948629173,-0.0023548462693989,-0.0076722581855166,-0.0185245504601,-0.0106652024227321,0.0188563365375258,0.1749914262185409,0.283675901678187,0.0020987367887128,0.0590332735587604,0.1009423687508607,0.004978219289457,0.1033295628303595,0.3271991553949382,0.1160304229301657,0.0630010639575738,1.4070690181508845,0.0261920109182625,0.1180635688852196,0.0855036081212261,0.0289498175838161,0.2884474080947173,0.0486992416065849,0.0425269607566661,0.0292026001877951,0.040649122765773,0.0393641157203903,0.033808799347709,0.0210598648255844,0.1033375238360391,0.0317074430955288,0.0254832801242979,0.03432806291574,0.0514872062824429,0.0596131205778354
456,165,98,0.005707993267711,-0.1728706536881852,-0.0509136516447639,-0.0022628837473602,-0.015565210911696,-0.00542905717548,0.0004278622017686,-0.063283607271996,-0.0889670490937617,-0.0104458910124581,-0.029038649770347,-0.2836274492317392,-0.0148241978546679,-0.0743185740124144,-0.0174740887688741,-0.0057721507593396,-0.0402987353229931,-0.0115787170189201,-0.0159208763941191,-0.0138805415193836,-0.0046804156278793,-0.009810680891831,-0.0002000249575074,-0.0006214859595159,-0.0160224111667871,-0.0121030844423449,-0.0133943362983845,-0.0184378018366849,-0.0147867428374407,-0.0083741181534147,0.1063461704521016,0.495068279372364,0.1335001979696652,0.0079413261431987,0.1250490307234643,0.0687831694916336,0.0022223526485858,0.220208268009474,0.250107676227414,0.0823591995254387,0.1566158720101839,1.183884665392719,0.0258262714732538,0.1943090484373089,0.0562651295137263,0.0215448364410787,0.1282455817207568,0.0407980173706988,0.0301618255644261,0.0297694430042455,0.031448213356954,0.0303705904676634,0.0219073459228167,0.016367142851067,0.0727732817775309,0.046345673138619,0.0291369403902512,0.0445823915804024,0.0326779308587375,0.0408062804025407
457,166,97,-0.0002673420648624,-0.0778564665492769,-0.012950779403678,-0.0065756161614648,-0.0266020867690351,-0.0139693648525591,0.0024599118680097,-0.124368692824241,-0.0602904683933793,0.0001116731418381,-0.0474536269389547,-0.3498714210916605,-0.0068901884595955,-0.0968909277213039,-0.0346719559738789,0.0017839252790526,-0.0130270241645508,-0.0220478917057749,-0.0005664386168985,-0.0156297492423958,-0.0089973239701507,0.0001903843046684,-0.0013645606400899,-0.0084499681790158,-0.0167661216988849,-0.0162366972228557,-0.0106354064963916,-0.0057557895228152,-0.0147210052311196,-0.0187387075976537,0.0011209900592717,0.3381526233673778,0.0835823306846769,0.0158171195965173,0.0724359684852426,0.1306705102911814,0.038382098885619,0.4779612343022353,0.2158863613274187,0.1267532360767309,0.1549306133173792,1.2535914227498923,0.0290696345920532,0.161015531135908,0.0953707054911109,0.0358607733217805,0.0513972287320266,0.0578361730102237,0.0333145582889055,0.0602362975032575,0.027827568032602,0.0315120043383987,0.0315703361139908,0.0295382320348061,0.0645023641522391,0.040329552908153,0.0409411663905824,0.0149058766052466,0.0432084253430528,0.0688241727836178
458,156,107,0.0001579086541409,0.041749162832876,-7.741874380965117e-05,-0.0154616297719169,-0.0087020186389608,-0.0256416289598952,-0.0013101431874951,-0.0768433031444464,-0.0988368149192566,-0.0160708232645441,-0.0234232927391181,-0.4758786835654873,-0.005363407306828,-0.0161743850813378,-0.008755566177083,-0.020597836387753,-0.0178162815081189,-0.0329226107684855,-0.0017397377034547,-0.0110457733232348,-0.0025418159968914,-0.0070374983962502,-0.0123908353032543,-0.0082602188605543,-0.0413117921275445,-0.0029758834586434,-0.0047586200406193,-0.0205369659080189,-0.0020394834690302,-0.0061721952714638,0.0008263395682428,0.2135262401324814,0.1052492383181237,0.0502308509174695,0.0635269625174975,0.0574765976673935,0.0148901977773923,0.3802012158372749,0.2962273792972415,0.0600619722006136,0.18664415602603,1.4894354130869567,0.0252042077281112,0.0955979423980068,0.0686305913053875,0.0589391514252995,0.0846797061051827,0.1205948974647228,0.0300434191975455,0.030893699103347,0.0328885545524349,0.0264808443421185,0.0297220562575366,0.0188516218811506,0.1736491666465407,0.0413991372893769,0.0236022341082619,0.0486093822244224,0.0171685656798871,0.0228681611572123
459,169,94,-0.0097322237717749,0.0202537597570017,-0.016322936641428,-0.0089649583227188,0.0047077291104792,-0.0112090538969,-0.0033354815560985,-0.0163136499038484,-0.0227009840548999,-0.0051532117271039,-0.0235378830396568,-0.3596050424703966,-0.0118307527552624,-0.0842769936730477,-0.0226509612764154,-0.0099313211391108,-0.0257587225729727,-0.0015516043835404,-0.0007577069690216,-0.0192232084971664,-0.0094910437992119,-0.0105875890892286,-0.0139770609536248,-0.0050902498946651,-0.0073888282393881,-0.032523110928119,-0.0202445482480658,0.0030075373051176,-0.0119010089665024,-0.0066102928782159,0.0295256219738149,0.2069514651423374,0.1400672415412438,0.043602474519019,0.1483506640797751,0.1150044708527035,0.0322235143460864,0.4831959787201367,0.1342163270672937,0.0058944259353363,0.1225024818016116,1.6377207957831468,0.0379277851367552,0.190346236885478,0.0888286616629017,0.0580396549537141,0.0789111806933605,0.0584327651785954,0.0260465726046106,0.0616042038449744,0.048589402201055,0.0367159036168714,0.0369132363122803,0.039435984694392,0.0886748880838715,0.0893645965521428,0.0610903896791166,0.011318679333755,0.0433479838866444,0.0374133130737827
460,171,92,-0.0022249060903423,-0.0232352522955178,-0.0190502198167155,-0.0005989955476568,-0.0792993537454365,0.0130522191044242,-0.0020920251625979,-0.0137435547892623,-0.0071589452140032,-0.0236642712186867,-0.0285661955000096,-0.3685657661529711,-0.0077080948300716,-0.0319714669885163,-0.0164072050101328,-0.0157933832813827,-0.018519423565047,-0.0084055601523172,-0.0075587954629948,-0.0075815429416949,-0.0023876272601411,-0.0075309542394585,-0.0036659106687094,-0.0107144664938205,-0.0279291418057307,-0.0113455264589553,-0.0125133079476516,-0.0058730397303462,-0.0038235065298844,-0.0155658091847389,0.0073840013932647,0.2595526308078194,0.2165163522474126,0.011159036728524,0.1828424223386705,0.2633545598297689,0.0205667427720601,0.2155022986682284,0.1220392490830643,0.0848151573449801,0.0948747957140046,1.183851787764668,0.0350274994028324,0.1137753101450965,0.0500703808985067,0.0395912770086863,0.0784832530683494,0.0787029002051683,0.0313060833147866,0.028081352307882,0.0190421849968399,0.0286214760417227,0.0160312240224323,0.0207100905280878,0.0580377325843359,0.0906206503138817,0.0304696827644336,0.027253140632974,0.0214814484019787,0.0530972240872727
461,160,103,-0.0251629762787552,-0.0353586907440852,0.0112769772832604,-0.0013051198809928,0.0040949316676664,-0.0411429526201523,-0.0196804719429179,-0.0039113337515305,-0.0291617400624427,0.0098026948935744,-0.0099880055302888,-0.4254146864630356,-0.0015289185616872,-0.0277936098820413,-0.0100578233340372,-0.0063395482407156,-0.0441384013874537,-0.00671594853706,-0.0083299090496849,-0.0234123123062926,-0.0147344229859243,-0.0052191303013863,-0.0136808288374264,-0.0108832102764588,-0.0136430160326552,-0.0029879359009633,-0.00705922436475,-0.0055463947293457,-0.0052411569890011,-0.0102842485259283,0.0320735207634427,0.2233307715406685,0.1187144852964446,0.0099162495856133,0.0446009764653986,0.1688169091882065,0.038971540566493,0.195809332924443,0.0871186275451533,0.1463755788573543,0.1200053416039167,1.329827353294868,0.0280109709598356,0.1152639101310954,0.035664902844904,0.0411220825568216,0.15342253632251,0.034342024754634,0.0253920291201343,0.0456894647971562,0.0321811481803368,0.0253275303274937,0.0291348298211743,0.018166465674267,0.0624726107200838,0.0300360582382835,0.027193945834515,0.0158783859394509,0.0276610456029544,0.0392110083872269
462,165,98,-0.0064785195512142,-0.1880387836155864,-0.0232486797093248,-0.0054999422820901,-0.0060360072749015,0.0025242971661425,0.0035812238900939,-0.0183686718497228,0.0198122008944592,-0.0096380012112043,0.0143420250542493,-0.1925728981135018,-0.0019014582373965,-0.0211843757105908,-0.0104799249886787,-0.0129580976518807,-0.0490315275762643,0.0046936939252554,-0.004071498801441,-0.0003891860306725,-0.0043089738781523,-0.0094399929893672,0.0019885489942486,-0.0050370587512935,0.0012912236916291,0.0051027650428214,-0.0016309223738147,-0.004228293827016,-0.0074792999082965,-0.0071647682784393,0.1024230541015757,0.4450267418922315,0.0976386233221979,0.0110310892738381,0.0740217550769559,0.1777344781156676,0.0235156334311108,0.0847888659537886,0.1552443976509673,0.1366423660281025,0.1310512778124464,1.1113053802279351,0.0218751193533853,0.1155616293371775,0.052432878475539,0.0676754986969034,0.1596114802522983,0.052017128855367,0.0353101263594112,0.0217732141242938,0.0263675388409632,0.0205581762704336,0.026922466251763,0.0204577010985329,0.1481938757755487,0.0323952849999758,0.0285096412625944,0.0434239223133178,0.0314322033752147,0.0648046142201248
463,166,97,-5.303570074999712e-05,-0.0089221880714128,-0.1248642999337282,-0.0023974408381988,-0.0224077415168779,-0.0099528814818117,-0.0417854236011375,-0.0368836247019159,-0.0109238374395028,-0.0248969472146338,-0.0591353950132645,-0.1934577442034341,-0.0078043006428736,0.0044411166749496,-0.0004256550732974,-0.0053763519563397,-0.0415266029552708,-0.0013957256734043,-0.0077731377235889,-0.006468659773272,-0.0033612181347899,-0.0073253809434253,-0.0058751212130343,-0.0044961050457697,-0.007355487223799,-0.0065570462023671,0.0064181124640443,-0.0057975912954096,-0.0121522856865503,-0.0082670504731818,0.008913217687782,0.231575130048184,0.2252028586505634,0.0030201966154036,0.0858553371059407,0.0396377887787659,0.0877723804669689,0.2553071984918483,0.1616265464543513,0.094422214027255,0.1743961498478657,1.0161484522993192,0.0358952890588898,0.1114107393696708,0.0347482271105027,0.0404499118061965,0.1396198687850285,0.0330633371800846,0.0348942148898085,0.0305487882840585,0.0385825555747015,0.0357919026456615,0.0335808105120506,0.0299820533440669,0.0673630888412387,0.0339197773257116,0.0234785860947057,0.0147090117996121,0.0416949186014751,0.0342756073056485
464,163,100,-0.0318514872678477,-0.0875282935422996,-0.0038543894966808,-0.0004121180269515,-0.0392875405166998,-0.0270812757221631,-0.0042332754764159,-0.0313018999768988,-0.0154663774761148,0.0106983105148946,-0.0501981346641039,-0.1282647733703787,-0.0143138754654224,-0.025329151786896,-0.0265419286070678,-0.0065776851219423,-0.0154273043560699,-0.001170087913291,-0.012484981653306,-0.0022209704221304,-0.0128743522465583,-0.0077600914046657,-0.006871980947333,-0.0088966151313788,-0.0070254019542819,-0.0030349208889862,-0.0130440802485136,-0.0116314862511297,-0.0064750884603796,-0.0040391040399282,0.0412428199229186,0.4011807504535728,0.2758092985125877,0.0104337327724917,0.1676238166197616,0.3963338887315671,0.0189412658378874,0.0842410547028091,0.1883775772819516,0.0887698720272665,0.2684005306565942,1.1707459341781634,0.0285312223627028,0.1226517711213165,0.0894847973105386,0.0624398645879653,0.0451760600341142,0.0666275708094714,0.0531781663876508,0.0308108559108243,0.0323212134590107,0.0310119084706295,0.018894651800689,0.035137102095819,0.0637013987939274,0.0320861216358087,0.0276420541841288,0.0297299644312545,0.0193632283979614,0.0521039448402003
465,174,89,0.0069964079586248,-0.0614229209637837,-0.0551766291457373,-0.0051111319634539,-0.0119129494120522,-0.0326833747436469,-0.001418013937829,-0.0292356410618734,-0.0168920500877193,-0.0133569134428989,-0.0192644762392963,-0.3180403073862197,-0.0061270482193476,-0.015599450047305,-0.0168071521306322,-0.0019324723440079,-0.0270989489514548,-0.0050496976109338,-0.0086367197755371,-0.009338068898114,-0.0030224398568133,-0.0025865205337034,-0.0024072693975335,-0.0079444383042624,-0.0150275048662426,-0.0013768254436501,-0.0033948300913583,-0.0024483969509007,-0.0011513436590683,-0.0121745450395755,0.027935994969383,0.3489988927855008,0.1775602989475613,0.0326848160229372,0.0451140744723605,0.1238807868275686,0.0467349736822822,0.2028986298571484,0.1519988239976814,0.0934928939918839,0.1939779527187252,1.0422509079397673,0.0370733037927761,0.1439026346783978,0.0439726904065119,0.0450384832907943,0.0961801767969351,0.0377984923599079,0.0266954085259534,0.0220035623046613,0.0218169600189427,0.0233410793718746,0.0431682166092485,0.0244800070767576,0.0478871603429916,0.0521175105152458,0.0477755068269319,0.0254862963008495,0.0268628035824443,0.0476669868239879
466,164,99,0.0079696290539973,-0.0946694442777626,-0.0129326800099494,-0.00287486405658,-0.0310477822701614,-0.0255633658381972,-0.0071945197160757,-0.040564926053437,-0.0752373820159304,0.0252058544393632,-0.0125762128720047,-0.4015676560137066,-0.0057075591789578,-0.0414669413097067,-0.0150703316640009,-0.008621036643394,-0.0437316946997399,-0.0234457898720262,-0.0069817680469145,-0.0129701472963238,-0.0133591771491886,-0.0053454595431366,-0.0049449044172612,-0.0082099853034843,-0.0316594603679394,0.0002299440815289,-0.007406934951457,-0.002564264346791,0.0031292173082465,-0.0055517500154019,0.1062743195263699,0.3597751863229453,0.0821359510433697,0.0057771286802394,0.1002941961609416,0.1618651386694606,0.0180089714891255,0.1612563820493741,0.2375196488060653,0.1911922087215958,0.0818235595565159,1.3642829063821995,0.0266832000719507,0.128374026326374,0.0368907751519239,0.0278390989865786,0.1046223443956551,0.0645640923879014,0.0249716634250446,0.0276485885381231,0.0330753758365483,0.027179337484629,0.0239583475697739,0.0384098580013067,0.0938308801606496,0.0418414331741932,0.0341183073867299,0.0123323991192931,0.0328616723152515,0.0280447786970405
467,163,100,0.0094835618790591,0.0287476652531228,5.27551614748244e-05,-0.0198639380418391,-0.0059169574963239,-0.062732246258111,-0.0029043499596016,-0.0150366490934059,0.0047874281179103,0.0143417885384483,-0.1198243433805933,-0.3731639892261495,0.0009461675385014,-0.0196038250447414,0.0027491430349549,-0.0082980592052703,-0.0174607603286006,-0.0088426777033618,-0.0063813123802631,-0.0023473007750964,-0.017085215327875,-0.0128054925828326,-0.0026590339543933,-0.006013973959307,-0.0126125051478859,-0.0063772798330477,-0.0037002744974311,0.0018056590756965,0.0051232638137964,-0.0038007927023539,0.0355307149011111,0.2056787298031598,0.1424939418637018,0.0690556041590958,0.017442788231817,0.283799214034849,0.0294424154106924,0.1328196354620913,0.1141985542552817,0.1224223528818918,0.2932809165634292,1.2875216118315187,0.0410132611573264,0.0905331562063035,0.0292240389605145,0.0876013230024532,0.0690654835711662,0.0476325542756022,0.0212989503283422,0.0482061684189687,0.0394952528613955,0.0374168825482927,0.0371912512760133,0.0246681148124635,0.0597076357899492,0.0169298855536862,0.0260811148090327,0.0245342543050115,0.027298578041827,0.0318239088107252
468,167,96,0.0039508688543124,-0.1322318329165146,-0.0088389403660304,0.0011251051801077,-0.0082589596851874,0.0035559569244582,-0.0728060279519241,0.0055749684365938,-0.0306432990442082,-0.0118739830230968,0.0173789020209287,-0.3022587113272203,-0.0103329573301149,-0.0272786027325824,-0.0062077343772316,-0.0058130644490913,-0.0594792271254646,-0.0188942771047307,-0.0024098469566653,-0.0083651828066522,-0.0118262532897772,-0.0061888544683678,0.0021937267373177,-0.0191268071760259,-0.028202341809113,-0.016199213944551,0.0029794044567917,-0.0069086455338137,-0.0112878576809888,-0.0228036545634693,0.0130475543736169,0.3349858784078852,0.1095024744391625,0.0059493206208499,0.1426128595025775,0.1838524977627393,0.1233354552542815,0.0711735083330665,0.186929197794379,0.165076303401245,0.1546964596028038,1.047789331999107,0.0290794122044908,0.1679512958164097,0.0545277247918149,0.0373660523759605,0.1310442206806575,0.1299755960181608,0.0235615156293187,0.0434827779929029,0.0296715304849984,0.0201997737455926,0.0194748841032806,0.0408546649721133,0.1129853580495151,0.0495297593556481,0.0308302166533029,0.0273460942292802,0.03526737853606,0.05193814812424
469,158,105,2.790783139546224e-05,-0.0162414443614657,-0.0290536882512874,-0.0141770301982001,-0.0065980801011457,-0.0021589403237806,-0.0139837495879896,-0.0174137506219074,-0.0627397421087946,-0.0255488414265977,-0.0350875882362458,-0.3557843224654287,-0.0122199196119803,-0.0372872431494904,-0.0145738072183185,-0.0181290063802992,-0.0547138792052232,-0.020148478140412,-0.0127981641775154,-0.004821667004229,-0.0083396555212515,-0.0030851896248358,-0.0085464924816077,-0.0101857510488832,-0.0290983361918307,0.002077127204934,-0.0051849392022656,-0.0152738147702512,-0.0027336622142287,-0.0100733505519989,0.0003618861150019,0.2576333659768786,0.0933642751273263,0.037099377171996,0.0478631622745813,0.149614174822759,0.0696389173348676,0.1238167721091469,0.2489618621291492,0.1036929276779339,0.1123448408636219,1.0654993172734302,0.0517922702299072,0.1048740304658799,0.044449816876713,0.0818242622296875,0.1301664081449292,0.0517357751784984,0.0357896843434679,0.0375560296143267,0.0451502588079536,0.0265412740929574,0.0216099022131543,0.0363010193288828,0.0816225709334494,0.0380448112974829,0.0290090943824482,0.0288153072595807,0.0306573156431574,0.0273196576925715
470,167,96,6.937910204726539e-05,-0.0303121406121841,-0.0124772350968044,0.0018206579726759,-0.0303021898143043,-0.0094686341035317,-0.0027681438184354,-0.0331411756282791,-0.0546738250696548,0.0145840282616732,-0.0300295584056883,-0.4171632212760858,-0.0034347173159704,-0.0007496417939188,-0.0188294585101514,-0.0148571669672637,-0.0144721629553974,-0.0015115591106981,-0.0037702909536284,0.0020501964232883,0.0014564849223178,-0.0012774698362836,-0.0030136559591602,-0.0026838221289193,-0.0072989264239847,-0.001397828047979,-0.0035817508260318,-0.0027949386005194,-0.0092029232756593,-0.0097641349756138,0.0019579702912729,0.3419763084667201,0.0898972337685551,0.0268894216484011,0.1396102545832548,0.1137987793284592,0.0189710195377135,0.1829418793113623,0.3448174788458593,0.1077128686816741,0.1294706734367653,1.5063810816543763,0.0254323543752778,0.1785203504712667,0.0603904672798818,0.0642482672894678,0.0813329030192145,0.0483408213173819,0.0448027838132161,0.0312709057562329,0.0263867006282361,0.0275490798760172,0.0325230852195662,0.0200962223562567,0.0789722099327644,0.0276664189675612,0.0195243751156547,0.0129293123624646,0.0354296743637976,0.0525812160380842
471,169,94,-0.0075119501019234,-0.0699022283886461,-0.0650335155661274,-0.0069495969753538,-0.0285764134550836,-0.0043988111420451,-0.013235612360983,-0.0410968453954544,-0.0127304469429562,0.0198301226072822,-0.0241696323642761,-0.2770724036513665,-0.0179151946765645,-0.022029473445351,-0.0014653797114875,-0.0115246375397484,-0.0121422286823159,-0.0082625563912298,0.0019213026627915,-0.0070827034746981,-0.0053532193128808,-0.0182581077071523,-0.0105624800709325,-0.0055029468944249,-0.0059207283018642,-0.0142463339017241,-3.797406360598979e-05,0.0037882936512784,-0.0017599370000676,-0.0031340403352693,0.0369033151802221,0.3051680004110221,0.2601647537158728,0.026349936364193,0.1157369605997616,0.1359097999279723,0.0472763468907564,0.1631362582713689,0.1892495093459936,0.1854997460175697,0.0993980946105294,1.0552488835098106,0.0579231059120676,0.1425579340964773,0.0363411975056637,0.062572129288813,0.0588641922074988,0.0758478980466033,0.0415394868960492,0.0288336296462013,0.019928014242282,0.0481254094664146,0.0375571094866357,0.0212164452349053,0.0715882386413192,0.0578363717509159,0.015965273796518,0.038394563906125,0.0251470293952555,0.0357413183414642
472,173,90,-0.0065151018389324,-0.0309189868625882,-0.0093432431466681,-0.0075322255685574,-0.0587096946752864,-0.0256869606445363,-0.0045483679134774,-0.0118496689867839,-0.0063353613277845,0.025372967931882,-0.0214652304630826,-0.4307949922875637,-0.0066951437172139,-0.0261955799850439,-0.0170829284871888,0.0034110223114128,-0.019526242277177,-0.0103071364783085,-0.0117615677479087,-0.0022743123601231,-0.0016297794498808,-0.0064838499932695,-0.0064580023853392,-0.0061612413228967,-0.0065733057448969,-0.0067072239965104,-0.0079560704619834,-0.0014974840561282,-0.0079738346537763,-0.0009970371679364,0.0325420710952657,0.2890139970391567,0.1873266425487287,0.0365857729665501,0.1251096600859724,0.0953869886727427,0.0368217997737577,0.175977922058873,0.1858659517758735,0.1605805048809285,0.1350933858388693,1.34121105067217,0.0276881213029541,0.1160346650505416,0.032267707245465,0.0512816922433932,0.0569996419985946,0.0672501779840468,0.0333199406906151,0.0254835357588877,0.0234308251807416,0.0276115860305109,0.0285251772907054,0.0226369818091781,0.0413417682440467,0.0227575197375406,0.0239678994140749,0.0178950105474755,0.0250434845846088,0.017899201504752
473,166,97,-0.0114829113457014,-0.1157278473749743,-0.0334028648317991,0.0055529768611418,0.0021719117386701,-0.0113353809652642,-0.00060573544251,-0.0193769378079163,-0.041992577292009,-0.0172528804210692,0.0017152811434992,-0.3103820897402236,-0.0129403814404221,-0.0162129708610293,-0.0054890880580266,-0.0387356249706144,-0.0100974014692968,-0.0513195335981782,-0.0090846745920263,-0.0052734946036195,-0.0072810720292377,-0.0110625621308517,-0.0046805259106206,-0.0116013177717064,-0.0163590833561696,-0.0052389159917724,-0.0018454608854441,-0.0042907418051197,-0.0053704658841651,-0.0104371594905061,0.0812485742699352,0.4218560326482772,0.1559064731793673,0.055746286379879,0.028794127756945,0.0712046868057577,0.0093048882541873,0.2091288360544851,0.1725169050271737,0.0485524965819683,0.1412231095539473,1.0678663075930128,0.0344854527932375,0.1503241564308029,0.056412354039079,0.082518626791171,0.0404374541003469,0.1533754562811612,0.0257043083644481,0.0457868118861051,0.0405150127764283,0.0404771095441194,0.0300333900415547,0.0453791481718667,0.0666118583902251,0.0377376054181962,0.0293611035110988,0.0381692943083995,0.0331361599938364,0.0429625723287965
474,169,94,-0.0022248166256885,-0.0889655322567566,-0.0061292012459754,-0.0001573685747288,-0.0021973019045099,-0.0390720747208301,-0.0011448372545854,-0.0223687691099016,-0.0200338685541249,-0.0051374975436775,-0.0202990893875522,-0.3455222213339166,-0.0045801408223991,-0.0112830398100653,-0.0082012338024291,-0.0053257343517669,-0.1057367524717724,-0.0041447266094267,-0.0062939170635367,0.0009784165682611,-0.0062086708937643,0.0043601989744514,-0.005942757663736,-0.0014700740232804,-0.0063542300739634,-0.008038909659137,-0.0069142502968867,-0.0048695050696042,-0.0032398219457252,-0.0035264999718595,0.0068537292048393,0.2629784571798764,0.1705331979568992,0.0182527744769428,0.0740994807496519,0.1182028511831468,0.0106040054922437,0.089405660830951,0.1420722452565118,0.1767469089163677,0.0591598076983741,1.4019231298507009,0.0401538265721946,0.1044076648610802,0.065566131356582,0.048988981964847,0.2485189388519602,0.0319425071391937,0.0324388165070537,0.0198219000355223,0.028924987013639,0.013790080161796,0.0152067503178533,0.0217820530021097,0.0538892103012014,0.0250385537821806,0.036697504630756,0.0341316288329541,0.027661061577665,0.0608760040675955
475,165,98,-0.0003987847288487,-0.0211204296423621,-0.0338617291218685,-0.0005153766559498,-0.0089794809399413,-0.0150119992757303,-0.00103650738888,-0.0726114268316633,7.322455626928537e-05,-0.0124904949886527,-0.0098246124547469,-0.3273779091930023,-0.0044806642591327,-0.0252618013921283,-0.0163969594381186,-0.0114261011542841,-0.0161067797606661,-0.0005645017411451,-0.0113200706396126,-0.0030453530688418,-0.0048612518668124,-0.0114789928058214,-0.0061019486560096,-0.003326945090546,-0.0180163419137711,-0.0249852682083324,-0.0071813027577948,-0.0069054426937756,-0.0137333428554049,-0.0155773777263778,0.0021489236868331,0.2433058955860162,0.1426087830773104,0.0212355533315186,0.082301383647072,0.0847277038256013,0.0137622916106932,0.4455543181812882,0.0788658097172684,0.108031089899225,0.081333448618433,1.3958588410798738,0.0438220803049871,0.0973708957124679,0.0549393750079093,0.0362954664092687,0.0522310558164954,0.0908065957343808,0.0330490626765438,0.0261803396370922,0.0249671429233123,0.0306451899866684,0.0216518200923123,0.027329854702803,0.0415060812802463,0.0635010435322102,0.025703835144893,0.0384606369884962,0.0353582783648847,0.0349619606593429
476,174,89,-0.0267782412435888,-0.0577303763357691,0.0003830943065994,0.0012280538665584,0.0030508069545283,-0.0182317872177516,-0.0215589071930826,-0.016823300826013,-0.0567740930296026,-0.0288368916936593,-0.0197498148413263,-0.360648431834658,1.2042717310597616e-05,-0.0262242913678254,-0.0046974498611823,-0.0027875811113816,-0.0506844051714539,-0.0599630258231228,-0.0108602300780627,-0.0098277551890519,-0.0066864629698151,-0.0112045794585894,-0.0113467109869482,-0.0066324180802969,-0.0185597252158465,-0.0023435281620771,-0.0041881847593246,-0.0132092393870566,-0.0041327481225206,-0.0097161780321878,0.0420990607214042,0.294820293930113,0.289568186765564,0.0180392964264634,0.0362183856638899,0.0385439710745834,0.0640083219301324,0.1582465650832112,0.2466739067405548,0.0800214757665383,0.0929127968761017,1.236201599691862,0.0346078239112234,0.1121571610661319,0.0255289389657781,0.0847479863221125,0.1541544745752837,0.1960659273141899,0.0303977080537241,0.0348556549250782,0.0325096807209506,0.0279928259019581,0.0413160167671796,0.0330835519178704,0.1083201001595791,0.0148164569496255,0.0229831182519113,0.0301859930999768,0.0210315814845061,0.0384776776903891
477,170,93,-4.3197687305391616e-05,-0.3224237311374228,-0.0216368485375098,0.0104206486425072,-0.0199830493015751,-0.0232900119738323,-0.0043385150618652,-0.0194360408588439,0.0107297563869975,-0.0009092890562827,0.0019567939331635,-0.3434343914074729,-0.0116765423835788,-0.0163578303249265,-0.0008425436761777,-0.0105089482501009,-0.0142925112366363,-0.0054638067143591,-0.0046191038468957,-0.0028710372414904,-0.0044992953914117,-0.0044679359739879,-0.0150099648605362,-0.0101124875714876,-0.0039922893056424,-0.0049558211695432,-0.0063127548418787,-0.0014227124905348,-0.0099732497898588,-0.0054359655119816,0.0245388022313836,0.6233354786768958,0.1898256975895997,0.0278588447362436,0.2326910400177916,0.059568521817887,0.022901231338387,0.2082414759983861,0.1441975257995163,0.1457972836485057,0.0632402905185253,1.1561113709572828,0.0286048656036884,0.1770571810810328,0.0472707156726237,0.0303398455324756,0.0443074248022527,0.032700451264426,0.023567180781228,0.027645898142569,0.0302643377322302,0.0231008172112392,0.0332345761563459,0.0339083002977509,0.0626241505647145,0.0319169471207822,0.0348537762781583,0.0171140517855357,0.0335917442241993,0.0376069084177489
478,162,101,-5.4423436329002847e-05,-0.1640353154576159,-0.0022757303422926,-0.0039198780911169,-0.0259750770121693,-0.0407781885130707,-0.0104386496068933,-0.0183608624060378,-0.0136623363657692,-0.0040773036339825,-0.0189964720072775,-0.3502239345056053,-0.000839708292395,-0.0031102868112272,-0.0061807379028034,-0.005105320088117,-0.0051262037050118,-0.0518837402829281,-0.003237308516819,-0.0042021771608114,-0.0038916780860776,-0.0026357270251542,0.0010226079032166,-0.0003630811093618,-0.0149610441718533,-0.0014204650689291,-0.0099380971912352,-0.0009999925689597,0.0016970636137223,-0.0096471417708942,0.005487581684323,0.4497436944878071,0.0891404791685522,0.0162704543701149,0.1079418773876945,0.1556872242038635,0.0449813614917845,0.1020154832616516,0.1428947134363238,0.1058509343804447,0.1300924517189087,1.33491883962061,0.0261460382119121,0.0972696698553239,0.0289242029210266,0.024294130768662,0.0582826853644811,0.1598485800733356,0.0252577125093129,0.020312244268887,0.0200565847695904,0.0122352793834896,0.0177216956502726,0.0183849790322329,0.0389853261729763,0.0140571272220184,0.0284703751765961,0.0139967111071535,0.0161952736899224,0.0460852404609205
479,170,93,0.0055556416401143,-0.0585370748766765,-0.0225238443660235,0.00043217038243,0.0045602985300573,-0.0175197851095954,-0.0004685865717855,-0.015453701563828,-0.0242655849792021,0.0175490319359169,0.0072522626218666,-0.3773349656234233,-0.0111081853586734,-0.0118500268751258,0.0066154079584037,-0.0011688237374348,0.0120151698827452,-0.0004517624958493,-0.0032975068600948,-0.0023312230419601,-0.0007615578810055,-0.0010463623804028,-0.0068883313303956,-0.0119410707819026,-0.0066373195303198,0.0040538323948077,-0.0004718508530165,-0.0058394402875541,-0.0050495293929858,-0.0046502305295815,0.0324770496092415,0.3192944673080908,0.1345578597294578,0.017872321709433,0.0779582661547722,0.0774523512707271,0.0066404038422136,0.2479248619328261,0.1558822589545402,0.1648267085313672,0.1394068122991442,1.3779427829720905,0.0398009578898679,0.1070040937181857,0.0429690420902255,0.0395454988488226,0.0753412577832844,0.0620273943531113,0.0213181190080429,0.0372101474567424,0.0291105964842497,0.0257381822024826,0.0279291715881883,0.0435711979639537,0.0720883358385776,0.0309621038042215,0.0290923641126571,0.0164773441119764,0.0448313116912152,0.0380059553261913
480,166,97,-0.0181786750587226,-0.0096722302040062,-0.006360468023753,-0.0010451883626625,-0.0170483601161637,-0.0248822262829356,0.000442512736822,-0.0035599439111778,-0.0154588522042021,-0.0088473663537144,-0.0533340489297589,-0.5264586499486892,-0.0093385050859145,-0.0358737398604486,-0.0129782684640045,-0.0062949938143397,-0.0216524132181178,-0.0135831813546935,-0.0164476443129057,-0.0156718141727954,-0.0082636068860401,-0.0075159155240375,0.0017960106310204,-0.0005403332348826,-0.0029680323425008,-0.0157432404191709,-0.0146641274716226,-0.0102021298209069,-0.0083239994282003,-0.0050987516984781,0.0472396587238789,0.2607778997997912,0.081234359176846,0.0362982281933744,0.0479357041842619,0.0963017645098515,0.0159813485875951,0.0864507127048162,0.1710857339900429,0.0209497428897474,0.1756641854933485,1.425215478958067,0.0330764893641337,0.1044137480599314,0.0481579262239187,0.0310759805072017,0.0814142247470237,0.0807310578853357,0.0321126641663531,0.0582694292807299,0.022121993243754,0.0370499084639188,0.0323786245206016,0.0269565461305564,0.078753371690215,0.0706514519944007,0.0539951245169024,0.0321128780301395,0.0381811222913654,0.035919228075345
481,158,105,0.036377942292563,-0.0590868490657532,-0.0025735414264423,0.0040937085238182,0.0004378745219429,-0.0003368269612485,-0.0038286966399578,-0.0256916594456714,-0.0096167993388149,0.0067031879339026,0.0176412537833241,-0.3595611034588196,-0.0065904441745873,-0.0281113482205801,-0.003697922389599,0.0043545392849802,-0.0092227657973291,-0.0569682009627424,-0.0052311084988873,-0.0056053709088786,-0.0126444837052991,-0.007663740274361,-0.0115700741844155,-0.0050013130530432,-0.0075779413563937,3.895730723926192e-05,-0.0116556319671247,-0.0086656876268377,-0.0026556686010333,-0.0069140910612803,0.1500946321330548,0.3748306223555981,0.121102749009956,0.0136264193415654,0.020374326154184,0.0467291419037997,0.0267307950004623,0.1718095532272693,0.1061386781678077,0.1314087233063995,0.1459939061051481,1.3260300535684226,0.0279329402120165,0.1847140018791916,0.0893887802168244,0.0402144824874469,0.0441470422558063,0.193680025958665,0.0326077699432869,0.0244744372034982,0.0393696105318613,0.0293402053268509,0.0373905453399086,0.0341127759062476,0.050614270785643,0.057462077848263,0.0429001795217049,0.0529444241386749,0.0280448109037476,0.0526853330877383
482,168,95,-0.003659052351948,-0.1212296769602964,-0.0034652605719428,-0.0266905967493427,0.0037694751824818,-0.000223275164059,-0.0018878635129587,-0.0062256657137688,0.0012847356442385,0.0095975542020373,0.0038803994188761,-0.2727483021961182,-0.0035844547980573,-0.0093873991958353,0.0031239253882133,-0.0029238095218622,-0.0202867433650589,-0.0003783567169514,0.0025437819301576,-0.0038850314008833,-0.0082158675391477,-0.0042738915359013,-0.0070067464516468,-0.0061458008388154,-0.0074965679804654,-0.010938125256368,0.0014862609516675,-0.0033279485665766,-0.0015767292264082,0.0054644573126707,0.0483527459197715,0.3983851442239365,0.126750042208449,0.0689418586359362,0.1270876508579578,0.2413259426626933,0.0204900996842795,0.1561644144318163,0.1562093065434962,0.1527688361248193,0.0787506467138756,1.184968663141935,0.028717398877638,0.1043266025948951,0.0490985153160889,0.06087112084669,0.0620313982666598,0.0846303871019676,0.0280341782462222,0.025414313171806,0.0236288971644009,0.0236656965388968,0.0284874507194283,0.0328307698279641,0.0663438497456368,0.049312630098042,0.0318989876783748,0.023745215657232,0.0187587502984276,0.0378700850660771
483,169,94,0.0025914870488629,-0.1013261768417815,-0.0250775959967,-0.005698899039907,-0.0094569219900648,-0.0240556601365107,-0.0032662198559081,-0.0107993078656441,-0.012102832364123,0.0045230472141689,-0.0248035999870281,-0.3366867560333201,-0.0077857446894162,-0.0578832935813244,-0.0094920890542115,-0.007778747276312,-0.0232485177735209,-0.0061192584341414,-0.0074314074077562,-0.0070572177790341,-0.002690993939838,-0.0043078881729694,-0.0087652643408744,-0.0039406582869291,-0.0098989928982781,-0.0091945212735567,0.0011839218222109,-0.0069772397514549,0.0040004045496106,-0.0053042836958329,0.0214478686380903,0.3803525346124669,0.1677053561491968,0.0260666208094634,0.0848822662645322,0.05381119082655,0.0380527895569409,0.1512630382324995,0.1041380357498188,0.187753913695821,0.1262494549713989,1.1203425726671523,0.0184877824681664,0.1632360023250424,0.0275088196175191,0.0846426539026487,0.1205214591315344,0.0644230011097755,0.0254530845241894,0.0340631738924913,0.0200545654452503,0.0265195712812513,0.0223742921157796,0.0230639774104006,0.0413648896275873,0.0445724557935052,0.032335943728906,0.0221124259363118,0.0178657170935167,0.0317179587832904
484,164,99,3.122640176249997e-05,-0.1152898035627732,-0.0255484431881234,-0.0052392281274503,-0.0099296192293851,-0.0115222987297118,0.001838600212717,-0.0179071020904669,-0.0202555517726195,-0.0233003527898392,-0.0312405217448895,-0.2758287414691333,-0.0108158322242214,-0.0193817857207147,-0.0174066335774461,0.0036339019793829,-0.0107284475887252,-0.0052874536971627,-0.0117237203804149,-0.0117154965961629,-0.0038835187148728,0.0010845733131067,0.0015157677313019,-0.0088841841836182,-0.027293333819599,-0.0055396973280302,-0.002015631255508,0.0011038010292232,-0.0153901971626138,-0.0033692724012374,0.0001802398980837,0.3978205602935328,0.1196467294450435,0.0350433766802326,0.0743597531295666,0.1228055053555928,0.0250308108651429,0.2825236373737481,0.1841261320885815,0.0971551269093139,0.1137287245246156,1.3560952667886297,0.0305259690550353,0.0973044974010113,0.0458548690284535,0.0579274061459213,0.0555557454910734,0.0531183613495483,0.0295319761231138,0.0507780748365241,0.0418720594699197,0.0281564033399779,0.0236811819006601,0.0250423255151781,0.1178706984097541,0.0368001029413367,0.025486752060132,0.0255410424338349,0.0424830630450371,0.0433339711212254
485,172,91,-1.3925744631149252e-06,-0.0910619659718999,-0.0579789558888048,0.0026823688780508,-0.0034452737112697,-0.0097776660812501,-0.001583403201204,-0.0400879343373185,-0.0405848870404429,-0.0156577487190046,-0.0036992564664918,-0.4092971845797709,-0.0109821195624565,-0.0368262971501176,-0.0124475843126267,-0.0045257132052888,-0.011908271846351,-0.0187341446300633,0.0002111010160519,-0.0108245620020414,0.0017629035225808,-0.0003128662815255,0.0002267350247945,-0.0025387526386706,-0.0179692500881696,-0.0035083375125601,-0.0041502980543221,0.0003174398233708,-0.0089354059444415,0.0002505600588566,0.0007904495848609,0.4150001550116271,0.1398294563964476,0.0198795628516154,0.0475087309246312,0.0624946030511173,0.0137699222890045,0.1793614839165877,0.2201043831500773,0.1060798691993886,0.1391612940961807,1.2261524027758597,0.0491040165871484,0.0849464800938986,0.0505932134665824,0.0779382624910961,0.0427155834423544,0.0993850081177266,0.0273948430101973,0.0317792889483547,0.0316775040003665,0.0349273261288517,0.0354114356865315,0.033078599950319,0.0770280810264728,0.0376443782208634,0.0322264226709153,0.0137795692027297,0.0294403411756807,0.0388466209536473
486,170,93,0.0041034118469413,-0.0177783855422996,-0.0061166753302943,0.0017724959312578,-0.0420522126264381,-0.0097470035605075,-0.000697008785286,-0.0162745465040986,-0.0970916780245265,-0.0023562806753186,-0.0216490754498041,-0.5461458638794385,-0.0116012792139218,-0.047435451896959,-0.0147814064280829,-0.0206382137324312,-0.0259425527919323,-0.0271063642965724,-0.0044027218468515,0.0034549062669294,-0.0080358645574141,-0.0133394053491636,-0.0099278149819658,-0.0076869896538725,-0.0131655482876114,-0.0026675722222905,-0.0019907160979676,-0.0041882275064735,-0.0046358717197245,-0.0103842804493631,0.0614393951927697,0.2629277526336906,0.052421390754624,0.0148294392049074,0.1022751494265796,0.1531387423129445,0.002119580750884,0.1816594976418129,0.3288161128393659,0.123755030475883,0.1666354440781226,1.687518509952383,0.0621268225619296,0.1235901481748415,0.0456029519759695,0.064551912024593,0.0765066530483449,0.052739946520675,0.0302056939606502,0.0415923524639869,0.0328658567310537,0.049212349472162,0.0430941411107065,0.0216753714787731,0.1105126965507865,0.0330665561541447,0.0313906345007028,0.013913057419684,0.0334474261661066,0.0395083729106777
487,170,93,0.0188222401173187,-0.0643795554419525,-0.025328163700491,-0.002680592679812,-0.0048104647018951,-0.0064257812686408,-0.0090155429888197,-0.0673166628454228,-0.0609945392127507,-0.0316747417522416,0.0046244121533376,-0.4101401158484535,-0.0155553197201994,-0.0367698540726955,-0.0216295475070216,-0.0263335338574449,-0.0145260213971405,-0.0213789264512728,-0.0112549992512567,-0.0056232835069143,-0.0024162353761875,-0.0035637337751585,-0.0138862789155447,0.000810759585953,-0.008258889588855,-0.0094273509790535,-0.0117498304512296,-0.0084462085186866,-0.0059828035126101,-0.01761996546865,0.0396308591588442,0.3714441788459423,0.1827726317173308,0.0062471686056241,0.0711652231690158,0.0668418400066627,0.0456823917505973,0.353693945613174,0.2510770466872886,0.0765914490466171,0.0497759212930452,1.3467258527495751,0.0384902030820336,0.0828224364268196,0.07471908347877,0.0517377211719972,0.0469369968536374,0.0813104461304035,0.0390613738695699,0.0314092764744483,0.0241082750482435,0.0188694721466172,0.0419781660953637,0.0213863748545124,0.0570124737892307,0.0305319710859657,0.0331433561108676,0.021424893359342,0.0304830045754994,0.0456706340232106
488,169,94,-0.0191911182056051,-0.0528152257112752,-0.0017526328157737,-0.0013020436812454,-0.0183376304280729,-0.0053295760449935,-0.0018796339464455,-0.0046064060149904,-0.0038833045264884,-0.0339592007910645,-0.0137233084124996,-0.3003001709794123,-0.0132093898984641,-0.040329672682151,0.0010203160234347,-0.005353550325779,-0.0682293423969677,-0.0083682109740206,-0.0081001414675785,0.0084625945279566,0.0077951319963883,-0.0036699667000534,-0.0032032576192919,-0.0116266278759391,-0.0530904269075975,-0.0014964508623765,-0.0016894254893944,-0.0055762763801921,-0.0071784580721587,-0.0046990433589032,0.0808033896743664,0.2550608409169819,0.13422239441639,0.0255087579739033,0.1043226960238833,0.0162947001133891,0.0087019575885135,0.0682810723367614,0.2060031552244483,0.1077439152782216,0.148484807124883,1.184004462237691,0.0332475563783544,0.1367896796738776,0.0646014223731791,0.0838473474204638,0.190717293660685,0.1007232275503586,0.0633980763388042,0.0541366080617785,0.0249364490351909,0.0328618833545324,0.0335859064607239,0.0362126214487111,0.0984246665507948,0.0296460274279068,0.0470603858848916,0.0326729621396753,0.0330852512467071,0.0604525814690078
489,170,93,-0.0214661195835088,-0.0398798453425694,-0.0107309817798602,0.0003438546878505,-0.0055189568187058,-0.0474323143382291,0.0010016446683234,-0.003982118138255,-0.0293235763621328,-0.0183119565386199,-0.0199220838766856,-0.3574976048772912,-0.0120309364049091,-0.062660430638952,-0.0284932697650515,-0.0074526278322271,-0.0001993537230482,-0.0005248262959119,-0.0128302909673478,-0.0220279195578795,-0.0079923402581671,-0.008622672307632,-0.003423197108303,-0.0093687662615122,-0.0081437344605125,-0.0201021112150939,-0.0041544364532228,-0.0042469258190731,-0.0081152031009101,-0.0129251588749904,0.0358656872931747,0.3143339678454457,0.1691211705091467,0.0315628452067207,0.0898433800893782,0.2506550394893502,0.0282297193262986,0.0958529129962925,0.1762604572733419,0.0878842296585638,0.1049456775553401,1.1915912144938217,0.0599179103040118,0.2342476856994644,0.0718945231273231,0.0274987374218318,0.0577545171319313,0.0367429347093278,0.0302701273581822,0.0813793553866947,0.0303351920014293,0.044759953824164,0.0272612163188928,0.0479038673346535,0.0480332736560699,0.0710989439206425,0.0310295026955204,0.0166190780469958,0.0480457048519042,0.0359627096668977
490,169,94,0.0011105571503176,-0.0480157415126198,-0.0151285070626913,0.0015915840862589,-0.0435245577465105,-0.0182726150681451,-0.0090323847151599,-0.0545127966686636,-0.0111147616563745,-0.0109443950269234,-0.00259764875155,-0.4183029086624761,-0.0083950743381342,-0.0192053518169311,-0.0099973603030861,-0.0109771888974059,-0.0588080775977089,-0.0072576056055817,-0.006931601192922,-0.0027315957396088,-0.0074556894709445,-0.0089602338576993,-0.0053671645087963,-0.009056604953581,-0.0142164646915667,-0.0106757694281416,-0.0033833625128677,0.0010022458066548,-0.0047393398824624,-0.0047469547357771,0.0137390077836927,0.2856467406582284,0.1339254291875779,0.0361953209680521,0.142027670872044,0.4946057870927564,0.0356857320007806,0.1182099094947069,0.1460550609168533,0.1036481067888314,0.102151200539866,1.3147071610933767,0.0254026828172267,0.0944887209485508,0.038825243541469,0.0228602408992342,0.1168810997878928,0.0624337117843144,0.0186237269459081,0.0318141926834366,0.0454104840014853,0.0213975758597616,0.029922776570676,0.0347951285414371,0.0511450450262235,0.0255926679595709,0.0171999290250705,0.0156299487818025,0.0373320990751187,0.0243931131531106
491,160,103,0.0175705725076581,-0.0555307767915003,-0.011736775980844,-0.0092480903770629,-0.012960921822375,-0.0914258724820771,-0.0011951683101653,-0.0339186707592728,-0.0164736161165097,-0.0245775873960813,0.0053020679345067,-0.40168020614585,-0.0017175018394547,-0.0131865298125614,-0.0152753362900069,0.0063338893916605,-0.0070506836778291,-0.0094615081482827,-0.0056483742660321,-0.0058987877184736,-0.0041701959061142,-0.0105005677037431,-0.0056543107022467,-0.0096465227230117,-0.0127840564496622,-0.0093387458338705,-0.0047513959257207,-0.0044239231625759,-0.0048690693458162,-0.0012024280337018,0.038772455237962,0.2852168048707448,0.0420411019913503,0.040897571384207,0.1495303453636265,0.2377867854900839,0.0042532565973341,0.2126805465864656,0.1310888718204996,0.1301364967955617,0.1054798881837904,1.5421409276720115,0.0171968026372499,0.1082722846056907,0.0648226141622191,0.0932990489961952,0.0665080374965603,0.0430899327512293,0.0255115312776126,0.0266240407557438,0.0242731298729804,0.034354128981103,0.0250046976995562,0.0273164019094437,0.0666763904709065,0.0361217078113528,0.0361162734105558,0.0183583079481581,0.0282291067400178,0.0211443035656735
492,168,95,0.0001241406629291,-0.2552091783887387,-0.0407978136852869,-0.000889351084599,-0.0407381425550032,-0.0156441857854874,-0.0019985617216597,-0.0603795460333735,-0.0491281451243009,-0.022678138305242,0.0103004139080901,-0.3166182852005604,-0.0088119608691768,-0.0104812317760941,-0.0237067574000157,-0.0130594481323682,-0.0316723574921754,-0.0022367315805374,-0.005487418301871,-0.0219012796898046,-0.0068164176922326,-0.0037592240235947,-0.0081986001804819,-0.0020951616935033,-0.0288604121171319,-0.006544010510837,-0.0080792503722256,-0.0050763010887577,-0.0060623019262478,0.0007797410468281,0.0016286018701798,0.4911052153283973,0.1452900357825867,0.0154481906339309,0.1548780472211072,0.057058766132182,0.0129922359213566,0.2707608377520969,0.1643936280030503,0.1255994596309802,0.1083007055001654,1.2542654601555572,0.04819801056583,0.0839668745113031,0.0836421677282489,0.0532824622603163,0.1407409446458768,0.0300174522363005,0.0221164568994875,0.0404465979559671,0.0297091034500379,0.0389957086389195,0.0428330341971863,0.0335192028445747,0.0724982463294148,0.0298024081853468,0.0423233432953181,0.0361430695859509,0.0343438600527051,0.0319129111716911
493,169,94,-0.0005039945535262,-0.2063170276251422,-0.0256059011317779,-7.625194321873304e-05,-0.0106399083145951,-0.010583123103105,-0.000815680765799,-0.0405318464443547,-0.0089271031786634,-0.0320856370090071,-0.0055518173493577,-0.2975725408468368,-0.004526275839636,-0.0123858574867277,-0.0215661533925322,-0.0100414607836141,-0.0813199579095224,-0.0008408595343269,0.0009551188500494,-0.0064696345299064,-0.0045341197546797,-0.0003266363458957,-0.0048599204792345,-0.0060229925905475,-0.0120738977620242,-0.0073308955923924,-0.0086317266440623,-0.0026516585692603,-0.0032807773007784,-0.0107128545781514,0.0030673827189485,0.5319436914601318,0.1607812655022217,0.0165363427794545,0.0813328376619723,0.0682753359790422,0.0958956959833724,0.1463021842486178,0.1577432319214773,0.1147832704987938,0.0709541434001477,1.0348593270031818,0.0318571778794717,0.2040388275761862,0.0480243219721884,0.0194131205876733,0.2142726222758894,0.0534399102129201,0.0178212050086949,0.0378905786315905,0.0186197705539337,0.0191578970339803,0.0140396253118582,0.0227218772166374,0.0742481073429141,0.0602458845560227,0.028614984511451,0.0113944763130251,0.0149615762792267,0.0352933040239362
494,170,93,0.0079964669076859,-0.1183563189662823,-0.015786966918323,-0.0031192279729788,-0.0465781352876241,-0.0222200794011437,-0.0029730675874047,-0.0679557548511938,-0.0396728898657787,-0.0126565013948438,-0.0025619515059012,-0.3954347873504121,-0.006286303591584,-0.0143037839356272,-0.0226705994762951,-0.0003118868385223,-0.0265805355516238,-0.0245118101147669,0.0006994467815966,0.0046059416165056,-0.0058749967959787,-0.0010503745509405,-0.0084957415522344,-0.0042989460667566,-0.0137231868467023,-0.0099347776117643,-0.0070784912342003,-0.0025743232145282,-0.0033918761271217,0.0016742727683746,0.1120237743181693,0.4225179093945593,0.1178155355319504,0.01732824847597,0.1472259098903027,0.0865888847393515,0.0145794906441801,0.2057884092927802,0.195138495875758,0.1538493829200042,0.118632993206395,1.1654449310922494,0.0484830561436143,0.1714901565973671,0.0630966003177708,0.0330759747784586,0.0887393697683951,0.0907172068444289,0.0190488712775337,0.0412747389045172,0.0294655035932732,0.0203794422676985,0.0215063013431794,0.0363906215081367,0.0696359492561923,0.0597142079774786,0.0399945891044014,0.0180331206735125,0.0252085075559676,0.0238045168671899
495,167,96,-0.0073477753558995,-0.0363662937991344,-0.0175752755804016,0.0047837519503385,-0.0707206254289238,-0.0244602308972329,-0.0019565165925804,-0.0248352476375114,-0.0545125863259218,-0.001013203496656,-0.0029292716477109,-0.3040549812528386,-0.0043896385397245,-0.013842312737057,-0.0032551124727255,-0.0063404787583248,-0.0083471030961907,-0.0009943905012018,-0.0041779758252711,-0.0021005710913198,-0.0036238624043214,-0.0078066183503137,-0.0060492912078825,-0.0075668214895805,-0.0077476057325066,-0.0062866148676442,-0.0015784686056131,-0.0028647686867785,0.0020827223175224,0.0008541619357043,0.0902485982243361,0.3137716147797619,0.1565019676189909,0.0376201516820977,0.2250055198764211,0.0721512449053084,0.0096665235047956,0.1184103429214406,0.2318927737530737,0.0059726337136545,0.1683774192590981,1.217320857131729,0.0297969586481471,0.074265268111525,0.0416538520233109,0.0364492264579365,0.0726713665302389,0.0627915206634113,0.0523088812192737,0.0291122287588992,0.0263412208726956,0.0296043058767122,0.0310990229130604,0.0253599244035202,0.1025000106169433,0.0199125640866678,0.025747799525676,0.0369997742538064,0.0320015278728874,0.0294425627531459
496,164,99,-0.0045723059374814,-0.0745695622075295,-0.1108751373211697,-0.0061333820032389,-0.0280078912678537,0.0023876978713318,-0.006700830479232,-0.0302875347657913,-0.0271879117658893,-0.0339565789525079,-0.0042312535816586,-0.0718267450995926,-0.006991706529951,-0.0034890771182437,-0.0197785265344079,-0.0148737186963897,-0.0319562878627275,-0.0076292211837327,-0.0066222616386112,0.0007771158708765,-0.0088916912478349,0.0002418854205343,0.0035287113953,-0.0067548852911886,-0.0094107780628429,-0.0180886682840655,-0.0039703481803345,-0.0025009582019365,0.0061153903639041,-0.0062556117975548,0.1143861026007512,0.292670391940376,0.1900261161665219,0.0328120268027613,0.0787908229800329,0.0536128257279064,0.0375933826153598,0.1438253196401282,0.2479666959816346,0.1342442369895166,0.0761971838316194,1.1032119398807043,0.031169814678552,0.0524106844277453,0.0398788898677779,0.0485442155733891,0.173439702026538,0.0380414428015112,0.0221998050986095,0.0293100043197136,0.0296220213835054,0.0199366929986989,0.0194810911306144,0.0237423680444489,0.0741814724088086,0.0356718776905031,0.0157651772097315,0.0257216166740017,0.033759775824716,0.0279612965285177
497,169,94,-0.0009983317152944,-0.0783002653319663,-0.0423190268370352,0.0113261616692812,-0.0205747213218775,-0.0008472429510102,0.0024015907487059,-0.0138661555467658,-0.0151472969381394,-0.0135407369133779,0.0007178883421413,-0.1773175149523135,-0.0095336206567093,-0.0213004633630704,0.001749359222027,-0.0041258023968682,-0.0250757117294625,0.0016154453418706,-0.0041564268819754,-0.0098176408463706,-0.0045685922959871,-0.0120289177238964,-0.0046146363094856,-0.0025525393856337,-0.0044753755313773,-0.011629047373164,-0.0030739259239063,9.272475487526618e-05,0.0031451949365123,-0.000224689352022,0.0097273992898781,0.2933907799546264,0.2044204370145636,0.0534842116339703,0.0957904538012642,0.0419247095220287,0.0335420242987817,0.1109204896310309,0.1692248270611096,0.1736938388430845,0.1428782465912064,0.972040969538436,0.0461828251912776,0.1995262988788372,0.0520895665597582,0.0317738256579509,0.0925118996617219,0.1217682559492231,0.0602549835082978,0.0393182124008279,0.031282951908782,0.0300373930141868,0.0338811695877221,0.0332372258690474,0.0471233579734867,0.0388503032588438,0.0321255440486984,0.0301521381997014,0.0276153365721031,0.0435758849306019
498,174,89,-8.040787653270185e-05,-0.0864098093093106,-0.0170978488778698,0.0008942305987463,0.002177054940524,-0.0246523206292153,0.000566702772236,0.0097299527372394,-0.0393028138171855,-0.0139360226606132,0.0078075518702955,-0.2645417985630416,-0.0108689324075789,-0.0270956216105036,-0.0093737974782733,0.0031846899522675,-0.0243971473064743,-0.0027220355629149,-0.0047800156159496,0.0031158118976425,-0.0110064964066386,-0.0026953866541637,-0.0054917807254193,-0.0097302556242121,-0.025757303894807,-0.0038963707505017,-0.0057145469057805,-0.0046438846353057,-0.0123701455123842,-0.0101713873409805,0.0005099222495076,0.3277154786800491,0.1009296080842205,0.0162415566861737,0.0995957270736388,0.0956481743808206,0.0074842830188586,0.2283056960512038,0.2511263534131019,0.1195536648086306,0.0663827614918115,1.5369833661847487,0.0286502097794032,0.1059313853485488,0.0298141214780843,0.0508738659032012,0.0670241323645858,0.0242192247354058,0.0300584189295398,0.0333273645205336,0.0208950712959121,0.021723891522579,0.0200612469421166,0.0283440521626117,0.1045287412775417,0.0162898637742927,0.0342438062209166,0.0289761109210318,0.0272871415782023,0.0390228739940566
499,159,104,-0.0206368239167307,-0.1295323735367353,-0.0080619266175044,-0.0028389075756334,0.0057770059681083,-0.0628039420763338,-0.001217735974478,-0.0034833571668664,-0.0103539904609668,-0.0074411300017953,-0.0524448436949478,-0.4359060627290612,-0.0008897609928477,-0.0108981514390651,-0.0092885016800287,0.0020100335748814,-0.0147223046503237,-0.0118537036948843,0.0015993924352439,0.0007083907622472,-0.0008864859020113,-0.0045144346477981,-0.0075288590330886,0.0016573262663678,-0.0171166327060995,-0.0030816112595119,-0.0108758157496615,0.0072250737019099,-0.001881287733496,-0.0009231192486153,0.0347201756014346,0.5265770823147604,0.1415383180767967,0.0250907449246641,0.1759462643562415,0.2470520124891929,0.0063724962368838,0.2024111673846972,0.1632667036495831,0.0620001306455256,0.2388519349190306,1.529241118704793,0.0278063628020962,0.0948954990934968,0.0518827906699826,0.0356819825145309,0.1507862168105054,0.0558486847006226,0.035899416649345,0.0292858387344301,0.0278686285333284,0.0193096727780464,0.017439946981828,0.0255081893651966,0.1209911010109983,0.0196244939539435,0.0364788469947231,0.0531902421859873,0.0330971881185947,0.0274596854706408
